ID,rel_date,actions,rewards,exp_group,exp_phase
217,0,1,1,experimental,basal
217,0,2,1,experimental,basal
217,0,1,1,experimental,basal
217,0,1,1,experimental,basal
217,0,2,1,experimental,basal
217,0,1,1,experimental,basal
217,0,1,1,experimental,basal
217,0,2,1,experimental,basal
217,0,2,1,experimental,basal
217,0,2,1,experimental,basal
217,0,1,1,experimental,basal
217,0,2,1,experimental,basal
217,0,2,1,experimental,basal
217,0,1,1,experimental,basal
217,0,2,1,experimental,basal
217,0,1,1,experimental,basal
217,0,2,1,experimental,basal
217,0,1,1,experimental,basal
217,0,1,1,experimental,basal
217,0,1,1,experimental,basal
217,0,2,1,experimental,basal
217,0,2,1,experimental,basal
217,0,1,1,experimental,basal
217,0,2,1,experimental,basal
217,0,2,1,experimental,basal
217,0,1,1,experimental,basal
217,0,2,1,experimental,basal
217,0,1,1,experimental,basal
217,0,1,1,experimental,basal
217,0,2,1,experimental,basal
217,0,2,1,experimental,basal
217,0,1,1,experimental,basal
217,0,2,1,experimental,basal
217,0,1,1,experimental,basal
217,0,2,1,experimental,basal
217,0,1,1,experimental,basal
217,0,2,1,experimental,basal
217,0,2,1,experimental,basal
217,0,2,1,experimental,basal
217,0,1,1,experimental,basal
217,0,2,1,experimental,basal
217,0,1,1,experimental,basal
217,0,2,1,experimental,basal
217,0,1,1,experimental,basal
217,0,2,1,experimental,basal
217,0,1,1,experimental,basal
217,0,2,1,experimental,basal
217,0,2,1,experimental,basal
217,0,2,1,experimental,basal
217,0,2,1,experimental,basal
217,0,2,1,experimental,basal
217,0,2,1,experimental,basal
217,0,1,1,experimental,basal
217,0,2,1,experimental,basal
217,0,2,1,experimental,basal
217,0,1,1,experimental,basal
217,0,2,1,experimental,basal
217,1,2,1,experimental,basal
217,1,2,1,experimental,basal
217,1,1,1,experimental,basal
217,1,1,1,experimental,basal
217,1,2,1,experimental,basal
217,1,1,1,experimental,basal
217,1,1,1,experimental,basal
217,1,2,1,experimental,basal
217,1,2,1,experimental,basal
217,1,1,1,experimental,basal
217,1,2,1,experimental,basal
217,1,1,1,experimental,basal
217,1,2,1,experimental,basal
217,1,1,1,experimental,basal
217,1,2,1,experimental,basal
217,1,1,1,experimental,basal
217,1,2,1,experimental,basal
217,1,1,1,experimental,basal
217,1,2,1,experimental,basal
217,1,1,1,experimental,basal
217,1,2,1,experimental,basal
217,1,2,1,experimental,basal
217,1,1,1,experimental,basal
217,1,2,1,experimental,basal
217,1,2,1,experimental,basal
217,1,1,1,experimental,basal
217,1,1,1,experimental,basal
217,1,1,1,experimental,basal
217,1,2,1,experimental,basal
217,1,2,1,experimental,basal
217,1,2,1,experimental,basal
217,1,1,1,experimental,basal
217,1,2,1,experimental,basal
217,1,2,1,experimental,basal
217,1,2,1,experimental,basal
217,1,2,1,experimental,basal
217,1,2,1,experimental,basal
217,1,1,1,experimental,basal
217,1,1,1,experimental,basal
217,1,1,1,experimental,basal
217,1,2,1,experimental,basal
217,1,1,1,experimental,basal
217,1,1,1,experimental,basal
217,1,2,1,experimental,basal
217,1,2,1,experimental,basal
217,1,1,1,experimental,basal
217,1,2,1,experimental,basal
217,1,2,1,experimental,basal
217,1,1,1,experimental,basal
217,1,1,1,experimental,basal
217,1,1,1,experimental,basal
217,1,2,1,experimental,basal
217,1,2,1,experimental,basal
217,1,1,1,experimental,basal
217,1,2,1,experimental,basal
217,1,1,1,experimental,basal
217,2,1,1,experimental,basal
217,2,2,1,experimental,basal
217,2,2,1,experimental,basal
217,2,2,1,experimental,basal
217,2,1,1,experimental,basal
217,2,2,1,experimental,basal
217,2,1,1,experimental,basal
217,2,2,1,experimental,basal
217,2,2,1,experimental,basal
217,2,1,1,experimental,basal
217,2,1,1,experimental,basal
217,2,1,1,experimental,basal
217,2,2,1,experimental,basal
217,2,1,1,experimental,basal
217,2,1,1,experimental,basal
217,3,1,1,experimental,basal
217,3,2,1,experimental,basal
217,3,1,1,experimental,basal
217,3,2,1,experimental,basal
217,3,2,1,experimental,basal
217,3,1,1,experimental,basal
217,3,2,1,experimental,basal
217,3,1,1,experimental,basal
217,3,2,1,experimental,basal
217,3,2,1,experimental,basal
217,3,2,1,experimental,basal
217,3,2,1,experimental,basal
217,3,2,1,experimental,basal
217,3,1,1,experimental,basal
217,3,1,1,experimental,basal
217,3,2,1,experimental,basal
217,3,2,1,experimental,basal
217,3,2,1,experimental,basal
217,3,1,1,experimental,basal
217,3,2,1,experimental,basal
217,3,1,1,experimental,basal
217,3,1,1,experimental,basal
217,3,2,1,experimental,basal
217,3,2,1,experimental,basal
217,3,1,1,experimental,basal
217,3,1,1,experimental,basal
217,3,1,1,experimental,basal
217,3,1,1,experimental,basal
217,3,2,1,experimental,basal
217,3,1,1,experimental,basal
217,3,2,1,experimental,basal
217,3,1,1,experimental,basal
217,3,1,1,experimental,basal
217,3,1,1,experimental,basal
217,3,2,1,experimental,basal
217,3,1,1,experimental,basal
217,3,2,1,experimental,basal
217,3,2,1,experimental,basal
217,3,2,1,experimental,basal
217,3,2,1,experimental,basal
217,3,1,1,experimental,basal
217,3,2,1,experimental,basal
217,3,2,1,experimental,basal
217,3,2,1,experimental,basal
217,3,2,1,experimental,basal
217,3,2,1,experimental,basal
217,3,1,1,experimental,basal
217,3,2,1,experimental,basal
217,3,2,1,experimental,basal
217,3,2,1,experimental,basal
217,3,2,1,experimental,basal
217,3,2,1,experimental,basal
217,4,2,1,experimental,basal
217,4,1,1,experimental,basal
217,4,2,1,experimental,basal
217,4,2,1,experimental,basal
217,4,1,1,experimental,basal
217,4,2,1,experimental,basal
217,4,1,1,experimental,basal
217,4,1,1,experimental,basal
217,4,2,1,experimental,basal
217,4,1,1,experimental,basal
217,4,2,1,experimental,basal
217,4,1,1,experimental,basal
217,4,2,1,experimental,basal
217,4,1,1,experimental,basal
217,4,1,1,experimental,basal
217,4,1,1,experimental,basal
217,4,2,1,experimental,basal
217,4,1,1,experimental,basal
217,4,1,1,experimental,basal
217,4,1,1,experimental,basal
217,4,2,1,experimental,basal
217,4,1,1,experimental,basal
217,4,1,1,experimental,basal
217,4,1,1,experimental,basal
217,4,1,1,experimental,basal
217,4,1,1,experimental,basal
217,4,2,1,experimental,basal
217,4,2,1,experimental,basal
217,4,2,1,experimental,basal
217,4,1,1,experimental,basal
217,4,2,1,experimental,basal
217,4,1,1,experimental,basal
217,4,2,1,experimental,basal
217,4,2,1,experimental,basal
217,4,2,1,experimental,basal
217,4,1,1,experimental,basal
217,4,2,1,experimental,basal
217,4,1,1,experimental,basal
217,4,2,1,experimental,basal
217,4,2,1,experimental,basal
217,4,1,1,experimental,basal
217,4,2,1,experimental,basal
217,4,2,1,experimental,basal
217,4,1,1,experimental,basal
217,4,1,1,experimental,basal
217,4,2,1,experimental,basal
217,4,2,1,experimental,basal
217,4,2,1,experimental,basal
217,4,1,1,experimental,basal
217,4,1,1,experimental,basal
217,4,2,1,experimental,basal
217,4,2,1,experimental,basal
217,4,2,1,experimental,basal
217,4,1,1,experimental,basal
217,4,2,1,experimental,basal
217,4,1,1,experimental,basal
217,4,2,1,experimental,basal
217,4,1,1,experimental,basal
217,4,2,1,experimental,basal
217,4,2,1,experimental,basal
217,4,1,1,experimental,basal
217,4,2,1,experimental,basal
217,4,2,1,experimental,basal
217,4,1,1,experimental,basal
217,7,2,1,experimental,basal
217,7,2,1,experimental,basal
217,7,1,1,experimental,basal
217,7,2,1,experimental,basal
217,7,1,1,experimental,basal
217,7,2,1,experimental,basal
217,7,1,1,experimental,basal
217,7,2,1,experimental,basal
217,7,1,1,experimental,basal
217,7,2,1,experimental,basal
217,7,2,1,experimental,basal
217,7,1,1,experimental,basal
217,7,1,1,experimental,basal
217,7,2,1,experimental,basal
217,7,2,1,experimental,basal
217,7,1,1,experimental,basal
217,7,1,1,experimental,basal
217,7,2,1,experimental,basal
217,7,2,1,experimental,basal
217,7,1,1,experimental,basal
217,7,2,1,experimental,basal
217,7,2,1,experimental,basal
217,7,2,1,experimental,basal
217,7,1,1,experimental,basal
217,7,1,1,experimental,basal
217,7,2,1,experimental,basal
217,7,2,1,experimental,basal
217,7,1,1,experimental,basal
217,7,2,1,experimental,basal
217,7,2,1,experimental,basal
217,7,1,1,experimental,basal
217,7,2,1,experimental,basal
217,7,2,1,experimental,basal
217,7,1,1,experimental,basal
217,7,2,1,experimental,basal
217,7,2,1,experimental,basal
217,7,2,1,experimental,basal
217,7,2,1,experimental,basal
217,7,1,1,experimental,basal
217,7,2,1,experimental,basal
217,7,1,1,experimental,basal
217,7,1,1,experimental,basal
217,7,2,1,experimental,basal
217,7,2,1,experimental,basal
217,7,1,1,experimental,basal
217,7,2,1,experimental,basal
217,7,2,1,experimental,basal
217,7,1,1,experimental,basal
217,7,2,1,experimental,basal
217,7,1,1,experimental,basal
217,7,1,1,experimental,basal
217,7,1,1,experimental,basal
217,7,2,1,experimental,basal
217,7,1,1,experimental,basal
217,7,1,1,experimental,basal
217,7,2,1,experimental,basal
217,7,1,1,experimental,basal
217,7,2,1,experimental,basal
217,7,1,1,experimental,basal
217,7,2,1,experimental,basal
217,7,2,1,experimental,basal
217,7,1,1,experimental,basal
217,7,2,1,experimental,basal
217,7,1,1,experimental,basal
217,7,2,1,experimental,basal
217,7,1,1,experimental,basal
217,7,1,1,experimental,basal
217,7,2,1,experimental,basal
217,7,1,1,experimental,basal
217,7,1,1,experimental,basal
217,7,1,1,experimental,basal
217,7,2,1,experimental,basal
217,7,1,1,experimental,basal
217,7,2,1,experimental,basal
217,7,1,1,experimental,basal
217,8,1,1,experimental,basal
217,8,2,1,experimental,basal
217,8,2,1,experimental,basal
217,8,1,1,experimental,basal
217,8,2,1,experimental,basal
217,8,1,1,experimental,basal
217,8,1,1,experimental,basal
217,8,2,1,experimental,basal
217,8,1,1,experimental,basal
217,8,2,1,experimental,basal
217,8,1,1,experimental,basal
217,8,1,1,experimental,basal
217,8,2,1,experimental,basal
217,8,1,1,experimental,basal
217,8,1,1,experimental,basal
217,8,1,1,experimental,basal
217,8,1,1,experimental,basal
217,8,2,1,experimental,basal
217,8,1,1,experimental,basal
217,8,1,1,experimental,basal
217,8,2,1,experimental,basal
217,8,2,1,experimental,basal
217,8,1,1,experimental,basal
217,8,2,1,experimental,basal
217,8,1,1,experimental,basal
217,8,1,1,experimental,basal
217,8,2,1,experimental,basal
217,8,2,1,experimental,basal
217,8,1,1,experimental,basal
217,8,1,1,experimental,basal
217,8,2,1,experimental,basal
217,8,2,1,experimental,basal
217,8,1,1,experimental,basal
217,8,1,1,experimental,basal
217,8,2,1,experimental,basal
217,8,2,1,experimental,basal
217,8,1,1,experimental,basal
217,8,1,1,experimental,basal
217,8,1,1,experimental,basal
217,8,1,1,experimental,basal
217,8,1,1,experimental,basal
217,8,2,1,experimental,basal
217,8,2,1,experimental,basal
217,8,1,1,experimental,basal
217,8,2,1,experimental,basal
217,8,1,1,experimental,basal
217,9,2,1,experimental,basal
217,9,1,1,experimental,basal
217,9,1,1,experimental,basal
217,9,2,1,experimental,basal
217,9,2,1,experimental,basal
217,9,2,1,experimental,basal
217,9,1,1,experimental,basal
217,9,2,1,experimental,basal
217,9,1,1,experimental,basal
217,9,2,1,experimental,basal
217,9,1,1,experimental,basal
217,9,2,1,experimental,basal
217,9,1,1,experimental,basal
217,9,1,1,experimental,basal
217,9,2,1,experimental,basal
217,9,1,1,experimental,basal
217,9,1,1,experimental,basal
217,9,2,1,experimental,basal
217,9,1,1,experimental,basal
217,9,1,1,experimental,basal
217,9,1,1,experimental,basal
217,9,1,1,experimental,basal
217,9,1,1,experimental,basal
217,9,1,1,experimental,basal
217,9,1,1,experimental,basal
217,9,2,1,experimental,basal
217,9,1,1,experimental,basal
217,9,1,1,experimental,basal
217,9,1,1,experimental,basal
217,9,1,1,experimental,basal
217,9,1,1,experimental,basal
217,9,1,1,experimental,basal
217,9,1,1,experimental,basal
217,9,1,1,experimental,basal
217,9,2,1,experimental,basal
217,9,1,1,experimental,basal
217,9,2,1,experimental,basal
217,9,1,1,experimental,basal
217,9,1,1,experimental,basal
217,9,1,1,experimental,basal
217,9,2,1,experimental,basal
217,9,2,1,experimental,basal
217,9,1,1,experimental,basal
217,9,1,1,experimental,basal
217,9,1,1,experimental,basal
217,9,2,1,experimental,basal
217,10,2,1,experimental,basal
217,10,1,1,experimental,basal
217,10,2,1,experimental,basal
217,10,2,1,experimental,basal
217,10,2,1,experimental,basal
217,10,2,1,experimental,basal
217,10,2,1,experimental,basal
217,10,1,1,experimental,basal
217,10,1,1,experimental,basal
217,10,2,1,experimental,basal
217,10,2,1,experimental,basal
217,10,1,1,experimental,basal
217,10,2,1,experimental,basal
217,10,1,1,experimental,basal
217,10,2,1,experimental,basal
217,10,1,1,experimental,basal
217,10,1,1,experimental,basal
217,10,1,1,experimental,basal
217,10,2,1,experimental,basal
217,10,2,1,experimental,basal
217,10,2,1,experimental,basal
217,10,1,1,experimental,basal
217,10,2,1,experimental,basal
217,10,1,1,experimental,basal
217,10,1,1,experimental,basal
217,10,2,1,experimental,basal
217,10,2,1,experimental,basal
217,10,1,1,experimental,basal
217,10,2,1,experimental,basal
217,10,1,1,experimental,basal
217,10,2,1,experimental,basal
217,10,2,1,experimental,basal
217,10,1,1,experimental,basal
217,10,2,1,experimental,basal
217,10,2,1,experimental,basal
217,10,1,1,experimental,basal
217,10,2,1,experimental,basal
217,10,2,1,experimental,basal
217,10,2,1,experimental,basal
217,10,2,1,experimental,basal
217,10,2,1,experimental,basal
217,10,1,1,experimental,basal
217,10,2,1,experimental,basal
217,10,2,1,experimental,basal
217,10,2,1,experimental,basal
217,10,1,1,experimental,basal
217,10,2,1,experimental,basal
217,10,2,1,experimental,basal
217,10,1,1,experimental,basal
217,10,2,1,experimental,basal
217,10,2,1,experimental,basal
217,10,2,1,experimental,basal
217,10,2,1,experimental,basal
217,10,2,1,experimental,basal
217,10,2,1,experimental,basal
217,10,2,1,experimental,basal
217,10,2,1,experimental,basal
217,10,2,1,experimental,basal
217,10,2,1,experimental,basal
217,10,2,1,experimental,basal
217,10,2,1,experimental,basal
217,10,1,1,experimental,basal
217,10,2,1,experimental,basal
217,10,2,1,experimental,basal
217,11,1,1,experimental,basal
217,11,2,1,experimental,basal
217,11,2,1,experimental,basal
217,11,2,1,experimental,basal
217,11,2,1,experimental,basal
217,11,1,1,experimental,basal
217,11,2,1,experimental,basal
217,11,1,1,experimental,basal
217,11,2,1,experimental,basal
217,11,1,1,experimental,basal
217,11,1,1,experimental,basal
217,11,2,1,experimental,basal
217,11,2,1,experimental,basal
217,11,1,1,experimental,basal
217,11,1,0,experimental,basal
217,11,1,1,experimental,basal
217,11,2,1,experimental,basal
217,11,1,1,experimental,basal
217,11,2,1,experimental,basal
217,11,1,1,experimental,basal
217,11,2,1,experimental,basal
217,11,2,1,experimental,basal
217,11,1,1,experimental,basal
217,11,2,1,experimental,basal
217,11,1,1,experimental,basal
217,11,2,1,experimental,basal
217,11,2,1,experimental,basal
217,11,2,1,experimental,basal
217,11,2,1,experimental,basal
217,11,2,1,experimental,basal
217,11,1,1,experimental,basal
217,11,2,1,experimental,basal
217,11,2,1,experimental,basal
217,11,1,1,experimental,basal
217,11,2,1,experimental,basal
217,11,1,1,experimental,basal
217,11,2,1,experimental,basal
217,11,1,1,experimental,basal
217,11,2,1,experimental,basal
217,11,1,1,experimental,basal
217,11,2,1,experimental,basal
217,11,1,1,experimental,basal
217,11,2,1,experimental,basal
217,11,2,1,experimental,basal
217,11,2,1,experimental,basal
217,11,1,1,experimental,basal
217,11,2,1,experimental,basal
217,11,1,1,experimental,basal
217,11,2,1,experimental,basal
217,11,1,1,experimental,basal
217,11,2,1,experimental,basal
217,11,1,1,experimental,basal
217,11,2,1,experimental,basal
217,11,2,1,experimental,basal
217,11,2,1,experimental,basal
217,11,1,1,experimental,basal
217,11,2,1,experimental,basal
217,11,2,1,experimental,basal
217,11,2,1,experimental,basal
217,11,2,1,experimental,basal
217,11,1,1,experimental,basal
217,11,2,1,experimental,basal
217,11,2,1,experimental,basal
217,11,2,1,experimental,basal
217,11,1,1,experimental,basal
217,11,2,1,experimental,basal
217,11,2,1,experimental,basal
217,15,1,1,experimental,basal
217,15,2,1,experimental,basal
217,15,1,1,experimental,basal
217,15,1,1,experimental,basal
217,15,1,1,experimental,basal
217,15,2,1,experimental,basal
217,15,2,1,experimental,basal
217,15,1,1,experimental,basal
217,15,1,1,experimental,basal
217,15,1,1,experimental,basal
217,15,2,1,experimental,basal
217,15,1,1,experimental,basal
217,15,1,1,experimental,basal
217,15,1,1,experimental,basal
217,15,1,1,experimental,basal
217,15,1,1,experimental,basal
217,15,1,1,experimental,basal
217,15,2,1,experimental,basal
217,15,1,1,experimental,basal
217,15,2,1,experimental,basal
217,15,1,1,experimental,basal
217,15,2,1,experimental,basal
217,15,1,1,experimental,basal
217,15,2,1,experimental,basal
217,15,2,1,experimental,basal
217,15,1,1,experimental,basal
217,15,2,1,experimental,basal
217,15,2,1,experimental,basal
217,15,2,1,experimental,basal
217,15,1,1,experimental,basal
217,15,2,1,experimental,basal
217,15,2,1,experimental,basal
217,15,1,1,experimental,basal
217,15,2,1,experimental,basal
217,15,2,1,experimental,basal
217,15,2,1,experimental,basal
217,15,1,1,experimental,basal
217,15,1,1,experimental,basal
217,15,1,1,experimental,basal
217,15,1,1,experimental,basal
217,15,2,1,experimental,basal
217,15,1,1,experimental,basal
217,15,2,1,experimental,basal
217,15,2,1,experimental,basal
217,15,1,1,experimental,basal
217,15,1,1,experimental,basal
217,15,2,1,experimental,basal
217,15,1,1,experimental,basal
217,15,1,1,experimental,basal
217,16,2,1,experimental,experimental
217,16,2,1,experimental,experimental
217,16,1,1,experimental,experimental
217,16,2,1,experimental,experimental
217,16,1,0,experimental,experimental
217,16,1,1,experimental,experimental
217,16,2,1,experimental,experimental
217,16,2,1,experimental,experimental
217,16,1,0,experimental,experimental
217,16,1,0,experimental,experimental
217,16,2,1,experimental,experimental
217,16,2,1,experimental,experimental
217,16,2,1,experimental,experimental
217,16,2,1,experimental,experimental
217,16,2,1,experimental,experimental
217,16,1,1,experimental,experimental
217,16,1,1,experimental,experimental
217,16,1,1,experimental,experimental
217,16,2,1,experimental,experimental
217,16,2,1,experimental,experimental
217,16,2,1,experimental,experimental
217,16,1,0,experimental,experimental
217,16,2,1,experimental,experimental
217,16,2,1,experimental,experimental
217,16,2,1,experimental,experimental
217,16,2,1,experimental,experimental
217,16,2,1,experimental,experimental
217,16,2,1,experimental,experimental
217,16,2,1,experimental,experimental
217,16,2,1,experimental,experimental
217,16,2,1,experimental,experimental
217,16,2,1,experimental,experimental
217,16,1,0,experimental,experimental
217,16,2,1,experimental,experimental
217,16,2,1,experimental,experimental
217,16,2,1,experimental,experimental
217,16,1,0,experimental,experimental
217,16,2,1,experimental,experimental
217,16,2,1,experimental,experimental
217,16,1,0,experimental,experimental
217,16,2,1,experimental,experimental
217,16,1,1,experimental,experimental
217,16,2,1,experimental,experimental
217,16,2,1,experimental,experimental
217,16,2,1,experimental,experimental
217,16,2,1,experimental,experimental
217,16,2,1,experimental,experimental
217,16,2,1,experimental,experimental
217,16,2,1,experimental,experimental
217,16,2,1,experimental,experimental
217,16,2,1,experimental,experimental
217,16,2,1,experimental,experimental
217,16,2,1,experimental,experimental
217,16,2,1,experimental,experimental
217,16,2,1,experimental,experimental
217,16,2,1,experimental,experimental
217,16,2,1,experimental,experimental
217,16,2,1,experimental,experimental
217,17,1,1,experimental,experimental
217,17,2,0,experimental,experimental
217,17,1,1,experimental,experimental
217,17,2,0,experimental,experimental
217,17,2,1,experimental,experimental
217,17,1,1,experimental,experimental
217,17,1,1,experimental,experimental
217,17,2,1,experimental,experimental
217,17,1,1,experimental,experimental
217,17,2,1,experimental,experimental
217,17,1,1,experimental,experimental
217,17,1,1,experimental,experimental
217,17,1,1,experimental,experimental
217,17,2,1,experimental,experimental
217,17,1,1,experimental,experimental
217,17,2,0,experimental,experimental
217,17,2,1,experimental,experimental
217,17,1,1,experimental,experimental
217,17,1,1,experimental,experimental
217,17,1,1,experimental,experimental
217,17,2,0,experimental,experimental
217,17,2,1,experimental,experimental
217,17,1,1,experimental,experimental
217,17,2,0,experimental,experimental
217,17,1,1,experimental,experimental
217,17,1,1,experimental,experimental
217,17,2,0,experimental,experimental
217,17,2,0,experimental,experimental
217,17,2,0,experimental,experimental
217,17,1,1,experimental,experimental
217,17,1,1,experimental,experimental
217,17,1,1,experimental,experimental
217,17,1,1,experimental,experimental
217,17,2,0,experimental,experimental
217,17,1,1,experimental,experimental
217,17,1,1,experimental,experimental
217,17,2,1,experimental,experimental
217,17,2,1,experimental,experimental
217,17,1,1,experimental,experimental
217,17,2,0,experimental,experimental
217,17,2,0,experimental,experimental
217,17,1,1,experimental,experimental
217,17,1,1,experimental,experimental
217,17,1,1,experimental,experimental
217,17,2,0,experimental,experimental
217,17,1,1,experimental,experimental
217,17,1,1,experimental,experimental
217,17,2,1,experimental,experimental
217,17,1,1,experimental,experimental
217,17,1,1,experimental,experimental
217,17,2,1,experimental,experimental
217,17,1,1,experimental,experimental
217,17,2,1,experimental,experimental
217,17,1,1,experimental,experimental
217,17,2,0,experimental,experimental
217,17,1,1,experimental,experimental
217,17,1,1,experimental,experimental
217,17,2,1,experimental,experimental
217,17,2,0,experimental,experimental
217,17,1,1,experimental,experimental
217,17,1,1,experimental,experimental
217,17,1,1,experimental,experimental
217,17,2,1,experimental,experimental
217,17,2,0,experimental,experimental
217,18,2,1,experimental,experimental
217,18,2,1,experimental,experimental
217,18,2,1,experimental,experimental
217,18,1,1,experimental,experimental
217,18,1,0,experimental,experimental
217,18,1,1,experimental,experimental
217,18,2,1,experimental,experimental
217,18,1,1,experimental,experimental
217,18,1,1,experimental,experimental
217,18,2,1,experimental,experimental
217,18,1,0,experimental,experimental
217,18,2,1,experimental,experimental
217,18,1,0,experimental,experimental
217,18,2,1,experimental,experimental
217,18,2,1,experimental,experimental
217,18,1,1,experimental,experimental
217,18,2,1,experimental,experimental
217,18,2,1,experimental,experimental
217,18,1,1,experimental,experimental
217,18,2,1,experimental,experimental
217,18,2,1,experimental,experimental
217,18,2,1,experimental,experimental
217,18,2,1,experimental,experimental
217,18,2,1,experimental,experimental
217,18,2,1,experimental,experimental
217,18,1,0,experimental,experimental
217,18,2,1,experimental,experimental
217,18,2,1,experimental,experimental
217,18,1,0,experimental,experimental
217,18,2,1,experimental,experimental
217,18,2,1,experimental,experimental
217,18,1,0,experimental,experimental
217,18,2,1,experimental,experimental
217,18,2,1,experimental,experimental
217,18,2,1,experimental,experimental
217,18,2,1,experimental,experimental
217,18,2,1,experimental,experimental
217,18,1,1,experimental,experimental
217,18,2,1,experimental,experimental
217,18,2,1,experimental,experimental
217,18,1,0,experimental,experimental
217,18,2,1,experimental,experimental
217,18,2,1,experimental,experimental
217,18,2,1,experimental,experimental
217,18,2,1,experimental,experimental
217,18,2,1,experimental,experimental
217,18,2,1,experimental,experimental
217,18,2,1,experimental,experimental
217,18,2,1,experimental,experimental
217,18,2,1,experimental,experimental
217,18,1,1,experimental,experimental
217,18,2,1,experimental,experimental
217,18,1,1,experimental,experimental
217,18,1,1,experimental,experimental
217,18,2,1,experimental,experimental
217,18,2,1,experimental,experimental
217,18,1,0,experimental,experimental
217,18,1,0,experimental,experimental
217,18,1,0,experimental,experimental
217,18,1,0,experimental,experimental
217,18,1,0,experimental,experimental
217,18,2,1,experimental,experimental
217,18,2,1,experimental,experimental
217,21,1,1,experimental,experimental
217,21,1,1,experimental,experimental
217,21,2,0,experimental,experimental
217,21,1,1,experimental,experimental
217,21,1,1,experimental,experimental
217,21,1,1,experimental,experimental
217,21,1,1,experimental,experimental
217,21,2,1,experimental,experimental
217,21,1,1,experimental,experimental
217,21,1,1,experimental,experimental
217,21,2,1,experimental,experimental
217,21,1,1,experimental,experimental
217,21,1,1,experimental,experimental
217,21,1,1,experimental,experimental
217,21,1,1,experimental,experimental
217,21,2,1,experimental,experimental
217,21,1,1,experimental,experimental
217,21,1,1,experimental,experimental
217,21,1,1,experimental,experimental
217,21,2,0,experimental,experimental
217,21,1,1,experimental,experimental
217,21,2,0,experimental,experimental
217,21,1,1,experimental,experimental
217,21,2,1,experimental,experimental
217,21,1,1,experimental,experimental
217,21,2,1,experimental,experimental
217,21,2,0,experimental,experimental
217,21,1,1,experimental,experimental
217,21,2,0,experimental,experimental
217,21,2,0,experimental,experimental
217,21,1,1,experimental,experimental
217,21,2,1,experimental,experimental
217,21,1,1,experimental,experimental
217,21,2,0,experimental,experimental
217,21,1,1,experimental,experimental
217,21,1,1,experimental,experimental
217,21,1,1,experimental,experimental
217,21,2,1,experimental,experimental
217,21,2,1,experimental,experimental
217,21,1,1,experimental,experimental
217,21,2,0,experimental,experimental
217,21,1,1,experimental,experimental
217,21,2,1,experimental,experimental
217,21,1,1,experimental,experimental
217,21,2,0,experimental,experimental
217,21,2,0,experimental,experimental
217,21,1,1,experimental,experimental
217,21,2,0,experimental,experimental
217,21,1,1,experimental,experimental
217,21,2,0,experimental,experimental
217,21,1,1,experimental,experimental
217,21,2,1,experimental,experimental
217,21,1,1,experimental,experimental
217,21,1,1,experimental,experimental
217,21,2,0,experimental,experimental
217,21,1,1,experimental,experimental
217,21,2,0,experimental,experimental
217,21,2,1,experimental,experimental
217,21,2,1,experimental,experimental
217,21,1,1,experimental,experimental
217,21,2,0,experimental,experimental
217,21,1,1,experimental,experimental
217,21,2,1,experimental,experimental
217,21,2,1,experimental,experimental
217,21,1,1,experimental,experimental
217,21,2,1,experimental,experimental
217,21,1,1,experimental,experimental
217,21,2,1,experimental,experimental
217,21,2,0,experimental,experimental
217,21,2,1,experimental,experimental
217,21,2,0,experimental,experimental
217,21,2,0,experimental,experimental
217,21,1,1,experimental,experimental
217,21,1,1,experimental,experimental
217,22,1,0,experimental,experimental
217,22,1,1,experimental,experimental
217,22,2,1,experimental,experimental
217,22,1,1,experimental,experimental
217,22,1,1,experimental,experimental
217,22,1,1,experimental,experimental
217,22,1,1,experimental,experimental
217,22,1,0,experimental,experimental
217,22,2,1,experimental,experimental
217,22,1,1,experimental,experimental
217,22,2,1,experimental,experimental
217,22,2,1,experimental,experimental
217,22,1,1,experimental,experimental
217,22,1,1,experimental,experimental
217,22,2,1,experimental,experimental
217,22,2,1,experimental,experimental
217,22,1,1,experimental,experimental
217,22,2,1,experimental,experimental
217,22,1,0,experimental,experimental
217,22,2,1,experimental,experimental
217,22,1,0,experimental,experimental
217,22,2,1,experimental,experimental
217,22,1,0,experimental,experimental
217,22,2,1,experimental,experimental
217,22,2,1,experimental,experimental
217,22,2,1,experimental,experimental
217,22,1,1,experimental,experimental
217,22,2,1,experimental,experimental
217,22,1,0,experimental,experimental
217,22,2,1,experimental,experimental
217,22,2,1,experimental,experimental
217,22,2,1,experimental,experimental
217,22,1,1,experimental,experimental
217,22,2,1,experimental,experimental
217,22,2,1,experimental,experimental
217,22,2,1,experimental,experimental
217,22,2,1,experimental,experimental
217,22,1,1,experimental,experimental
217,22,1,0,experimental,experimental
217,22,1,0,experimental,experimental
217,22,2,1,experimental,experimental
217,22,1,1,experimental,experimental
217,22,2,1,experimental,experimental
217,22,2,1,experimental,experimental
217,22,2,1,experimental,experimental
217,22,2,1,experimental,experimental
217,22,2,1,experimental,experimental
217,22,1,0,experimental,experimental
217,22,2,1,experimental,experimental
217,22,2,1,experimental,experimental
217,22,2,1,experimental,experimental
217,22,2,1,experimental,experimental
217,22,1,0,experimental,experimental
217,22,2,1,experimental,experimental
217,22,2,1,experimental,experimental
217,22,2,1,experimental,experimental
217,22,2,1,experimental,experimental
217,22,2,1,experimental,experimental
217,22,1,1,experimental,experimental
217,22,1,1,experimental,experimental
217,22,2,1,experimental,experimental
217,22,2,1,experimental,experimental
217,22,1,1,experimental,experimental
217,22,2,1,experimental,experimental
217,22,2,1,experimental,experimental
217,22,1,1,experimental,experimental
217,22,2,1,experimental,experimental
217,22,1,1,experimental,experimental
217,22,2,1,experimental,experimental
217,22,2,1,experimental,experimental
217,22,1,0,experimental,experimental
217,22,2,1,experimental,experimental
217,22,2,1,experimental,experimental
217,23,1,1,experimental,experimental
217,23,1,1,experimental,experimental
217,23,1,1,experimental,experimental
217,23,1,1,experimental,experimental
217,23,2,0,experimental,experimental
217,23,2,1,experimental,experimental
217,23,2,1,experimental,experimental
217,23,1,1,experimental,experimental
217,23,2,0,experimental,experimental
217,23,2,1,experimental,experimental
217,23,2,0,experimental,experimental
217,23,2,0,experimental,experimental
217,23,1,1,experimental,experimental
217,23,1,1,experimental,experimental
217,23,1,1,experimental,experimental
217,23,1,1,experimental,experimental
217,23,1,1,experimental,experimental
217,23,1,1,experimental,experimental
217,23,2,0,experimental,experimental
217,23,1,1,experimental,experimental
217,23,1,1,experimental,experimental
217,23,1,1,experimental,experimental
217,23,2,1,experimental,experimental
217,23,1,1,experimental,experimental
217,23,2,1,experimental,experimental
217,23,2,0,experimental,experimental
217,23,2,0,experimental,experimental
217,23,2,0,experimental,experimental
217,23,2,1,experimental,experimental
217,23,2,1,experimental,experimental
217,23,1,1,experimental,experimental
217,23,2,1,experimental,experimental
217,23,2,1,experimental,experimental
217,23,1,1,experimental,experimental
217,23,2,0,experimental,experimental
217,23,2,0,experimental,experimental
217,23,2,0,experimental,experimental
217,23,1,1,experimental,experimental
217,23,1,1,experimental,experimental
217,23,2,1,experimental,experimental
217,23,2,1,experimental,experimental
217,23,1,1,experimental,experimental
217,23,2,0,experimental,experimental
217,23,2,1,experimental,experimental
217,23,1,1,experimental,experimental
217,23,2,0,experimental,experimental
217,23,2,0,experimental,experimental
217,23,2,0,experimental,experimental
217,23,2,0,experimental,experimental
217,23,1,1,experimental,experimental
217,23,2,0,experimental,experimental
217,23,1,1,experimental,experimental
217,23,1,1,experimental,experimental
217,23,2,1,experimental,experimental
217,23,2,1,experimental,experimental
217,23,1,1,experimental,experimental
217,23,2,1,experimental,experimental
217,23,2,0,experimental,experimental
217,23,2,0,experimental,experimental
217,23,2,0,experimental,experimental
217,23,1,1,experimental,experimental
217,23,2,0,experimental,experimental
217,23,1,1,experimental,experimental
217,23,2,1,experimental,experimental
217,23,2,1,experimental,experimental
217,23,1,1,experimental,experimental
217,24,2,1,experimental,experimental
217,24,1,0,experimental,experimental
217,24,2,1,experimental,experimental
217,24,1,1,experimental,experimental
217,24,2,1,experimental,experimental
217,24,2,1,experimental,experimental
217,24,2,1,experimental,experimental
217,24,2,1,experimental,experimental
217,24,1,1,experimental,experimental
217,24,2,1,experimental,experimental
217,24,1,1,experimental,experimental
217,24,2,1,experimental,experimental
217,24,1,1,experimental,experimental
217,24,2,1,experimental,experimental
217,24,2,1,experimental,experimental
217,24,1,1,experimental,experimental
217,24,2,1,experimental,experimental
217,24,1,1,experimental,experimental
217,24,1,1,experimental,experimental
217,24,2,1,experimental,experimental
217,24,1,1,experimental,experimental
217,24,2,1,experimental,experimental
217,24,2,1,experimental,experimental
217,24,2,1,experimental,experimental
217,24,1,1,experimental,experimental
217,24,2,1,experimental,experimental
217,24,1,1,experimental,experimental
217,24,2,1,experimental,experimental
217,24,1,0,experimental,experimental
217,24,2,1,experimental,experimental
217,24,2,1,experimental,experimental
217,24,2,1,experimental,experimental
217,24,2,1,experimental,experimental
217,24,1,0,experimental,experimental
217,24,2,1,experimental,experimental
217,24,2,1,experimental,experimental
217,24,1,1,experimental,experimental
217,24,2,1,experimental,experimental
217,24,2,1,experimental,experimental
217,24,1,0,experimental,experimental
217,24,1,0,experimental,experimental
217,24,1,1,experimental,experimental
217,24,2,1,experimental,experimental
217,24,2,1,experimental,experimental
217,24,1,1,experimental,experimental
217,24,2,1,experimental,experimental
217,24,2,1,experimental,experimental
217,24,2,1,experimental,experimental
217,24,1,1,experimental,experimental
217,24,2,1,experimental,experimental
217,24,2,1,experimental,experimental
217,24,2,1,experimental,experimental
217,24,1,1,experimental,experimental
217,24,2,1,experimental,experimental
217,24,2,1,experimental,experimental
217,24,1,0,experimental,experimental
217,24,2,1,experimental,experimental
217,24,2,1,experimental,experimental
217,24,1,0,experimental,experimental
217,24,1,1,experimental,experimental
217,24,2,1,experimental,experimental
217,24,1,0,experimental,experimental
217,24,2,1,experimental,experimental
217,24,2,1,experimental,experimental
217,24,1,0,experimental,experimental
217,28,1,1,experimental,experimental
217,28,2,1,experimental,experimental
217,28,1,1,experimental,experimental
217,28,1,1,experimental,experimental
217,28,2,1,experimental,experimental
217,28,1,1,experimental,experimental
217,28,2,0,experimental,experimental
217,28,1,1,experimental,experimental
217,28,1,1,experimental,experimental
217,28,1,1,experimental,experimental
217,28,1,1,experimental,experimental
217,28,2,1,experimental,experimental
217,28,1,1,experimental,experimental
217,28,2,1,experimental,experimental
217,28,1,1,experimental,experimental
217,28,1,1,experimental,experimental
217,28,2,1,experimental,experimental
217,28,2,0,experimental,experimental
217,28,1,1,experimental,experimental
217,28,2,0,experimental,experimental
217,28,1,1,experimental,experimental
217,28,2,0,experimental,experimental
217,28,1,1,experimental,experimental
217,28,2,1,experimental,experimental
217,28,2,0,experimental,experimental
217,28,1,1,experimental,experimental
217,28,1,1,experimental,experimental
217,28,2,0,experimental,experimental
217,28,1,1,experimental,experimental
217,28,1,1,experimental,experimental
217,28,1,1,experimental,experimental
217,28,2,0,experimental,experimental
217,28,1,1,experimental,experimental
217,28,2,0,experimental,experimental
217,28,2,0,experimental,experimental
217,28,1,1,experimental,experimental
217,28,1,1,experimental,experimental
217,28,2,1,experimental,experimental
217,28,2,1,experimental,experimental
217,28,1,1,experimental,experimental
217,28,2,0,experimental,experimental
217,28,1,1,experimental,experimental
217,28,1,1,experimental,experimental
217,28,2,1,experimental,experimental
217,28,2,0,experimental,experimental
217,28,1,1,experimental,experimental
217,28,1,1,experimental,experimental
217,28,2,0,experimental,experimental
217,28,1,1,experimental,experimental
217,28,2,1,experimental,experimental
217,28,2,0,experimental,experimental
217,28,1,1,experimental,experimental
217,28,1,1,experimental,experimental
217,28,2,0,experimental,experimental
217,28,1,1,experimental,experimental
217,28,1,1,experimental,experimental
217,28,1,1,experimental,experimental
217,28,1,1,experimental,experimental
217,28,2,1,experimental,experimental
217,28,2,1,experimental,experimental
217,28,2,0,experimental,experimental
217,28,1,1,experimental,experimental
217,28,1,1,experimental,experimental
217,28,2,0,experimental,experimental
217,28,1,1,experimental,experimental
217,28,2,0,experimental,experimental
217,29,1,0,experimental,experimental
217,29,2,1,experimental,experimental
217,29,1,0,experimental,experimental
217,29,1,1,experimental,experimental
217,29,1,0,experimental,experimental
217,29,2,1,experimental,experimental
217,29,1,0,experimental,experimental
217,29,2,1,experimental,experimental
217,29,2,1,experimental,experimental
217,29,1,1,experimental,experimental
217,29,2,1,experimental,experimental
217,29,2,1,experimental,experimental
217,29,2,1,experimental,experimental
217,29,2,1,experimental,experimental
217,29,1,0,experimental,experimental
217,29,2,1,experimental,experimental
217,29,1,1,experimental,experimental
217,29,2,1,experimental,experimental
217,29,2,1,experimental,experimental
217,29,2,1,experimental,experimental
217,29,2,1,experimental,experimental
217,29,2,1,experimental,experimental
217,29,1,0,experimental,experimental
217,29,2,1,experimental,experimental
217,29,2,1,experimental,experimental
217,29,2,1,experimental,experimental
217,29,2,1,experimental,experimental
217,29,1,1,experimental,experimental
217,29,2,1,experimental,experimental
217,29,2,1,experimental,experimental
217,29,2,1,experimental,experimental
217,29,2,1,experimental,experimental
217,29,2,1,experimental,experimental
217,29,1,1,experimental,experimental
217,29,2,1,experimental,experimental
217,29,2,1,experimental,experimental
217,29,1,0,experimental,experimental
217,29,2,1,experimental,experimental
217,29,1,0,experimental,experimental
217,29,2,1,experimental,experimental
217,29,2,1,experimental,experimental
217,29,2,1,experimental,experimental
217,29,2,1,experimental,experimental
217,29,2,1,experimental,experimental
217,29,2,1,experimental,experimental
217,29,2,1,experimental,experimental
217,29,2,1,experimental,experimental
217,29,2,1,experimental,experimental
217,29,2,1,experimental,experimental
217,29,1,0,experimental,experimental
217,29,2,1,experimental,experimental
217,29,1,0,experimental,experimental
217,29,2,1,experimental,experimental
217,29,2,1,experimental,experimental
217,29,2,1,experimental,experimental
217,29,2,1,experimental,experimental
217,29,2,1,experimental,experimental
217,29,2,1,experimental,experimental
217,29,2,1,experimental,experimental
217,29,2,1,experimental,experimental
217,29,2,1,experimental,experimental
217,29,2,1,experimental,experimental
217,29,2,1,experimental,experimental
217,29,2,1,experimental,experimental
217,29,2,1,experimental,experimental
217,29,2,1,experimental,experimental
217,29,2,1,experimental,experimental
217,29,2,1,experimental,experimental
217,29,2,1,experimental,experimental
217,30,2,0,experimental,experimental
217,30,2,1,experimental,experimental
217,30,2,0,experimental,experimental
217,30,1,1,experimental,experimental
217,30,2,1,experimental,experimental
217,30,1,1,experimental,experimental
217,30,1,1,experimental,experimental
217,30,2,0,experimental,experimental
217,30,2,1,experimental,experimental
217,30,2,0,experimental,experimental
217,30,2,0,experimental,experimental
217,30,2,0,experimental,experimental
217,30,1,1,experimental,experimental
217,30,2,0,experimental,experimental
217,30,2,1,experimental,experimental
217,30,1,1,experimental,experimental
217,30,2,1,experimental,experimental
217,30,2,0,experimental,experimental
217,30,1,1,experimental,experimental
217,30,2,0,experimental,experimental
217,30,2,1,experimental,experimental
217,30,2,1,experimental,experimental
217,30,2,1,experimental,experimental
217,30,2,1,experimental,experimental
217,30,2,0,experimental,experimental
217,30,1,1,experimental,experimental
217,30,2,0,experimental,experimental
217,30,2,1,experimental,experimental
217,30,2,1,experimental,experimental
217,30,1,1,experimental,experimental
217,30,1,1,experimental,experimental
217,30,2,1,experimental,experimental
217,30,2,0,experimental,experimental
217,30,2,0,experimental,experimental
217,30,2,0,experimental,experimental
217,30,1,1,experimental,experimental
217,30,1,1,experimental,experimental
217,30,2,1,experimental,experimental
217,30,1,1,experimental,experimental
217,30,1,1,experimental,experimental
217,30,2,0,experimental,experimental
217,30,1,1,experimental,experimental
217,30,2,1,experimental,experimental
217,30,1,1,experimental,experimental
217,30,2,0,experimental,experimental
217,30,2,0,experimental,experimental
217,30,2,0,experimental,experimental
217,30,1,1,experimental,experimental
217,30,2,1,experimental,experimental
217,30,2,0,experimental,experimental
217,30,1,1,experimental,experimental
217,30,1,1,experimental,experimental
217,30,2,1,experimental,experimental
217,30,2,1,experimental,experimental
217,30,2,1,experimental,experimental
217,30,2,1,experimental,experimental
217,30,2,0,experimental,experimental
217,30,1,1,experimental,experimental
217,30,1,1,experimental,experimental
217,30,2,1,experimental,experimental
217,30,1,1,experimental,experimental
217,30,2,1,experimental,experimental
217,30,2,1,experimental,experimental
217,31,2,1,experimental,experimental
217,31,2,1,experimental,experimental
217,31,1,1,experimental,experimental
217,31,2,1,experimental,experimental
217,31,2,1,experimental,experimental
217,31,1,1,experimental,experimental
217,31,2,1,experimental,experimental
217,31,2,1,experimental,experimental
217,31,1,1,experimental,experimental
217,31,2,1,experimental,experimental
217,31,1,1,experimental,experimental
217,31,1,1,experimental,experimental
217,31,1,0,experimental,experimental
217,31,2,1,experimental,experimental
217,31,2,1,experimental,experimental
217,31,2,1,experimental,experimental
217,31,2,1,experimental,experimental
217,31,2,1,experimental,experimental
217,31,1,0,experimental,experimental
217,31,2,1,experimental,experimental
217,31,2,1,experimental,experimental
217,31,2,1,experimental,experimental
217,31,2,1,experimental,experimental
217,31,2,1,experimental,experimental
217,31,2,1,experimental,experimental
217,31,1,1,experimental,experimental
217,31,2,1,experimental,experimental
217,31,2,1,experimental,experimental
217,31,2,1,experimental,experimental
217,31,2,1,experimental,experimental
217,31,1,0,experimental,experimental
217,31,2,1,experimental,experimental
217,31,2,1,experimental,experimental
217,31,2,1,experimental,experimental
217,31,2,1,experimental,experimental
217,31,1,1,experimental,experimental
217,31,1,1,experimental,experimental
217,31,2,1,experimental,experimental
217,31,2,1,experimental,experimental
217,31,1,1,experimental,experimental
217,31,2,1,experimental,experimental
217,31,2,1,experimental,experimental
217,31,2,1,experimental,experimental
217,31,1,0,experimental,experimental
217,31,2,1,experimental,experimental
217,31,2,1,experimental,experimental
217,31,1,0,experimental,experimental
217,31,2,1,experimental,experimental
217,31,2,1,experimental,experimental
217,31,1,1,experimental,experimental
217,31,1,0,experimental,experimental
217,31,2,1,experimental,experimental
217,31,1,0,experimental,experimental
217,31,2,1,experimental,experimental
217,31,2,1,experimental,experimental
217,32,1,1,experimental,experimental
217,32,2,0,experimental,experimental
217,32,1,1,experimental,experimental
217,32,2,1,experimental,experimental
217,32,2,1,experimental,experimental
217,32,1,1,experimental,experimental
217,32,2,1,experimental,experimental
217,32,1,1,experimental,experimental
217,32,2,0,experimental,experimental
217,32,2,1,experimental,experimental
217,32,2,1,experimental,experimental
217,32,2,1,experimental,experimental
217,32,1,1,experimental,experimental
217,32,2,1,experimental,experimental
217,32,1,1,experimental,experimental
217,32,1,1,experimental,experimental
217,32,2,1,experimental,experimental
217,32,2,1,experimental,experimental
217,32,2,1,experimental,experimental
217,32,1,1,experimental,experimental
217,32,2,1,experimental,experimental
217,32,2,0,experimental,experimental
217,32,2,1,experimental,experimental
217,32,1,1,experimental,experimental
217,32,2,1,experimental,experimental
217,32,1,1,experimental,experimental
217,32,2,0,experimental,experimental
217,32,1,1,experimental,experimental
217,32,2,0,experimental,experimental
217,32,1,1,experimental,experimental
217,32,1,1,experimental,experimental
217,32,2,0,experimental,experimental
217,32,2,0,experimental,experimental
217,32,1,1,experimental,experimental
217,32,1,1,experimental,experimental
217,32,1,1,experimental,experimental
217,32,2,0,experimental,experimental
217,32,1,1,experimental,experimental
217,32,2,1,experimental,experimental
217,32,1,1,experimental,experimental
217,32,1,1,experimental,experimental
217,35,1,1,experimental,experimental
217,35,2,1,experimental,experimental
217,35,2,1,experimental,experimental
217,35,2,1,experimental,experimental
217,35,1,1,experimental,experimental
217,35,2,1,experimental,experimental
217,35,2,1,experimental,experimental
217,35,2,1,experimental,experimental
217,35,1,1,experimental,experimental
217,35,2,1,experimental,experimental
217,35,1,1,experimental,experimental
217,35,2,1,experimental,experimental
217,35,1,1,experimental,experimental
217,35,2,1,experimental,experimental
217,35,1,1,experimental,experimental
217,35,2,1,experimental,experimental
217,35,2,1,experimental,experimental
217,35,2,1,experimental,experimental
217,35,2,1,experimental,experimental
217,35,2,1,experimental,experimental
217,35,2,1,experimental,experimental
217,35,2,1,experimental,experimental
217,35,2,1,experimental,experimental
217,35,2,1,experimental,experimental
217,35,2,1,experimental,experimental
217,35,2,1,experimental,experimental
217,35,1,1,experimental,experimental
217,35,2,1,experimental,experimental
217,35,1,1,experimental,experimental
217,35,2,1,experimental,experimental
217,35,2,1,experimental,experimental
217,35,1,1,experimental,experimental
217,35,2,1,experimental,experimental
217,35,1,1,experimental,experimental
217,35,2,1,experimental,experimental
217,35,1,1,experimental,experimental
217,35,2,1,experimental,experimental
217,35,2,1,experimental,experimental
217,35,1,1,experimental,experimental
217,35,1,1,experimental,experimental
217,35,2,1,experimental,experimental
217,35,1,1,experimental,experimental
217,35,2,1,experimental,experimental
217,35,1,1,experimental,experimental
217,35,1,1,experimental,experimental
217,35,2,1,experimental,experimental
217,35,2,1,experimental,experimental
217,36,1,1,experimental,experimental
217,36,2,0,experimental,experimental
217,36,1,1,experimental,experimental
217,36,2,1,experimental,experimental
217,36,1,1,experimental,experimental
217,36,2,1,experimental,experimental
217,36,2,1,experimental,experimental
217,36,1,1,experimental,experimental
217,36,2,1,experimental,experimental
217,36,2,1,experimental,experimental
217,36,1,1,experimental,experimental
217,36,1,1,experimental,experimental
217,36,1,1,experimental,experimental
217,36,2,1,experimental,experimental
217,36,1,1,experimental,experimental
217,36,1,1,experimental,experimental
217,36,2,1,experimental,experimental
217,36,2,1,experimental,experimental
217,36,1,1,experimental,experimental
217,36,1,1,experimental,experimental
217,36,1,1,experimental,experimental
217,36,2,1,experimental,experimental
217,36,2,0,experimental,experimental
217,36,1,1,experimental,experimental
217,36,2,1,experimental,experimental
217,36,1,1,experimental,experimental
217,36,2,1,experimental,experimental
217,36,2,1,experimental,experimental
217,36,2,0,experimental,experimental
217,36,1,1,experimental,experimental
217,36,1,1,experimental,experimental
217,36,2,0,experimental,experimental
217,36,2,0,experimental,experimental
217,36,1,1,experimental,experimental
217,36,2,0,experimental,experimental
217,36,1,1,experimental,experimental
217,36,1,1,experimental,experimental
217,36,1,1,experimental,experimental
217,36,1,1,experimental,experimental
217,36,1,1,experimental,experimental
217,36,2,0,experimental,experimental
217,36,1,1,experimental,experimental
217,36,2,0,experimental,experimental
217,36,1,1,experimental,experimental
217,36,1,1,experimental,experimental
217,36,1,1,experimental,experimental
217,36,1,1,experimental,experimental
217,36,2,1,experimental,experimental
217,36,2,0,experimental,experimental
217,36,1,1,experimental,experimental
217,36,1,1,experimental,experimental
217,36,1,1,experimental,experimental
217,37,2,1,experimental,experimental
217,37,1,0,experimental,experimental
217,37,2,1,experimental,experimental
217,37,2,1,experimental,experimental
217,37,1,1,experimental,experimental
217,37,2,1,experimental,experimental
217,37,1,0,experimental,experimental
217,37,1,1,experimental,experimental
217,37,2,1,experimental,experimental
217,37,1,0,experimental,experimental
217,37,2,1,experimental,experimental
217,37,2,1,experimental,experimental
217,37,1,1,experimental,experimental
217,37,1,0,experimental,experimental
217,37,2,1,experimental,experimental
217,37,2,1,experimental,experimental
217,37,2,1,experimental,experimental
217,37,2,1,experimental,experimental
217,37,1,1,experimental,experimental
217,37,1,1,experimental,experimental
217,37,1,0,experimental,experimental
217,37,2,1,experimental,experimental
217,37,2,1,experimental,experimental
217,37,2,1,experimental,experimental
217,37,2,1,experimental,experimental
217,37,2,1,experimental,experimental
217,37,1,1,experimental,experimental
217,37,2,1,experimental,experimental
217,37,1,0,experimental,experimental
217,37,2,1,experimental,experimental
217,37,1,1,experimental,experimental
217,37,1,0,experimental,experimental
217,37,2,1,experimental,experimental
217,37,2,1,experimental,experimental
217,37,1,1,experimental,experimental
217,37,1,0,experimental,experimental
217,37,1,1,experimental,experimental
217,37,2,1,experimental,experimental
217,37,2,1,experimental,experimental
217,37,2,1,experimental,experimental
217,37,2,1,experimental,experimental
217,37,1,0,experimental,experimental
217,37,2,1,experimental,experimental
217,37,2,1,experimental,experimental
217,37,2,1,experimental,experimental
217,37,2,1,experimental,experimental
217,38,1,1,experimental,experimental
217,38,2,1,experimental,experimental
217,38,1,1,experimental,experimental
217,38,2,1,experimental,experimental
217,38,1,1,experimental,experimental
217,38,2,1,experimental,experimental
217,38,2,0,experimental,experimental
217,38,2,1,experimental,experimental
217,38,2,1,experimental,experimental
217,38,2,0,experimental,experimental
217,38,1,1,experimental,experimental
217,38,2,1,experimental,experimental
217,38,2,0,experimental,experimental
217,38,1,1,experimental,experimental
217,38,2,1,experimental,experimental
217,38,2,1,experimental,experimental
217,38,2,0,experimental,experimental
217,38,1,1,experimental,experimental
217,38,2,1,experimental,experimental
217,38,2,0,experimental,experimental
217,38,2,0,experimental,experimental
217,38,1,1,experimental,experimental
217,38,2,1,experimental,experimental
217,38,2,1,experimental,experimental
217,38,2,0,experimental,experimental
217,38,2,1,experimental,experimental
217,38,2,0,experimental,experimental
217,38,1,1,experimental,experimental
217,38,2,0,experimental,experimental
217,38,2,0,experimental,experimental
217,38,1,1,experimental,experimental
217,38,2,1,experimental,experimental
217,38,1,1,experimental,experimental
217,38,2,0,experimental,experimental
217,38,1,1,experimental,experimental
217,38,2,0,experimental,experimental
217,38,2,0,experimental,experimental
217,38,1,1,experimental,experimental
217,38,2,1,experimental,experimental
217,38,2,1,experimental,experimental
217,38,1,1,experimental,experimental
217,38,1,1,experimental,experimental
217,38,2,1,experimental,experimental
217,38,2,1,experimental,experimental
217,38,1,1,experimental,experimental
217,38,1,1,experimental,experimental
217,38,1,1,experimental,experimental
217,38,1,1,experimental,experimental
217,38,2,1,experimental,experimental
217,38,1,1,experimental,experimental
217,38,2,0,experimental,experimental
217,38,1,1,experimental,experimental
217,38,1,1,experimental,experimental
217,38,2,1,experimental,experimental
217,38,1,1,experimental,experimental
217,38,1,1,experimental,experimental
217,38,2,0,experimental,experimental
217,38,2,1,experimental,experimental
217,38,1,1,experimental,experimental
217,38,1,1,experimental,experimental
217,38,1,1,experimental,experimental
217,38,1,1,experimental,experimental
217,38,1,1,experimental,experimental
217,38,1,1,experimental,experimental
218,0,1,1,control,basal
218,0,1,1,control,basal
218,0,2,1,control,basal
218,0,2,1,control,basal
218,0,2,1,control,basal
218,0,1,1,control,basal
218,0,2,1,control,basal
218,0,1,1,control,basal
218,0,1,1,control,basal
218,0,1,1,control,basal
218,0,1,1,control,basal
218,0,2,1,control,basal
218,0,1,1,control,basal
218,0,2,1,control,basal
218,0,2,1,control,basal
218,0,1,1,control,basal
218,0,1,1,control,basal
218,0,2,1,control,basal
218,0,2,1,control,basal
218,0,1,1,control,basal
218,0,2,1,control,basal
218,0,1,1,control,basal
218,0,1,1,control,basal
218,0,1,1,control,basal
218,0,1,1,control,basal
218,0,1,1,control,basal
218,0,1,1,control,basal
218,0,1,1,control,basal
218,0,2,1,control,basal
218,0,1,1,control,basal
218,0,2,1,control,basal
218,0,1,1,control,basal
218,0,1,1,control,basal
218,0,1,1,control,basal
218,0,1,1,control,basal
218,0,2,1,control,basal
218,0,1,1,control,basal
218,0,1,1,control,basal
218,1,1,1,control,basal
218,1,1,1,control,basal
218,1,2,1,control,basal
218,1,2,1,control,basal
218,1,1,1,control,basal
218,1,2,1,control,basal
218,1,1,1,control,basal
218,1,1,1,control,basal
218,2,2,1,control,basal
218,2,1,1,control,basal
218,2,1,1,control,basal
218,2,2,1,control,basal
218,2,1,1,control,basal
218,2,1,1,control,basal
218,2,1,1,control,basal
218,2,1,1,control,basal
218,2,2,1,control,basal
218,2,1,1,control,basal
218,2,2,1,control,basal
218,2,1,1,control,basal
218,2,1,1,control,basal
218,2,2,1,control,basal
218,2,1,1,control,basal
218,2,1,1,control,basal
218,2,1,1,control,basal
218,2,1,1,control,basal
218,2,2,1,control,basal
218,2,1,1,control,basal
218,2,1,1,control,basal
218,2,1,1,control,basal
218,2,1,1,control,basal
218,2,1,1,control,basal
218,2,2,1,control,basal
218,2,1,1,control,basal
218,2,1,1,control,basal
218,2,1,1,control,basal
218,2,1,1,control,basal
218,2,2,1,control,basal
218,2,1,1,control,basal
218,2,2,1,control,basal
218,2,1,1,control,basal
218,2,1,1,control,basal
218,2,1,1,control,basal
218,2,2,1,control,basal
218,2,1,1,control,basal
218,2,1,1,control,basal
218,2,1,1,control,basal
218,2,1,1,control,basal
218,2,1,1,control,basal
218,2,1,1,control,basal
218,2,1,1,control,basal
218,2,1,1,control,basal
218,2,1,1,control,basal
218,2,1,1,control,basal
218,2,1,1,control,basal
218,2,1,1,control,basal
218,2,1,1,control,basal
218,2,1,1,control,basal
218,2,1,1,control,basal
218,2,2,1,control,basal
218,2,1,1,control,basal
218,3,1,1,control,basal
218,3,1,1,control,basal
218,3,1,1,control,basal
218,3,1,1,control,basal
218,3,2,1,control,basal
218,3,1,1,control,basal
218,3,1,1,control,basal
218,3,1,1,control,basal
218,3,1,1,control,basal
218,3,1,1,control,basal
218,3,1,1,control,basal
218,3,1,1,control,basal
218,3,1,1,control,basal
218,3,1,1,control,basal
218,3,1,1,control,basal
218,3,1,1,control,basal
218,3,1,1,control,basal
218,3,1,1,control,basal
218,3,1,1,control,basal
218,3,1,1,control,basal
218,3,1,1,control,basal
218,3,2,1,control,basal
218,3,1,1,control,basal
218,3,1,1,control,basal
218,3,1,1,control,basal
218,3,1,1,control,basal
218,3,1,1,control,basal
218,3,1,1,control,basal
218,3,1,1,control,basal
218,3,1,1,control,basal
218,8,1,1,control,basal
218,8,1,1,control,basal
218,8,2,1,control,basal
218,8,1,1,control,basal
218,8,1,1,control,basal
218,8,2,1,control,basal
218,8,1,1,control,basal
218,8,2,1,control,basal
218,8,1,1,control,basal
218,8,1,1,control,basal
218,8,1,1,control,basal
218,8,1,1,control,basal
218,8,1,1,control,basal
218,8,1,1,control,basal
218,8,1,1,control,basal
218,8,2,1,control,basal
218,8,1,1,control,basal
218,8,2,1,control,basal
218,8,1,1,control,basal
218,8,1,1,control,basal
218,8,1,1,control,basal
218,8,2,1,control,basal
218,8,1,1,control,basal
218,8,1,1,control,basal
218,8,1,1,control,basal
218,8,2,1,control,basal
218,8,1,1,control,basal
218,8,1,1,control,basal
218,8,2,1,control,basal
218,8,1,1,control,basal
218,8,1,1,control,basal
218,8,1,1,control,basal
218,8,2,1,control,basal
218,8,1,1,control,basal
218,8,1,1,control,basal
218,8,1,1,control,basal
218,8,1,1,control,basal
218,8,2,1,control,basal
218,8,1,1,control,basal
218,8,1,1,control,basal
218,8,2,1,control,basal
218,8,1,1,control,basal
218,8,2,1,control,basal
218,8,1,1,control,basal
218,8,1,1,control,basal
218,9,1,1,control,basal
218,9,2,1,control,basal
218,9,1,1,control,basal
218,9,1,1,control,basal
218,9,1,1,control,basal
218,9,2,1,control,basal
218,9,1,1,control,basal
218,9,1,1,control,basal
218,9,1,1,control,basal
218,9,1,1,control,basal
218,9,1,1,control,basal
218,9,2,1,control,basal
218,9,1,1,control,basal
218,9,1,1,control,basal
218,9,1,1,control,basal
218,9,2,1,control,basal
218,9,1,1,control,basal
218,9,2,1,control,basal
218,9,1,1,control,basal
218,9,1,1,control,basal
218,9,1,1,control,basal
218,9,1,1,control,basal
218,9,2,1,control,basal
218,9,2,1,control,basal
218,9,1,1,control,basal
218,9,1,1,control,basal
218,9,1,1,control,basal
218,9,1,1,control,basal
218,9,1,1,control,basal
218,9,1,1,control,basal
218,9,1,1,control,basal
218,9,1,1,control,basal
218,9,1,1,control,basal
218,9,1,1,control,basal
218,9,1,1,control,basal
218,9,2,1,control,basal
218,9,2,1,control,basal
218,9,1,1,control,basal
218,9,1,1,control,basal
218,9,1,1,control,basal
218,9,1,1,control,basal
218,9,1,1,control,basal
218,9,1,1,control,basal
218,9,1,1,control,basal
218,9,1,1,control,basal
218,9,2,1,control,basal
218,9,1,1,control,basal
218,9,1,1,control,basal
218,9,1,1,control,basal
218,9,1,1,control,basal
218,9,1,1,control,basal
218,10,1,1,control,basal
218,10,2,1,control,basal
218,10,1,1,control,basal
218,10,1,1,control,basal
218,10,2,1,control,basal
218,10,1,1,control,basal
218,10,2,1,control,basal
218,10,1,1,control,basal
218,10,1,1,control,basal
218,10,2,1,control,basal
218,10,1,1,control,basal
218,10,1,1,control,basal
218,10,1,1,control,basal
218,10,1,1,control,basal
218,10,1,1,control,basal
218,10,1,1,control,basal
218,10,1,1,control,basal
218,10,2,1,control,basal
218,10,1,1,control,basal
218,10,1,1,control,basal
218,10,1,1,control,basal
218,10,2,1,control,basal
218,10,1,1,control,basal
218,10,1,1,control,basal
218,10,1,1,control,basal
218,10,2,1,control,basal
218,10,1,1,control,basal
218,10,2,1,control,basal
218,10,1,1,control,basal
218,10,1,1,control,basal
218,10,1,1,control,basal
218,10,2,1,control,basal
218,10,1,1,control,basal
218,10,1,1,control,basal
218,10,1,1,control,basal
218,10,1,1,control,basal
218,10,1,1,control,basal
218,10,2,1,control,basal
218,10,1,1,control,basal
218,10,1,1,control,basal
218,10,1,1,control,basal
218,10,2,1,control,basal
218,10,1,1,control,basal
218,10,1,1,control,basal
218,10,1,1,control,basal
218,10,2,1,control,basal
218,10,1,1,control,basal
218,10,2,1,control,basal
218,10,1,1,control,basal
218,10,1,1,control,basal
218,10,2,1,control,basal
218,10,1,1,control,basal
218,10,1,1,control,basal
218,10,2,1,control,basal
218,10,1,1,control,basal
218,10,1,1,control,basal
218,10,1,1,control,basal
218,11,1,1,control,basal
218,11,1,1,control,basal
218,11,1,1,control,basal
218,11,2,1,control,basal
218,11,1,1,control,basal
218,11,1,1,control,basal
218,11,2,1,control,basal
218,11,1,1,control,basal
218,11,1,1,control,basal
218,11,2,1,control,basal
218,11,1,1,control,basal
218,11,2,1,control,basal
218,11,1,1,control,basal
218,11,2,1,control,basal
218,11,2,1,control,basal
218,11,1,1,control,basal
218,11,1,1,control,basal
218,11,1,1,control,basal
218,11,1,1,control,basal
218,11,2,1,control,basal
218,11,2,1,control,basal
218,11,1,1,control,basal
218,11,2,1,control,basal
218,11,1,1,control,basal
218,11,1,1,control,basal
218,11,2,1,control,basal
218,11,1,1,control,basal
218,11,2,1,control,basal
218,11,1,1,control,basal
218,11,1,1,control,basal
218,11,1,1,control,basal
218,11,1,1,control,basal
218,11,1,1,control,basal
218,11,2,1,control,basal
218,11,1,1,control,basal
218,11,2,1,control,basal
218,11,1,1,control,basal
218,11,1,1,control,basal
218,11,2,1,control,basal
218,11,1,1,control,basal
218,11,1,1,control,basal
218,11,1,1,control,basal
218,11,2,1,control,basal
218,11,1,1,control,basal
218,11,1,1,control,basal
218,11,1,1,control,basal
218,11,1,1,control,basal
218,11,2,1,control,basal
218,11,1,1,control,basal
218,11,2,1,control,basal
218,11,2,1,control,basal
218,11,1,1,control,basal
218,11,2,1,control,basal
218,11,1,1,control,basal
218,11,1,1,control,basal
218,11,1,1,control,basal
218,11,2,1,control,basal
218,11,1,1,control,basal
218,14,1,1,control,basal
218,14,1,1,control,basal
218,14,2,1,control,basal
218,14,1,1,control,basal
218,14,1,1,control,basal
218,14,2,1,control,basal
218,14,1,1,control,basal
218,14,2,1,control,basal
218,14,1,1,control,basal
218,14,1,1,control,basal
218,14,2,1,control,basal
218,14,1,1,control,basal
218,14,1,1,control,basal
218,14,2,1,control,basal
218,14,2,1,control,basal
218,14,2,1,control,basal
218,14,2,1,control,basal
218,14,1,1,control,basal
218,14,2,1,control,basal
218,14,1,1,control,basal
218,14,2,1,control,basal
218,14,1,1,control,basal
218,14,1,1,control,basal
218,14,2,1,control,basal
218,14,2,1,control,basal
218,14,1,1,control,basal
218,14,2,1,control,basal
218,14,2,1,control,basal
218,14,1,1,control,basal
218,14,1,1,control,basal
218,14,2,1,control,basal
218,14,1,1,control,basal
218,14,2,1,control,basal
218,14,1,1,control,basal
218,14,2,1,control,basal
218,14,1,1,control,basal
218,14,2,1,control,basal
218,14,1,1,control,basal
218,14,1,1,control,basal
218,14,2,1,control,basal
218,14,1,1,control,basal
218,14,1,1,control,basal
218,14,2,1,control,basal
218,14,1,1,control,basal
218,14,1,1,control,basal
218,14,2,1,control,basal
218,14,2,1,control,basal
218,14,1,1,control,basal
218,14,2,1,control,basal
218,14,1,1,control,basal
218,14,1,1,control,basal
218,14,2,1,control,basal
218,14,1,1,control,basal
218,14,2,1,control,basal
218,14,1,1,control,basal
218,14,2,1,control,basal
218,14,1,1,control,basal
218,14,2,1,control,basal
218,14,1,1,control,basal
218,14,1,1,control,basal
218,14,2,1,control,basal
218,14,1,1,control,basal
218,14,2,1,control,basal
218,14,1,1,control,basal
218,14,1,1,control,basal
218,14,1,1,control,basal
218,14,1,1,control,basal
218,14,2,1,control,basal
218,14,1,1,control,basal
218,14,1,1,control,basal
218,17,1,1,control,experimental
218,17,1,1,control,experimental
218,17,2,1,control,experimental
218,17,1,1,control,experimental
218,17,1,1,control,experimental
218,17,2,1,control,experimental
218,17,2,1,control,experimental
218,17,1,1,control,experimental
218,17,1,1,control,experimental
218,17,1,1,control,experimental
218,17,1,1,control,experimental
218,17,2,1,control,experimental
218,17,1,1,control,experimental
218,17,1,1,control,experimental
218,17,1,1,control,experimental
218,17,2,1,control,experimental
218,17,1,1,control,experimental
218,17,1,1,control,experimental
218,17,1,1,control,experimental
218,17,1,1,control,experimental
218,17,1,1,control,experimental
218,17,2,1,control,experimental
218,17,1,1,control,experimental
218,17,2,1,control,experimental
218,17,1,1,control,experimental
218,17,1,1,control,experimental
218,17,1,1,control,experimental
218,17,1,1,control,experimental
218,17,2,1,control,experimental
218,17,1,1,control,experimental
218,17,1,1,control,experimental
218,17,1,1,control,experimental
218,17,2,1,control,experimental
218,17,2,1,control,experimental
218,17,1,1,control,experimental
218,17,1,1,control,experimental
218,17,1,1,control,experimental
218,17,2,1,control,experimental
218,17,1,1,control,experimental
218,17,1,1,control,experimental
218,17,1,1,control,experimental
218,17,2,1,control,experimental
218,17,1,1,control,experimental
218,17,1,1,control,experimental
218,17,1,1,control,experimental
218,17,2,1,control,experimental
218,17,2,1,control,experimental
218,17,1,1,control,experimental
218,17,1,1,control,experimental
218,17,1,1,control,experimental
218,17,2,1,control,experimental
218,17,1,1,control,experimental
218,17,1,1,control,experimental
218,17,1,1,control,experimental
218,21,1,1,control,experimental
218,21,2,1,control,experimental
218,21,1,1,control,experimental
218,21,1,1,control,experimental
218,21,1,1,control,experimental
218,21,1,1,control,experimental
218,21,1,1,control,experimental
218,21,2,1,control,experimental
218,21,1,1,control,experimental
218,21,2,1,control,experimental
218,21,1,1,control,experimental
218,21,1,1,control,experimental
218,21,2,1,control,experimental
218,21,2,1,control,experimental
218,21,1,1,control,experimental
218,21,2,1,control,experimental
218,21,1,1,control,experimental
218,21,1,1,control,experimental
218,21,2,1,control,experimental
218,21,1,1,control,experimental
218,21,2,1,control,experimental
218,21,1,1,control,experimental
218,21,1,1,control,experimental
218,21,2,1,control,experimental
218,21,1,1,control,experimental
218,21,1,1,control,experimental
218,21,2,1,control,experimental
218,21,1,1,control,experimental
218,21,2,1,control,experimental
218,21,2,1,control,experimental
218,21,1,1,control,experimental
218,21,2,1,control,experimental
218,21,1,1,control,experimental
218,21,1,1,control,experimental
218,21,1,1,control,experimental
218,21,2,1,control,experimental
218,21,1,1,control,experimental
218,21,2,1,control,experimental
218,21,1,1,control,experimental
218,21,1,1,control,experimental
218,21,2,1,control,experimental
218,21,2,1,control,experimental
218,21,2,1,control,experimental
218,21,1,1,control,experimental
218,21,2,1,control,experimental
218,21,2,1,control,experimental
218,21,1,1,control,experimental
218,21,2,1,control,experimental
218,21,1,1,control,experimental
218,22,1,1,control,experimental
218,22,2,1,control,experimental
218,22,1,1,control,experimental
218,22,2,1,control,experimental
218,22,1,1,control,experimental
218,22,1,1,control,experimental
218,22,2,1,control,experimental
218,22,1,1,control,experimental
218,22,1,1,control,experimental
218,22,2,1,control,experimental
218,22,1,1,control,experimental
218,22,1,1,control,experimental
218,22,1,1,control,experimental
218,22,2,1,control,experimental
218,22,1,1,control,experimental
218,22,1,1,control,experimental
218,22,1,1,control,experimental
218,22,1,1,control,experimental
218,22,2,1,control,experimental
218,22,2,1,control,experimental
218,22,1,1,control,experimental
218,22,2,1,control,experimental
218,22,1,1,control,experimental
218,22,2,1,control,experimental
218,22,2,1,control,experimental
218,22,1,1,control,experimental
218,22,2,1,control,experimental
218,22,1,1,control,experimental
218,22,2,1,control,experimental
218,22,1,1,control,experimental
218,22,1,1,control,experimental
218,22,1,1,control,experimental
218,22,1,1,control,experimental
218,22,1,1,control,experimental
218,22,2,1,control,experimental
218,22,1,1,control,experimental
218,22,1,1,control,experimental
218,22,2,1,control,experimental
218,22,1,1,control,experimental
218,22,2,1,control,experimental
218,22,2,1,control,experimental
218,22,1,1,control,experimental
218,22,2,1,control,experimental
218,22,2,1,control,experimental
218,22,1,1,control,experimental
218,22,1,1,control,experimental
218,22,2,1,control,experimental
218,22,1,1,control,experimental
218,22,1,1,control,experimental
218,22,2,1,control,experimental
218,22,1,1,control,experimental
218,22,1,1,control,experimental
218,23,2,1,control,experimental
218,23,1,1,control,experimental
218,23,1,1,control,experimental
218,23,2,1,control,experimental
218,23,1,1,control,experimental
218,23,1,1,control,experimental
218,23,1,1,control,experimental
218,23,1,1,control,experimental
218,23,2,1,control,experimental
218,23,1,1,control,experimental
218,23,2,1,control,experimental
218,23,2,1,control,experimental
218,23,1,1,control,experimental
218,23,1,1,control,experimental
218,23,1,1,control,experimental
218,23,1,1,control,experimental
218,23,1,1,control,experimental
218,23,2,1,control,experimental
218,23,2,1,control,experimental
218,23,1,1,control,experimental
218,23,1,1,control,experimental
218,23,2,1,control,experimental
218,23,2,1,control,experimental
218,23,1,1,control,experimental
218,23,1,1,control,experimental
218,23,2,1,control,experimental
218,23,1,1,control,experimental
218,23,1,1,control,experimental
218,23,1,1,control,experimental
218,23,2,1,control,experimental
218,23,1,1,control,experimental
218,23,1,1,control,experimental
218,23,1,1,control,experimental
218,23,2,1,control,experimental
218,23,2,1,control,experimental
218,23,2,1,control,experimental
218,23,2,1,control,experimental
218,23,1,1,control,experimental
218,23,1,1,control,experimental
218,23,2,1,control,experimental
218,23,2,1,control,experimental
218,23,2,1,control,experimental
218,23,1,1,control,experimental
218,23,1,1,control,experimental
218,23,2,1,control,experimental
218,23,1,1,control,experimental
218,23,1,1,control,experimental
218,24,2,1,control,experimental
218,24,1,1,control,experimental
218,24,2,1,control,experimental
218,24,1,1,control,experimental
218,24,1,1,control,experimental
218,24,2,1,control,experimental
218,24,2,1,control,experimental
218,24,1,1,control,experimental
218,24,2,1,control,experimental
218,24,1,1,control,experimental
218,24,2,1,control,experimental
218,24,2,1,control,experimental
218,24,1,1,control,experimental
218,24,2,1,control,experimental
218,24,2,1,control,experimental
218,24,2,1,control,experimental
218,24,2,1,control,experimental
218,24,1,1,control,experimental
218,24,2,1,control,experimental
218,24,1,1,control,experimental
218,24,2,1,control,experimental
218,24,1,1,control,experimental
218,24,1,1,control,experimental
218,24,2,1,control,experimental
218,24,1,1,control,experimental
218,24,1,1,control,experimental
218,24,1,1,control,experimental
218,24,2,1,control,experimental
218,24,1,1,control,experimental
218,24,1,1,control,experimental
218,24,2,1,control,experimental
218,24,1,1,control,experimental
218,24,1,1,control,experimental
218,24,2,1,control,experimental
218,24,1,1,control,experimental
218,24,1,1,control,experimental
218,24,1,1,control,experimental
218,24,1,1,control,experimental
218,24,1,1,control,experimental
218,24,1,1,control,experimental
218,24,1,1,control,experimental
218,24,1,1,control,experimental
218,24,1,1,control,experimental
218,24,1,1,control,experimental
218,24,1,1,control,experimental
218,28,2,1,control,experimental
218,28,1,1,control,experimental
218,28,2,1,control,experimental
218,28,1,1,control,experimental
218,28,1,1,control,experimental
218,28,2,1,control,experimental
218,28,1,1,control,experimental
218,28,1,1,control,experimental
218,28,2,1,control,experimental
218,28,1,1,control,experimental
218,28,1,1,control,experimental
218,28,1,1,control,experimental
218,28,2,1,control,experimental
218,28,1,1,control,experimental
218,28,2,1,control,experimental
218,28,1,1,control,experimental
218,28,2,1,control,experimental
218,28,1,1,control,experimental
218,28,1,1,control,experimental
218,28,1,1,control,experimental
218,28,1,1,control,experimental
218,28,1,1,control,experimental
218,28,2,1,control,experimental
218,28,2,1,control,experimental
218,28,1,1,control,experimental
218,28,1,1,control,experimental
218,28,1,1,control,experimental
218,28,1,1,control,experimental
218,28,1,1,control,experimental
218,28,1,1,control,experimental
218,28,1,1,control,experimental
218,28,1,1,control,experimental
218,28,1,1,control,experimental
218,28,2,1,control,experimental
218,28,1,1,control,experimental
218,28,1,1,control,experimental
218,28,1,1,control,experimental
218,28,1,1,control,experimental
218,28,2,1,control,experimental
218,28,2,1,control,experimental
218,28,1,1,control,experimental
218,28,1,1,control,experimental
218,28,2,1,control,experimental
218,28,1,1,control,experimental
218,28,1,1,control,experimental
218,28,1,1,control,experimental
218,28,1,1,control,experimental
218,28,2,1,control,experimental
218,28,1,1,control,experimental
218,28,1,1,control,experimental
218,29,1,1,control,experimental
218,29,1,1,control,experimental
218,29,1,1,control,experimental
218,29,1,1,control,experimental
218,29,1,1,control,experimental
218,29,2,1,control,experimental
218,29,1,1,control,experimental
218,29,1,1,control,experimental
218,29,1,1,control,experimental
218,29,2,1,control,experimental
218,29,1,1,control,experimental
218,29,1,1,control,experimental
218,29,2,1,control,experimental
218,29,1,1,control,experimental
218,29,2,1,control,experimental
218,29,1,1,control,experimental
218,29,2,1,control,experimental
218,29,2,1,control,experimental
218,29,1,1,control,experimental
218,29,2,1,control,experimental
218,29,2,1,control,experimental
218,29,1,1,control,experimental
218,29,2,1,control,experimental
218,29,1,1,control,experimental
218,29,1,1,control,experimental
218,29,2,1,control,experimental
218,29,1,1,control,experimental
218,29,1,1,control,experimental
218,29,1,1,control,experimental
218,29,1,1,control,experimental
218,29,2,1,control,experimental
218,29,1,1,control,experimental
218,29,1,1,control,experimental
218,29,1,1,control,experimental
218,29,1,1,control,experimental
218,29,1,1,control,experimental
218,29,1,1,control,experimental
218,29,1,1,control,experimental
218,29,2,1,control,experimental
218,29,2,1,control,experimental
218,29,1,1,control,experimental
218,29,1,1,control,experimental
218,29,1,1,control,experimental
218,29,2,1,control,experimental
218,29,1,1,control,experimental
218,29,1,1,control,experimental
218,29,2,1,control,experimental
218,29,1,1,control,experimental
218,29,1,1,control,experimental
218,29,2,1,control,experimental
218,29,2,1,control,experimental
218,29,1,1,control,experimental
218,29,1,1,control,experimental
218,29,2,1,control,experimental
218,29,1,1,control,experimental
218,29,2,1,control,experimental
218,30,1,1,control,experimental
218,30,1,1,control,experimental
218,30,1,1,control,experimental
218,30,2,1,control,experimental
218,30,1,1,control,experimental
218,30,1,1,control,experimental
218,30,2,1,control,experimental
218,30,1,1,control,experimental
218,30,1,1,control,experimental
218,30,1,1,control,experimental
218,30,2,1,control,experimental
218,30,2,1,control,experimental
218,30,1,1,control,experimental
218,30,1,1,control,experimental
218,30,1,1,control,experimental
218,30,1,1,control,experimental
218,30,1,1,control,experimental
218,30,2,1,control,experimental
218,30,1,1,control,experimental
218,30,2,1,control,experimental
218,30,1,1,control,experimental
218,30,1,1,control,experimental
218,30,1,1,control,experimental
218,30,2,1,control,experimental
218,30,1,1,control,experimental
218,30,2,1,control,experimental
218,30,1,1,control,experimental
218,30,2,1,control,experimental
218,30,1,1,control,experimental
218,30,1,1,control,experimental
218,30,2,1,control,experimental
218,30,1,1,control,experimental
218,30,1,1,control,experimental
218,30,2,1,control,experimental
218,30,1,1,control,experimental
218,30,2,1,control,experimental
218,30,2,1,control,experimental
218,30,2,1,control,experimental
218,30,1,1,control,experimental
218,30,1,1,control,experimental
218,30,1,1,control,experimental
218,30,2,1,control,experimental
218,30,2,1,control,experimental
218,30,1,1,control,experimental
218,30,2,1,control,experimental
218,30,1,1,control,experimental
218,31,1,1,control,experimental
218,31,2,1,control,experimental
218,31,1,1,control,experimental
218,31,2,1,control,experimental
218,31,1,1,control,experimental
218,31,2,1,control,experimental
218,31,1,1,control,experimental
218,31,1,1,control,experimental
218,31,2,1,control,experimental
218,31,1,1,control,experimental
218,31,1,1,control,experimental
218,31,1,1,control,experimental
218,31,1,1,control,experimental
218,31,2,1,control,experimental
218,31,1,1,control,experimental
218,31,1,1,control,experimental
218,31,1,1,control,experimental
218,31,2,1,control,experimental
218,31,2,1,control,experimental
218,31,1,1,control,experimental
218,31,1,1,control,experimental
218,31,2,1,control,experimental
218,31,1,1,control,experimental
218,31,2,1,control,experimental
218,31,1,1,control,experimental
218,31,1,1,control,experimental
218,31,1,1,control,experimental
218,31,1,1,control,experimental
218,31,1,1,control,experimental
218,31,1,1,control,experimental
218,31,1,1,control,experimental
218,31,1,1,control,experimental
218,31,1,1,control,experimental
218,31,1,1,control,experimental
218,31,1,1,control,experimental
218,31,1,1,control,experimental
218,31,1,1,control,experimental
218,31,2,1,control,experimental
218,31,1,1,control,experimental
218,31,1,1,control,experimental
218,31,1,1,control,experimental
218,31,2,1,control,experimental
218,31,1,1,control,experimental
218,31,1,1,control,experimental
218,31,1,1,control,experimental
218,31,2,1,control,experimental
218,31,1,1,control,experimental
218,32,1,1,control,experimental
218,32,2,1,control,experimental
218,32,1,1,control,experimental
218,32,2,1,control,experimental
218,32,1,1,control,experimental
218,32,1,1,control,experimental
218,32,1,1,control,experimental
218,32,2,1,control,experimental
218,32,1,1,control,experimental
218,32,2,1,control,experimental
218,32,1,1,control,experimental
218,32,1,1,control,experimental
218,32,2,1,control,experimental
218,32,1,1,control,experimental
218,32,2,1,control,experimental
218,32,1,1,control,experimental
218,32,2,1,control,experimental
218,32,2,1,control,experimental
218,32,1,1,control,experimental
218,32,2,1,control,experimental
218,32,1,1,control,experimental
218,32,2,1,control,experimental
218,32,1,1,control,experimental
218,32,1,1,control,experimental
218,32,1,1,control,experimental
218,32,2,1,control,experimental
218,32,1,1,control,experimental
218,32,1,1,control,experimental
218,32,1,1,control,experimental
218,32,1,1,control,experimental
218,32,2,1,control,experimental
218,32,1,1,control,experimental
218,32,1,1,control,experimental
218,32,1,1,control,experimental
218,32,1,1,control,experimental
218,32,1,1,control,experimental
218,32,2,1,control,experimental
218,32,1,1,control,experimental
218,32,1,1,control,experimental
218,32,1,1,control,experimental
218,32,2,1,control,experimental
218,32,1,1,control,experimental
218,32,1,1,control,experimental
218,32,1,1,control,experimental
218,32,1,1,control,experimental
218,32,1,1,control,experimental
218,32,1,1,control,experimental
218,32,2,1,control,experimental
218,32,1,1,control,experimental
218,32,1,1,control,experimental
218,32,2,1,control,experimental
218,32,1,1,control,experimental
218,35,1,1,control,experimental
218,35,2,1,control,experimental
218,35,2,1,control,experimental
218,35,1,1,control,experimental
218,35,1,1,control,experimental
218,35,2,1,control,experimental
218,35,1,1,control,experimental
218,35,1,1,control,experimental
218,35,1,1,control,experimental
218,35,1,1,control,experimental
218,35,2,1,control,experimental
218,35,1,1,control,experimental
218,35,2,1,control,experimental
218,35,1,1,control,experimental
218,35,2,1,control,experimental
218,35,1,1,control,experimental
218,35,2,1,control,experimental
218,35,1,1,control,experimental
218,35,2,1,control,experimental
218,35,2,1,control,experimental
218,35,1,1,control,experimental
218,35,1,1,control,experimental
218,35,1,1,control,experimental
218,35,1,1,control,experimental
218,35,2,1,control,experimental
218,35,1,1,control,experimental
218,35,2,1,control,experimental
218,35,2,1,control,experimental
218,35,2,1,control,experimental
218,35,1,1,control,experimental
218,35,1,1,control,experimental
218,35,2,1,control,experimental
218,35,1,1,control,experimental
218,35,1,1,control,experimental
218,35,2,1,control,experimental
218,35,1,1,control,experimental
218,35,1,1,control,experimental
218,35,1,1,control,experimental
218,35,2,1,control,experimental
218,35,1,1,control,experimental
218,35,1,1,control,experimental
218,35,1,1,control,experimental
218,35,2,1,control,experimental
218,35,2,1,control,experimental
218,35,1,1,control,experimental
218,35,1,1,control,experimental
218,35,2,1,control,experimental
218,35,2,1,control,experimental
218,36,2,1,control,experimental
218,36,1,1,control,experimental
218,36,1,1,control,experimental
218,36,1,1,control,experimental
218,36,2,1,control,experimental
218,36,1,1,control,experimental
218,36,1,1,control,experimental
218,36,1,1,control,experimental
218,36,2,1,control,experimental
218,36,1,1,control,experimental
218,36,1,1,control,experimental
218,36,2,1,control,experimental
218,36,1,1,control,experimental
218,36,2,1,control,experimental
218,36,2,1,control,experimental
218,36,1,1,control,experimental
218,36,2,1,control,experimental
218,36,2,1,control,experimental
218,36,1,1,control,experimental
218,36,2,1,control,experimental
218,36,2,1,control,experimental
218,36,1,1,control,experimental
218,36,2,1,control,experimental
218,36,1,1,control,experimental
218,36,1,1,control,experimental
218,36,2,1,control,experimental
218,36,2,1,control,experimental
218,36,2,1,control,experimental
218,36,2,1,control,experimental
218,36,2,1,control,experimental
218,36,2,1,control,experimental
218,36,2,1,control,experimental
218,36,1,1,control,experimental
218,36,2,1,control,experimental
218,36,2,1,control,experimental
218,36,2,1,control,experimental
218,36,1,1,control,experimental
218,36,2,1,control,experimental
218,36,1,1,control,experimental
218,36,2,1,control,experimental
218,36,2,1,control,experimental
218,36,2,1,control,experimental
218,36,2,1,control,experimental
218,36,2,1,control,experimental
218,36,1,1,control,experimental
218,36,2,1,control,experimental
218,36,2,1,control,experimental
218,36,1,1,control,experimental
218,37,1,1,control,experimental
218,37,2,1,control,experimental
218,37,2,1,control,experimental
218,37,1,1,control,experimental
218,37,2,1,control,experimental
218,37,1,1,control,experimental
218,37,1,1,control,experimental
218,37,2,1,control,experimental
218,37,2,1,control,experimental
218,37,1,1,control,experimental
218,37,2,1,control,experimental
218,37,1,1,control,experimental
218,37,2,1,control,experimental
218,37,1,1,control,experimental
218,37,1,1,control,experimental
218,37,2,1,control,experimental
218,37,1,1,control,experimental
218,37,2,1,control,experimental
218,37,1,1,control,experimental
218,37,1,1,control,experimental
218,37,1,1,control,experimental
218,37,1,1,control,experimental
218,37,1,1,control,experimental
218,37,2,1,control,experimental
218,37,1,1,control,experimental
218,37,1,1,control,experimental
218,37,2,1,control,experimental
218,37,1,1,control,experimental
218,37,2,1,control,experimental
218,37,1,1,control,experimental
218,37,1,1,control,experimental
218,37,1,1,control,experimental
218,37,1,1,control,experimental
218,37,2,1,control,experimental
218,37,2,1,control,experimental
218,37,1,1,control,experimental
218,37,1,1,control,experimental
218,37,2,1,control,experimental
218,37,1,1,control,experimental
218,37,2,1,control,experimental
218,37,1,1,control,experimental
218,37,2,1,control,experimental
218,37,1,1,control,experimental
218,37,1,1,control,experimental
218,37,1,1,control,experimental
218,37,1,1,control,experimental
218,37,1,1,control,experimental
218,38,1,1,control,experimental
218,38,2,1,control,experimental
218,38,1,1,control,experimental
218,38,2,1,control,experimental
218,38,1,1,control,experimental
218,38,2,1,control,experimental
218,38,1,1,control,experimental
218,38,1,1,control,experimental
218,38,2,1,control,experimental
218,38,2,1,control,experimental
218,38,2,1,control,experimental
218,38,1,1,control,experimental
218,38,1,1,control,experimental
218,38,2,1,control,experimental
218,38,1,1,control,experimental
218,38,2,1,control,experimental
218,38,1,1,control,experimental
218,38,2,1,control,experimental
218,38,2,1,control,experimental
218,38,2,1,control,experimental
218,38,2,1,control,experimental
218,38,1,1,control,experimental
218,38,2,1,control,experimental
218,38,1,1,control,experimental
218,38,1,1,control,experimental
218,38,2,1,control,experimental
218,38,2,1,control,experimental
218,38,2,1,control,experimental
218,38,2,1,control,experimental
218,38,1,1,control,experimental
218,38,2,1,control,experimental
218,38,2,1,control,experimental
218,38,1,1,control,experimental
218,38,1,1,control,experimental
218,38,2,1,control,experimental
218,38,1,1,control,experimental
218,38,2,1,control,experimental
218,38,1,1,control,experimental
218,38,1,1,control,experimental
218,38,2,1,control,experimental
218,38,1,1,control,experimental
218,38,2,1,control,experimental
218,38,2,1,control,experimental
219,0,1,1,experimental,basal
219,0,1,1,experimental,basal
219,0,1,1,experimental,basal
219,0,1,1,experimental,basal
219,0,1,1,experimental,basal
219,0,1,1,experimental,basal
219,0,1,1,experimental,basal
219,0,1,1,experimental,basal
219,0,1,1,experimental,basal
219,0,1,1,experimental,basal
219,0,1,1,experimental,basal
219,0,1,1,experimental,basal
219,0,2,1,experimental,basal
219,0,2,1,experimental,basal
219,0,2,1,experimental,basal
219,0,1,1,experimental,basal
219,0,2,1,experimental,basal
219,0,2,1,experimental,basal
219,0,1,1,experimental,basal
219,0,1,1,experimental,basal
219,0,2,1,experimental,basal
219,0,1,1,experimental,basal
219,0,1,1,experimental,basal
219,0,1,1,experimental,basal
219,0,2,1,experimental,basal
219,0,2,1,experimental,basal
219,1,1,1,experimental,basal
219,1,1,1,experimental,basal
219,1,1,1,experimental,basal
219,1,1,1,experimental,basal
219,1,2,1,experimental,basal
219,1,2,1,experimental,basal
219,1,1,1,experimental,basal
219,1,2,1,experimental,basal
219,1,2,1,experimental,basal
219,1,1,1,experimental,basal
219,1,2,1,experimental,basal
219,1,1,1,experimental,basal
219,1,2,1,experimental,basal
219,1,2,1,experimental,basal
219,1,2,1,experimental,basal
219,1,1,1,experimental,basal
219,1,2,1,experimental,basal
219,1,2,1,experimental,basal
219,1,2,1,experimental,basal
219,1,2,1,experimental,basal
219,1,2,1,experimental,basal
219,1,1,1,experimental,basal
219,1,2,1,experimental,basal
219,1,2,1,experimental,basal
219,1,2,1,experimental,basal
219,1,2,1,experimental,basal
219,1,2,1,experimental,basal
219,1,1,1,experimental,basal
219,1,2,1,experimental,basal
219,1,1,1,experimental,basal
219,1,2,1,experimental,basal
219,1,1,1,experimental,basal
219,1,1,1,experimental,basal
219,1,2,1,experimental,basal
219,1,1,1,experimental,basal
219,1,1,1,experimental,basal
219,1,1,1,experimental,basal
219,1,2,1,experimental,basal
219,1,2,1,experimental,basal
219,1,2,1,experimental,basal
219,1,2,1,experimental,basal
219,1,1,1,experimental,basal
219,1,2,1,experimental,basal
219,1,2,1,experimental,basal
219,1,2,1,experimental,basal
219,1,2,1,experimental,basal
219,1,1,1,experimental,basal
219,1,1,1,experimental,basal
219,2,1,1,experimental,basal
219,2,2,1,experimental,basal
219,2,1,1,experimental,basal
219,2,2,1,experimental,basal
219,2,1,1,experimental,basal
219,2,1,1,experimental,basal
219,2,2,1,experimental,basal
219,2,1,1,experimental,basal
219,2,1,1,experimental,basal
219,2,1,1,experimental,basal
219,2,2,1,experimental,basal
219,2,1,1,experimental,basal
219,2,2,1,experimental,basal
219,2,1,1,experimental,basal
219,2,2,1,experimental,basal
219,2,1,1,experimental,basal
219,2,1,1,experimental,basal
219,2,2,1,experimental,basal
219,2,1,1,experimental,basal
219,2,2,1,experimental,basal
219,2,1,1,experimental,basal
219,2,1,1,experimental,basal
219,2,1,1,experimental,basal
219,2,1,1,experimental,basal
219,2,2,1,experimental,basal
219,2,2,1,experimental,basal
219,2,1,1,experimental,basal
219,2,2,1,experimental,basal
219,2,2,1,experimental,basal
219,2,2,1,experimental,basal
219,2,1,1,experimental,basal
219,2,2,1,experimental,basal
219,2,1,1,experimental,basal
219,2,1,1,experimental,basal
219,2,2,1,experimental,basal
219,2,1,1,experimental,basal
219,2,2,1,experimental,basal
219,2,2,1,experimental,basal
219,2,2,1,experimental,basal
219,2,2,1,experimental,basal
219,2,1,1,experimental,basal
219,2,2,1,experimental,basal
219,2,2,1,experimental,basal
219,2,2,1,experimental,basal
219,2,2,1,experimental,basal
219,2,2,1,experimental,basal
219,2,1,1,experimental,basal
219,2,2,1,experimental,basal
219,2,2,1,experimental,basal
219,2,2,1,experimental,basal
219,2,2,1,experimental,basal
219,4,1,1,experimental,basal
219,4,2,1,experimental,basal
219,4,1,1,experimental,basal
219,4,1,1,experimental,basal
219,4,2,1,experimental,basal
219,4,2,1,experimental,basal
219,4,1,1,experimental,basal
219,4,1,1,experimental,basal
219,4,1,1,experimental,basal
219,4,1,1,experimental,basal
219,4,1,1,experimental,basal
219,4,2,1,experimental,basal
219,4,1,1,experimental,basal
219,4,2,1,experimental,basal
219,4,2,1,experimental,basal
219,4,2,1,experimental,basal
219,4,1,1,experimental,basal
219,4,2,1,experimental,basal
219,4,1,1,experimental,basal
219,4,1,1,experimental,basal
219,4,1,1,experimental,basal
219,4,2,1,experimental,basal
219,4,1,1,experimental,basal
219,4,1,1,experimental,basal
219,4,1,1,experimental,basal
219,4,2,1,experimental,basal
219,4,1,1,experimental,basal
219,4,2,1,experimental,basal
219,4,1,1,experimental,basal
219,4,2,1,experimental,basal
219,4,2,1,experimental,basal
219,4,1,1,experimental,basal
219,4,1,1,experimental,basal
219,4,2,1,experimental,basal
219,4,2,1,experimental,basal
219,4,2,1,experimental,basal
219,4,1,1,experimental,basal
219,4,2,1,experimental,basal
219,4,1,1,experimental,basal
219,7,2,1,experimental,basal
219,7,1,1,experimental,basal
219,7,2,1,experimental,basal
219,7,1,1,experimental,basal
219,7,2,1,experimental,basal
219,7,1,1,experimental,basal
219,7,2,1,experimental,basal
219,7,1,1,experimental,basal
219,7,2,1,experimental,basal
219,7,2,1,experimental,basal
219,7,1,1,experimental,basal
219,7,2,1,experimental,basal
219,7,1,1,experimental,basal
219,7,1,1,experimental,basal
219,7,2,1,experimental,basal
219,7,2,1,experimental,basal
219,7,2,1,experimental,basal
219,7,2,1,experimental,basal
219,7,2,1,experimental,basal
219,7,1,1,experimental,basal
219,7,1,1,experimental,basal
219,7,2,1,experimental,basal
219,7,2,1,experimental,basal
219,7,2,1,experimental,basal
219,7,1,1,experimental,basal
219,7,2,1,experimental,basal
219,7,1,1,experimental,basal
219,7,1,1,experimental,basal
219,7,2,1,experimental,basal
219,7,1,1,experimental,basal
219,7,1,1,experimental,basal
219,7,1,1,experimental,basal
219,7,2,1,experimental,basal
219,7,1,1,experimental,basal
219,7,1,1,experimental,basal
219,7,2,1,experimental,basal
219,7,1,1,experimental,basal
219,7,1,1,experimental,basal
219,7,2,1,experimental,basal
219,7,1,1,experimental,basal
219,7,1,1,experimental,basal
219,7,1,1,experimental,basal
219,7,1,1,experimental,basal
219,7,1,1,experimental,basal
219,7,1,1,experimental,basal
219,7,2,1,experimental,basal
219,7,1,1,experimental,basal
219,7,1,1,experimental,basal
219,7,1,1,experimental,basal
219,7,2,1,experimental,basal
219,7,1,1,experimental,basal
219,7,1,1,experimental,basal
219,7,1,1,experimental,basal
219,7,1,1,experimental,basal
219,7,2,1,experimental,basal
219,7,1,1,experimental,basal
219,7,2,1,experimental,basal
219,7,1,1,experimental,basal
219,7,1,1,experimental,basal
219,7,1,1,experimental,basal
219,7,1,1,experimental,basal
219,7,1,1,experimental,basal
219,7,1,1,experimental,basal
219,8,1,1,experimental,basal
219,8,1,1,experimental,basal
219,8,1,1,experimental,basal
219,8,1,1,experimental,basal
219,8,1,1,experimental,basal
219,8,2,1,experimental,basal
219,8,1,1,experimental,basal
219,8,2,1,experimental,basal
219,8,1,1,experimental,basal
219,8,1,1,experimental,basal
219,8,2,1,experimental,basal
219,8,2,1,experimental,basal
219,8,1,1,experimental,basal
219,8,1,1,experimental,basal
219,8,2,1,experimental,basal
219,8,1,1,experimental,basal
219,8,1,1,experimental,basal
219,8,2,1,experimental,basal
219,8,1,1,experimental,basal
219,8,1,1,experimental,basal
219,8,2,1,experimental,basal
219,8,1,1,experimental,basal
219,8,1,1,experimental,basal
219,8,1,1,experimental,basal
219,8,1,1,experimental,basal
219,8,1,1,experimental,basal
219,8,1,1,experimental,basal
219,8,2,1,experimental,basal
219,8,2,1,experimental,basal
219,8,1,1,experimental,basal
219,8,2,1,experimental,basal
219,8,2,1,experimental,basal
219,8,1,1,experimental,basal
219,8,1,1,experimental,basal
219,8,2,1,experimental,basal
219,8,1,1,experimental,basal
219,8,1,1,experimental,basal
219,8,2,1,experimental,basal
219,8,2,1,experimental,basal
219,8,1,1,experimental,basal
219,8,2,1,experimental,basal
219,8,2,1,experimental,basal
219,8,1,1,experimental,basal
219,8,1,1,experimental,basal
219,8,2,1,experimental,basal
219,8,1,1,experimental,basal
219,8,2,1,experimental,basal
219,8,1,1,experimental,basal
219,8,1,1,experimental,basal
219,9,2,1,experimental,basal
219,9,1,1,experimental,basal
219,9,1,1,experimental,basal
219,9,1,1,experimental,basal
219,9,1,1,experimental,basal
219,9,1,1,experimental,basal
219,9,1,1,experimental,basal
219,9,2,1,experimental,basal
219,9,1,1,experimental,basal
219,9,2,1,experimental,basal
219,9,1,1,experimental,basal
219,9,1,1,experimental,basal
219,9,2,1,experimental,basal
219,9,1,1,experimental,basal
219,9,1,1,experimental,basal
219,9,1,1,experimental,basal
219,9,1,1,experimental,basal
219,9,1,1,experimental,basal
219,9,2,1,experimental,basal
219,9,1,1,experimental,basal
219,9,2,1,experimental,basal
219,9,1,1,experimental,basal
219,9,2,1,experimental,basal
219,9,2,1,experimental,basal
219,9,1,1,experimental,basal
219,9,1,1,experimental,basal
219,9,2,1,experimental,basal
219,9,1,1,experimental,basal
219,9,2,1,experimental,basal
219,9,1,1,experimental,basal
219,9,1,1,experimental,basal
219,9,2,1,experimental,basal
219,9,1,1,experimental,basal
219,9,1,1,experimental,basal
219,9,2,1,experimental,basal
219,9,1,1,experimental,basal
219,9,1,1,experimental,basal
219,9,1,1,experimental,basal
219,9,2,1,experimental,basal
219,9,1,1,experimental,basal
219,9,2,1,experimental,basal
219,9,2,1,experimental,basal
219,9,1,1,experimental,basal
219,10,1,1,experimental,basal
219,10,1,1,experimental,basal
219,10,1,1,experimental,basal
219,10,2,1,experimental,basal
219,10,1,1,experimental,basal
219,10,2,1,experimental,basal
219,10,1,1,experimental,basal
219,10,2,1,experimental,basal
219,10,1,1,experimental,basal
219,10,1,1,experimental,basal
219,10,1,1,experimental,basal
219,10,1,1,experimental,basal
219,10,2,1,experimental,basal
219,10,2,1,experimental,basal
219,10,1,1,experimental,basal
219,10,1,1,experimental,basal
219,10,1,1,experimental,basal
219,10,2,1,experimental,basal
219,10,1,1,experimental,basal
219,10,2,1,experimental,basal
219,10,1,1,experimental,basal
219,10,2,1,experimental,basal
219,10,2,1,experimental,basal
219,10,1,1,experimental,basal
219,10,2,1,experimental,basal
219,10,1,1,experimental,basal
219,10,1,1,experimental,basal
219,10,2,1,experimental,basal
219,10,2,1,experimental,basal
219,10,2,1,experimental,basal
219,10,1,1,experimental,basal
219,10,2,1,experimental,basal
219,10,1,1,experimental,basal
219,10,2,1,experimental,basal
219,10,2,1,experimental,basal
219,10,2,1,experimental,basal
219,11,1,1,experimental,basal
219,11,2,1,experimental,basal
219,11,1,1,experimental,basal
219,11,1,1,experimental,basal
219,11,1,1,experimental,basal
219,11,2,1,experimental,basal
219,11,2,1,experimental,basal
219,11,2,1,experimental,basal
219,11,1,1,experimental,basal
219,11,2,1,experimental,basal
219,11,1,1,experimental,basal
219,11,2,1,experimental,basal
219,11,2,1,experimental,basal
219,11,1,1,experimental,basal
219,11,1,1,experimental,basal
219,11,2,1,experimental,basal
219,11,2,1,experimental,basal
219,11,1,1,experimental,basal
219,11,2,1,experimental,basal
219,11,1,1,experimental,basal
219,11,2,1,experimental,basal
219,11,1,1,experimental,basal
219,11,2,1,experimental,basal
219,11,1,1,experimental,basal
219,11,1,1,experimental,basal
219,11,1,1,experimental,basal
219,11,2,1,experimental,basal
219,11,1,1,experimental,basal
219,11,1,1,experimental,basal
219,11,2,1,experimental,basal
219,11,1,1,experimental,basal
219,11,2,1,experimental,basal
219,11,1,1,experimental,basal
219,11,1,1,experimental,basal
219,11,1,1,experimental,basal
219,11,1,1,experimental,basal
219,11,2,1,experimental,basal
219,11,2,1,experimental,basal
219,11,1,1,experimental,basal
219,11,2,1,experimental,basal
219,11,2,1,experimental,basal
219,11,1,1,experimental,basal
219,14,1,1,experimental,basal
219,14,1,1,experimental,basal
219,14,1,1,experimental,basal
219,14,2,1,experimental,basal
219,14,1,1,experimental,basal
219,14,2,1,experimental,basal
219,14,2,1,experimental,basal
219,14,2,1,experimental,basal
219,14,2,1,experimental,basal
219,14,1,1,experimental,basal
219,14,2,1,experimental,basal
219,14,1,1,experimental,basal
219,14,2,1,experimental,basal
219,14,1,1,experimental,basal
219,14,2,1,experimental,basal
219,14,1,1,experimental,basal
219,14,2,1,experimental,basal
219,14,1,1,experimental,basal
219,14,2,1,experimental,basal
219,14,1,1,experimental,basal
219,14,2,1,experimental,basal
219,14,2,1,experimental,basal
219,14,1,1,experimental,basal
219,14,2,1,experimental,basal
219,14,1,1,experimental,basal
219,14,1,1,experimental,basal
219,14,1,1,experimental,basal
219,14,2,1,experimental,basal
219,14,2,1,experimental,basal
219,14,2,1,experimental,basal
219,14,1,1,experimental,basal
219,14,2,1,experimental,basal
219,14,1,1,experimental,basal
219,14,2,1,experimental,basal
219,14,1,1,experimental,basal
219,14,1,1,experimental,basal
219,14,1,1,experimental,basal
219,14,2,1,experimental,basal
219,14,1,1,experimental,basal
219,14,1,1,experimental,basal
219,14,2,1,experimental,basal
219,14,2,1,experimental,basal
219,14,1,1,experimental,basal
219,14,2,1,experimental,basal
219,14,1,1,experimental,basal
219,14,1,1,experimental,basal
219,14,2,1,experimental,basal
219,14,1,1,experimental,basal
219,14,1,1,experimental,basal
219,14,1,1,experimental,basal
219,15,1,1,experimental,basal
219,15,2,1,experimental,basal
219,15,1,1,experimental,basal
219,15,2,1,experimental,basal
219,15,1,1,experimental,basal
219,15,1,1,experimental,basal
219,15,1,1,experimental,basal
219,15,2,1,experimental,basal
219,15,1,1,experimental,basal
219,15,1,1,experimental,basal
219,15,1,1,experimental,basal
219,15,2,1,experimental,basal
219,15,1,1,experimental,basal
219,15,1,1,experimental,basal
219,15,2,1,experimental,basal
219,15,1,1,experimental,basal
219,15,1,1,experimental,basal
219,15,1,1,experimental,basal
219,15,1,1,experimental,basal
219,15,1,1,experimental,basal
219,15,1,1,experimental,basal
219,15,1,1,experimental,basal
219,15,2,1,experimental,basal
219,15,2,1,experimental,basal
219,15,2,1,experimental,basal
219,15,1,1,experimental,basal
219,15,1,1,experimental,basal
219,15,2,1,experimental,basal
219,15,2,1,experimental,basal
219,15,1,1,experimental,basal
219,15,1,1,experimental,basal
219,15,1,1,experimental,basal
219,15,1,1,experimental,basal
219,15,2,1,experimental,basal
219,15,2,1,experimental,basal
219,15,1,1,experimental,basal
219,15,2,1,experimental,basal
219,15,2,1,experimental,basal
219,15,2,1,experimental,basal
219,15,1,1,experimental,basal
219,15,2,1,experimental,basal
219,15,1,1,experimental,basal
219,15,2,1,experimental,basal
219,15,1,1,experimental,basal
219,15,1,1,experimental,basal
219,15,1,1,experimental,basal
219,15,2,1,experimental,basal
219,15,2,1,experimental,basal
219,15,1,1,experimental,basal
219,15,2,1,experimental,basal
219,15,2,1,experimental,basal
219,15,1,1,experimental,basal
219,15,1,1,experimental,basal
219,15,1,1,experimental,basal
219,15,1,1,experimental,basal
219,17,1,1,experimental,experimental
219,17,2,1,experimental,experimental
219,17,2,0,experimental,experimental
219,17,1,1,experimental,experimental
219,17,2,1,experimental,experimental
219,17,1,1,experimental,experimental
219,17,2,0,experimental,experimental
219,17,2,0,experimental,experimental
219,17,1,1,experimental,experimental
219,17,2,1,experimental,experimental
219,17,2,0,experimental,experimental
219,17,1,1,experimental,experimental
219,17,1,1,experimental,experimental
219,17,1,1,experimental,experimental
219,17,2,0,experimental,experimental
219,17,1,1,experimental,experimental
219,17,1,1,experimental,experimental
219,17,1,1,experimental,experimental
219,17,2,1,experimental,experimental
219,17,2,0,experimental,experimental
219,17,2,0,experimental,experimental
219,17,1,1,experimental,experimental
219,17,1,1,experimental,experimental
219,17,1,1,experimental,experimental
219,17,1,1,experimental,experimental
219,17,1,1,experimental,experimental
219,17,1,1,experimental,experimental
219,17,1,1,experimental,experimental
219,17,2,1,experimental,experimental
219,17,1,1,experimental,experimental
219,17,1,1,experimental,experimental
219,17,1,1,experimental,experimental
219,17,2,1,experimental,experimental
219,17,2,0,experimental,experimental
219,17,2,1,experimental,experimental
219,17,1,1,experimental,experimental
219,17,2,0,experimental,experimental
219,17,1,1,experimental,experimental
219,17,2,0,experimental,experimental
219,17,1,1,experimental,experimental
219,17,1,1,experimental,experimental
219,17,1,1,experimental,experimental
219,17,2,0,experimental,experimental
219,17,2,1,experimental,experimental
219,17,1,1,experimental,experimental
219,17,2,0,experimental,experimental
219,17,1,1,experimental,experimental
219,17,2,0,experimental,experimental
219,17,1,1,experimental,experimental
219,17,1,1,experimental,experimental
219,17,2,0,experimental,experimental
219,17,2,1,experimental,experimental
219,17,1,1,experimental,experimental
219,17,1,1,experimental,experimental
219,17,1,1,experimental,experimental
219,17,2,1,experimental,experimental
219,17,1,1,experimental,experimental
219,17,2,0,experimental,experimental
219,17,1,1,experimental,experimental
219,17,2,1,experimental,experimental
219,17,1,1,experimental,experimental
219,17,1,1,experimental,experimental
219,17,1,1,experimental,experimental
219,17,2,0,experimental,experimental
219,17,2,0,experimental,experimental
219,17,1,1,experimental,experimental
219,17,2,0,experimental,experimental
219,17,1,1,experimental,experimental
219,17,1,1,experimental,experimental
219,17,2,0,experimental,experimental
219,21,1,1,experimental,experimental
219,21,1,1,experimental,experimental
219,21,2,0,experimental,experimental
219,21,1,1,experimental,experimental
219,21,2,0,experimental,experimental
219,21,1,1,experimental,experimental
219,21,1,1,experimental,experimental
219,21,2,0,experimental,experimental
219,21,1,1,experimental,experimental
219,21,2,1,experimental,experimental
219,21,2,0,experimental,experimental
219,21,1,1,experimental,experimental
219,21,1,1,experimental,experimental
219,21,1,1,experimental,experimental
219,21,1,1,experimental,experimental
219,21,1,1,experimental,experimental
219,21,1,1,experimental,experimental
219,21,1,1,experimental,experimental
219,21,1,1,experimental,experimental
219,21,1,1,experimental,experimental
219,21,1,1,experimental,experimental
219,21,1,1,experimental,experimental
219,21,2,0,experimental,experimental
219,21,1,1,experimental,experimental
219,21,1,1,experimental,experimental
219,21,1,1,experimental,experimental
219,21,2,0,experimental,experimental
219,21,1,1,experimental,experimental
219,21,1,1,experimental,experimental
219,21,1,1,experimental,experimental
219,21,1,1,experimental,experimental
219,21,1,1,experimental,experimental
219,21,1,1,experimental,experimental
219,21,1,1,experimental,experimental
219,21,1,1,experimental,experimental
219,21,1,1,experimental,experimental
219,21,1,1,experimental,experimental
219,21,2,1,experimental,experimental
219,21,1,1,experimental,experimental
219,21,1,1,experimental,experimental
219,21,1,1,experimental,experimental
219,21,1,1,experimental,experimental
219,21,1,1,experimental,experimental
219,21,1,1,experimental,experimental
219,21,2,1,experimental,experimental
219,22,1,0,experimental,experimental
219,22,2,1,experimental,experimental
219,22,1,1,experimental,experimental
219,22,1,0,experimental,experimental
219,22,1,1,experimental,experimental
219,22,1,0,experimental,experimental
219,22,1,1,experimental,experimental
219,22,2,1,experimental,experimental
219,22,1,0,experimental,experimental
219,22,1,1,experimental,experimental
219,22,1,0,experimental,experimental
219,22,2,1,experimental,experimental
219,22,1,1,experimental,experimental
219,22,1,0,experimental,experimental
219,22,2,1,experimental,experimental
219,22,1,0,experimental,experimental
219,22,1,1,experimental,experimental
219,22,1,0,experimental,experimental
219,22,2,1,experimental,experimental
219,22,2,1,experimental,experimental
219,22,1,1,experimental,experimental
219,22,2,1,experimental,experimental
219,22,1,0,experimental,experimental
219,22,2,1,experimental,experimental
219,22,1,0,experimental,experimental
219,22,1,0,experimental,experimental
219,22,2,1,experimental,experimental
219,22,1,1,experimental,experimental
219,22,2,1,experimental,experimental
219,22,1,0,experimental,experimental
219,22,1,0,experimental,experimental
219,22,2,1,experimental,experimental
219,22,2,1,experimental,experimental
219,22,2,1,experimental,experimental
219,22,1,0,experimental,experimental
219,22,2,1,experimental,experimental
219,22,2,1,experimental,experimental
219,22,2,1,experimental,experimental
219,22,2,1,experimental,experimental
219,22,1,0,experimental,experimental
219,22,2,1,experimental,experimental
219,22,1,0,experimental,experimental
219,22,2,1,experimental,experimental
219,22,2,1,experimental,experimental
219,22,2,1,experimental,experimental
219,22,2,1,experimental,experimental
219,22,2,1,experimental,experimental
219,22,1,0,experimental,experimental
219,22,2,1,experimental,experimental
219,22,2,1,experimental,experimental
219,22,2,1,experimental,experimental
219,22,2,1,experimental,experimental
219,22,1,0,experimental,experimental
219,22,2,1,experimental,experimental
219,22,2,1,experimental,experimental
219,22,2,1,experimental,experimental
219,22,2,1,experimental,experimental
219,22,2,1,experimental,experimental
219,22,2,1,experimental,experimental
219,23,1,1,experimental,experimental
219,23,1,1,experimental,experimental
219,23,2,0,experimental,experimental
219,23,1,1,experimental,experimental
219,23,2,0,experimental,experimental
219,23,1,1,experimental,experimental
219,23,1,1,experimental,experimental
219,23,2,0,experimental,experimental
219,23,1,1,experimental,experimental
219,23,1,1,experimental,experimental
219,23,1,1,experimental,experimental
219,23,1,1,experimental,experimental
219,23,2,0,experimental,experimental
219,23,1,1,experimental,experimental
219,23,1,1,experimental,experimental
219,23,2,0,experimental,experimental
219,23,1,1,experimental,experimental
219,23,1,1,experimental,experimental
219,23,2,0,experimental,experimental
219,23,1,1,experimental,experimental
219,23,1,1,experimental,experimental
219,23,1,1,experimental,experimental
219,23,2,1,experimental,experimental
219,23,1,1,experimental,experimental
219,23,1,1,experimental,experimental
219,23,1,1,experimental,experimental
219,23,2,0,experimental,experimental
219,23,1,1,experimental,experimental
219,23,2,0,experimental,experimental
219,23,1,1,experimental,experimental
219,23,1,1,experimental,experimental
219,23,1,1,experimental,experimental
219,23,1,1,experimental,experimental
219,23,1,1,experimental,experimental
219,23,1,1,experimental,experimental
219,23,1,1,experimental,experimental
219,23,1,1,experimental,experimental
219,23,1,1,experimental,experimental
219,23,1,1,experimental,experimental
219,23,2,0,experimental,experimental
219,23,1,1,experimental,experimental
219,23,2,0,experimental,experimental
219,23,1,1,experimental,experimental
219,23,1,1,experimental,experimental
219,23,1,1,experimental,experimental
219,23,2,1,experimental,experimental
219,23,1,1,experimental,experimental
219,23,2,0,experimental,experimental
219,23,2,0,experimental,experimental
219,23,1,1,experimental,experimental
219,23,1,1,experimental,experimental
219,23,1,1,experimental,experimental
219,23,2,1,experimental,experimental
219,23,1,1,experimental,experimental
219,23,1,1,experimental,experimental
219,23,2,1,experimental,experimental
219,23,1,1,experimental,experimental
219,23,1,1,experimental,experimental
219,24,1,1,experimental,experimental
219,24,2,1,experimental,experimental
219,24,1,1,experimental,experimental
219,24,1,1,experimental,experimental
219,24,1,1,experimental,experimental
219,24,1,1,experimental,experimental
219,24,1,1,experimental,experimental
219,24,2,0,experimental,experimental
219,24,1,1,experimental,experimental
219,24,2,1,experimental,experimental
219,24,1,1,experimental,experimental
219,24,1,1,experimental,experimental
219,24,1,1,experimental,experimental
219,24,1,1,experimental,experimental
219,24,1,1,experimental,experimental
219,24,2,1,experimental,experimental
219,24,1,1,experimental,experimental
219,24,1,1,experimental,experimental
219,24,2,0,experimental,experimental
219,24,1,1,experimental,experimental
219,24,1,1,experimental,experimental
219,24,2,0,experimental,experimental
219,24,1,1,experimental,experimental
219,24,2,1,experimental,experimental
219,24,1,1,experimental,experimental
219,24,1,1,experimental,experimental
219,24,1,1,experimental,experimental
219,24,2,1,experimental,experimental
219,24,1,1,experimental,experimental
219,24,1,1,experimental,experimental
219,24,1,1,experimental,experimental
219,24,2,0,experimental,experimental
219,24,1,1,experimental,experimental
219,24,1,1,experimental,experimental
219,24,1,1,experimental,experimental
219,24,1,1,experimental,experimental
219,24,1,1,experimental,experimental
219,24,1,1,experimental,experimental
219,24,1,1,experimental,experimental
219,24,1,1,experimental,experimental
219,24,1,1,experimental,experimental
219,24,1,1,experimental,experimental
219,24,1,1,experimental,experimental
219,24,2,0,experimental,experimental
219,24,1,1,experimental,experimental
219,24,1,1,experimental,experimental
219,24,1,1,experimental,experimental
219,24,1,1,experimental,experimental
219,24,1,1,experimental,experimental
219,24,1,1,experimental,experimental
219,24,1,1,experimental,experimental
219,24,1,1,experimental,experimental
219,24,1,1,experimental,experimental
219,24,1,1,experimental,experimental
219,24,2,1,experimental,experimental
219,28,1,1,experimental,experimental
219,28,2,0,experimental,experimental
219,28,1,1,experimental,experimental
219,28,1,1,experimental,experimental
219,28,1,1,experimental,experimental
219,28,2,1,experimental,experimental
219,28,2,0,experimental,experimental
219,28,1,1,experimental,experimental
219,28,1,1,experimental,experimental
219,28,1,1,experimental,experimental
219,28,2,0,experimental,experimental
219,28,1,1,experimental,experimental
219,28,1,1,experimental,experimental
219,28,1,1,experimental,experimental
219,28,1,1,experimental,experimental
219,28,1,1,experimental,experimental
219,28,1,1,experimental,experimental
219,28,1,1,experimental,experimental
219,28,1,1,experimental,experimental
219,28,1,1,experimental,experimental
219,28,1,1,experimental,experimental
219,28,1,1,experimental,experimental
219,28,1,1,experimental,experimental
219,28,1,1,experimental,experimental
219,28,1,1,experimental,experimental
219,28,1,1,experimental,experimental
219,28,1,1,experimental,experimental
219,28,1,1,experimental,experimental
219,28,2,0,experimental,experimental
219,28,1,1,experimental,experimental
219,28,1,1,experimental,experimental
219,28,1,1,experimental,experimental
219,28,1,1,experimental,experimental
219,28,1,1,experimental,experimental
219,28,1,1,experimental,experimental
219,28,1,1,experimental,experimental
219,28,1,1,experimental,experimental
219,28,1,1,experimental,experimental
219,28,1,1,experimental,experimental
219,28,1,1,experimental,experimental
219,28,1,1,experimental,experimental
219,28,1,1,experimental,experimental
219,28,1,1,experimental,experimental
219,28,1,1,experimental,experimental
219,28,1,1,experimental,experimental
219,28,1,1,experimental,experimental
219,29,2,1,experimental,experimental
219,29,1,1,experimental,experimental
219,29,1,0,experimental,experimental
219,29,2,1,experimental,experimental
219,29,1,0,experimental,experimental
219,29,1,0,experimental,experimental
219,29,2,1,experimental,experimental
219,29,1,1,experimental,experimental
219,29,1,0,experimental,experimental
219,29,2,1,experimental,experimental
219,29,1,1,experimental,experimental
219,29,2,1,experimental,experimental
219,29,1,0,experimental,experimental
219,29,1,1,experimental,experimental
219,29,1,1,experimental,experimental
219,29,1,1,experimental,experimental
219,29,1,1,experimental,experimental
219,29,1,1,experimental,experimental
219,29,2,1,experimental,experimental
219,29,1,0,experimental,experimental
219,29,2,1,experimental,experimental
219,29,1,1,experimental,experimental
219,29,2,1,experimental,experimental
219,29,1,1,experimental,experimental
219,29,1,0,experimental,experimental
219,29,1,1,experimental,experimental
219,29,2,1,experimental,experimental
219,29,1,1,experimental,experimental
219,29,2,1,experimental,experimental
219,29,1,1,experimental,experimental
219,29,2,1,experimental,experimental
219,29,1,1,experimental,experimental
219,29,2,1,experimental,experimental
219,29,2,1,experimental,experimental
219,29,1,1,experimental,experimental
219,29,2,1,experimental,experimental
219,29,1,1,experimental,experimental
219,29,2,1,experimental,experimental
219,29,1,1,experimental,experimental
219,29,1,1,experimental,experimental
219,29,1,1,experimental,experimental
219,29,1,1,experimental,experimental
219,29,1,1,experimental,experimental
219,29,1,1,experimental,experimental
219,29,1,1,experimental,experimental
219,29,1,0,experimental,experimental
219,29,1,1,experimental,experimental
219,29,1,1,experimental,experimental
219,29,1,0,experimental,experimental
219,29,1,0,experimental,experimental
219,29,1,1,experimental,experimental
219,29,1,1,experimental,experimental
219,29,1,0,experimental,experimental
219,29,1,0,experimental,experimental
219,29,1,1,experimental,experimental
219,29,1,1,experimental,experimental
219,29,1,1,experimental,experimental
219,29,1,1,experimental,experimental
219,29,1,0,experimental,experimental
219,30,1,1,experimental,experimental
219,30,1,1,experimental,experimental
219,30,1,1,experimental,experimental
219,30,1,1,experimental,experimental
219,30,2,0,experimental,experimental
219,30,1,1,experimental,experimental
219,30,2,1,experimental,experimental
219,30,1,1,experimental,experimental
219,30,1,1,experimental,experimental
219,30,1,1,experimental,experimental
219,30,1,1,experimental,experimental
219,30,1,1,experimental,experimental
219,30,1,1,experimental,experimental
219,30,1,1,experimental,experimental
219,30,1,1,experimental,experimental
219,30,1,1,experimental,experimental
219,30,1,1,experimental,experimental
219,30,2,1,experimental,experimental
219,30,1,1,experimental,experimental
219,30,1,1,experimental,experimental
219,30,1,1,experimental,experimental
219,30,1,1,experimental,experimental
219,30,1,1,experimental,experimental
219,30,1,1,experimental,experimental
219,30,1,1,experimental,experimental
219,30,1,1,experimental,experimental
219,30,1,1,experimental,experimental
219,30,1,1,experimental,experimental
219,30,1,1,experimental,experimental
219,30,2,1,experimental,experimental
219,30,1,1,experimental,experimental
219,30,1,1,experimental,experimental
219,30,1,1,experimental,experimental
219,30,1,1,experimental,experimental
219,30,1,1,experimental,experimental
219,30,1,1,experimental,experimental
219,30,1,1,experimental,experimental
219,30,1,1,experimental,experimental
219,30,1,1,experimental,experimental
219,30,1,1,experimental,experimental
219,31,1,1,experimental,experimental
219,31,1,0,experimental,experimental
219,31,2,1,experimental,experimental
219,31,1,0,experimental,experimental
219,31,2,1,experimental,experimental
219,31,1,1,experimental,experimental
219,31,1,0,experimental,experimental
219,31,2,1,experimental,experimental
219,31,2,1,experimental,experimental
219,31,2,1,experimental,experimental
219,31,1,0,experimental,experimental
219,31,1,1,experimental,experimental
219,31,1,0,experimental,experimental
219,31,2,1,experimental,experimental
219,31,2,1,experimental,experimental
219,31,2,1,experimental,experimental
219,31,2,1,experimental,experimental
219,31,2,1,experimental,experimental
219,31,2,1,experimental,experimental
219,31,2,1,experimental,experimental
219,31,2,1,experimental,experimental
219,31,1,0,experimental,experimental
219,31,2,1,experimental,experimental
219,31,2,1,experimental,experimental
219,31,2,1,experimental,experimental
219,31,2,1,experimental,experimental
219,31,2,1,experimental,experimental
219,31,2,1,experimental,experimental
219,31,1,0,experimental,experimental
219,31,2,1,experimental,experimental
219,31,2,1,experimental,experimental
219,32,1,1,experimental,experimental
219,32,1,1,experimental,experimental
219,32,1,1,experimental,experimental
219,32,1,1,experimental,experimental
219,32,1,1,experimental,experimental
219,32,1,1,experimental,experimental
219,32,2,0,experimental,experimental
219,32,2,0,experimental,experimental
219,32,1,1,experimental,experimental
219,32,1,1,experimental,experimental
219,32,2,0,experimental,experimental
219,32,1,1,experimental,experimental
219,32,1,1,experimental,experimental
219,32,1,1,experimental,experimental
219,32,1,1,experimental,experimental
219,32,1,1,experimental,experimental
219,32,2,0,experimental,experimental
219,32,1,1,experimental,experimental
219,32,1,1,experimental,experimental
219,32,1,1,experimental,experimental
219,32,1,1,experimental,experimental
219,32,1,1,experimental,experimental
219,32,2,1,experimental,experimental
219,32,1,1,experimental,experimental
219,32,1,1,experimental,experimental
219,32,1,1,experimental,experimental
219,32,2,1,experimental,experimental
219,32,1,1,experimental,experimental
219,32,1,1,experimental,experimental
219,32,1,1,experimental,experimental
219,32,1,1,experimental,experimental
219,32,1,1,experimental,experimental
219,32,1,1,experimental,experimental
219,32,2,1,experimental,experimental
219,32,1,1,experimental,experimental
219,32,1,1,experimental,experimental
219,32,2,1,experimental,experimental
219,32,1,1,experimental,experimental
219,32,1,1,experimental,experimental
219,32,1,1,experimental,experimental
219,32,1,1,experimental,experimental
219,35,1,0,experimental,experimental
219,35,2,1,experimental,experimental
219,35,1,0,experimental,experimental
219,35,2,1,experimental,experimental
219,35,1,0,experimental,experimental
219,35,2,1,experimental,experimental
219,35,1,1,experimental,experimental
219,35,2,1,experimental,experimental
219,35,2,1,experimental,experimental
219,35,1,0,experimental,experimental
219,35,2,1,experimental,experimental
219,35,1,0,experimental,experimental
219,35,2,1,experimental,experimental
219,35,2,1,experimental,experimental
219,35,2,1,experimental,experimental
219,35,1,0,experimental,experimental
219,35,2,1,experimental,experimental
219,35,2,1,experimental,experimental
219,35,2,1,experimental,experimental
219,35,2,1,experimental,experimental
219,35,2,1,experimental,experimental
219,35,2,1,experimental,experimental
219,35,1,1,experimental,experimental
219,35,2,1,experimental,experimental
219,35,2,1,experimental,experimental
219,35,2,1,experimental,experimental
219,35,2,1,experimental,experimental
219,35,2,1,experimental,experimental
219,35,2,1,experimental,experimental
219,35,1,1,experimental,experimental
219,35,2,1,experimental,experimental
219,35,2,1,experimental,experimental
219,35,2,1,experimental,experimental
219,35,2,1,experimental,experimental
219,35,2,1,experimental,experimental
219,35,2,1,experimental,experimental
219,35,2,1,experimental,experimental
219,35,2,1,experimental,experimental
219,35,1,0,experimental,experimental
219,35,2,1,experimental,experimental
219,35,2,1,experimental,experimental
219,35,2,1,experimental,experimental
219,35,2,1,experimental,experimental
219,36,1,1,experimental,experimental
219,36,2,1,experimental,experimental
219,36,1,1,experimental,experimental
219,36,2,1,experimental,experimental
219,36,2,1,experimental,experimental
219,36,2,0,experimental,experimental
219,36,2,0,experimental,experimental
219,36,2,1,experimental,experimental
219,36,2,0,experimental,experimental
219,36,1,1,experimental,experimental
219,36,2,1,experimental,experimental
219,36,2,1,experimental,experimental
219,36,2,0,experimental,experimental
219,36,1,1,experimental,experimental
219,36,2,0,experimental,experimental
219,36,1,1,experimental,experimental
219,36,1,1,experimental,experimental
219,36,1,1,experimental,experimental
219,36,2,1,experimental,experimental
219,36,1,1,experimental,experimental
219,36,1,1,experimental,experimental
219,36,1,1,experimental,experimental
219,36,2,1,experimental,experimental
219,36,2,0,experimental,experimental
219,36,1,1,experimental,experimental
219,36,1,1,experimental,experimental
219,36,1,1,experimental,experimental
219,36,1,1,experimental,experimental
219,36,1,1,experimental,experimental
219,36,1,1,experimental,experimental
219,36,2,1,experimental,experimental
219,36,1,1,experimental,experimental
219,36,2,1,experimental,experimental
219,36,1,1,experimental,experimental
219,36,2,1,experimental,experimental
219,36,2,0,experimental,experimental
219,36,1,1,experimental,experimental
219,37,2,1,experimental,experimental
219,37,1,0,experimental,experimental
219,37,1,0,experimental,experimental
219,37,1,1,experimental,experimental
219,37,2,1,experimental,experimental
219,37,2,1,experimental,experimental
219,37,1,1,experimental,experimental
219,37,1,0,experimental,experimental
219,37,1,0,experimental,experimental
219,37,2,1,experimental,experimental
219,37,1,0,experimental,experimental
219,37,2,1,experimental,experimental
219,37,2,1,experimental,experimental
219,37,2,1,experimental,experimental
219,37,2,1,experimental,experimental
219,37,2,1,experimental,experimental
219,37,1,0,experimental,experimental
219,37,2,1,experimental,experimental
219,37,1,1,experimental,experimental
219,37,1,1,experimental,experimental
219,37,2,1,experimental,experimental
219,37,1,0,experimental,experimental
219,37,1,1,experimental,experimental
219,37,2,1,experimental,experimental
219,37,1,1,experimental,experimental
219,37,2,1,experimental,experimental
219,37,1,1,experimental,experimental
219,37,2,1,experimental,experimental
219,37,1,0,experimental,experimental
219,37,2,1,experimental,experimental
219,37,1,0,experimental,experimental
219,37,2,1,experimental,experimental
219,37,1,0,experimental,experimental
219,37,2,1,experimental,experimental
219,37,2,1,experimental,experimental
219,37,2,1,experimental,experimental
219,37,1,1,experimental,experimental
219,37,1,1,experimental,experimental
219,37,2,1,experimental,experimental
219,37,1,0,experimental,experimental
219,37,2,1,experimental,experimental
219,37,2,1,experimental,experimental
219,37,1,1,experimental,experimental
219,37,1,0,experimental,experimental
219,37,2,1,experimental,experimental
219,37,1,0,experimental,experimental
219,37,2,1,experimental,experimental
219,37,1,0,experimental,experimental
219,37,2,1,experimental,experimental
219,37,2,1,experimental,experimental
219,37,2,1,experimental,experimental
219,37,1,0,experimental,experimental
219,37,2,1,experimental,experimental
219,37,2,1,experimental,experimental
219,37,2,1,experimental,experimental
219,38,2,1,experimental,experimental
219,38,1,1,experimental,experimental
219,38,2,0,experimental,experimental
219,38,1,1,experimental,experimental
219,38,1,1,experimental,experimental
219,38,1,1,experimental,experimental
219,38,1,1,experimental,experimental
219,38,1,1,experimental,experimental
219,38,1,1,experimental,experimental
219,38,1,1,experimental,experimental
219,38,1,1,experimental,experimental
219,38,2,0,experimental,experimental
219,38,1,1,experimental,experimental
219,38,2,1,experimental,experimental
219,38,1,1,experimental,experimental
219,38,1,1,experimental,experimental
219,38,1,1,experimental,experimental
219,38,1,1,experimental,experimental
219,38,1,1,experimental,experimental
219,38,1,1,experimental,experimental
219,38,1,1,experimental,experimental
219,38,2,1,experimental,experimental
219,38,2,1,experimental,experimental
219,38,2,0,experimental,experimental
219,38,2,1,experimental,experimental
219,38,2,1,experimental,experimental
219,38,1,1,experimental,experimental
219,38,1,1,experimental,experimental
219,38,2,0,experimental,experimental
219,38,1,1,experimental,experimental
219,38,2,1,experimental,experimental
219,38,1,1,experimental,experimental
219,38,1,1,experimental,experimental
219,38,2,0,experimental,experimental
219,38,1,1,experimental,experimental
219,38,1,1,experimental,experimental
219,38,1,1,experimental,experimental
219,38,2,1,experimental,experimental
219,38,2,0,experimental,experimental
219,38,1,1,experimental,experimental
219,38,1,1,experimental,experimental
219,38,1,1,experimental,experimental
219,38,2,0,experimental,experimental
219,38,1,1,experimental,experimental
219,38,1,1,experimental,experimental
219,38,1,1,experimental,experimental
219,38,1,1,experimental,experimental
219,38,2,1,experimental,experimental
219,38,2,1,experimental,experimental
219,38,1,1,experimental,experimental
219,38,1,1,experimental,experimental
219,38,1,1,experimental,experimental
219,38,1,1,experimental,experimental
219,38,1,1,experimental,experimental
219,38,1,1,experimental,experimental
219,38,2,1,experimental,experimental
219,38,1,1,experimental,experimental
219,38,1,1,experimental,experimental
219,38,2,0,experimental,experimental
219,38,2,0,experimental,experimental
219,38,2,0,experimental,experimental
219,38,2,1,experimental,experimental
219,38,1,1,experimental,experimental
219,38,1,1,experimental,experimental
220,0,1,1,control,basal
220,0,1,1,control,basal
220,0,1,1,control,basal
220,0,1,1,control,basal
220,0,2,1,control,basal
220,0,1,1,control,basal
220,0,1,1,control,basal
220,0,2,1,control,basal
220,0,1,1,control,basal
220,0,2,1,control,basal
220,0,1,1,control,basal
220,0,1,1,control,basal
220,0,1,1,control,basal
220,0,1,1,control,basal
220,0,2,1,control,basal
220,0,2,1,control,basal
220,0,1,1,control,basal
220,1,1,1,control,basal
220,1,2,1,control,basal
220,1,2,1,control,basal
220,1,1,1,control,basal
220,1,1,1,control,basal
220,1,2,1,control,basal
220,1,2,1,control,basal
220,1,1,1,control,basal
220,1,2,1,control,basal
220,1,2,1,control,basal
220,1,1,1,control,basal
220,1,2,1,control,basal
220,1,2,1,control,basal
220,1,1,1,control,basal
220,1,1,1,control,basal
220,1,2,1,control,basal
220,1,1,1,control,basal
220,2,1,1,control,basal
220,2,1,1,control,basal
220,2,1,1,control,basal
220,2,1,1,control,basal
220,2,2,1,control,basal
220,2,1,1,control,basal
220,2,1,1,control,basal
220,2,2,1,control,basal
220,2,2,1,control,basal
220,2,2,1,control,basal
220,2,2,1,control,basal
220,2,1,1,control,basal
220,2,2,1,control,basal
220,2,2,1,control,basal
220,2,2,1,control,basal
220,2,1,1,control,basal
220,2,1,1,control,basal
220,2,2,1,control,basal
220,2,2,1,control,basal
220,2,2,1,control,basal
220,2,2,1,control,basal
220,2,2,1,control,basal
220,2,1,1,control,basal
220,2,2,1,control,basal
220,2,2,1,control,basal
220,2,2,1,control,basal
220,3,1,1,control,basal
220,3,2,1,control,basal
220,3,1,1,control,basal
220,3,1,1,control,basal
220,3,2,1,control,basal
220,3,2,1,control,basal
220,3,2,1,control,basal
220,3,1,1,control,basal
220,3,2,1,control,basal
220,3,2,1,control,basal
220,3,2,1,control,basal
220,3,2,1,control,basal
220,3,1,1,control,basal
220,3,2,1,control,basal
220,3,2,1,control,basal
220,3,2,1,control,basal
220,3,2,1,control,basal
220,3,1,1,control,basal
220,3,2,1,control,basal
220,3,2,1,control,basal
220,4,2,1,control,basal
220,4,1,1,control,basal
220,4,2,1,control,basal
220,4,1,1,control,basal
220,4,1,1,control,basal
220,4,2,1,control,basal
220,4,2,1,control,basal
220,4,2,1,control,basal
220,4,2,1,control,basal
220,4,1,1,control,basal
220,4,2,1,control,basal
220,4,2,1,control,basal
220,4,2,1,control,basal
220,4,2,1,control,basal
220,4,2,1,control,basal
220,4,2,1,control,basal
220,4,1,1,control,basal
220,4,2,1,control,basal
220,4,2,1,control,basal
220,4,2,1,control,basal
220,4,2,1,control,basal
220,4,2,1,control,basal
220,4,2,1,control,basal
220,4,2,1,control,basal
220,4,2,1,control,basal
220,4,2,1,control,basal
220,4,2,1,control,basal
220,4,1,1,control,basal
220,4,1,1,control,basal
220,4,2,1,control,basal
220,4,2,1,control,basal
220,4,1,1,control,basal
220,4,2,1,control,basal
220,4,2,1,control,basal
220,4,2,1,control,basal
220,4,2,1,control,basal
220,4,2,1,control,basal
220,4,2,1,control,basal
220,4,1,1,control,basal
220,4,1,1,control,basal
220,4,1,1,control,basal
220,4,2,1,control,basal
220,4,1,1,control,basal
220,4,2,1,control,basal
220,4,2,1,control,basal
220,4,2,1,control,basal
220,4,2,1,control,basal
220,4,2,1,control,basal
220,7,1,1,control,basal
220,7,2,1,control,basal
220,7,1,1,control,basal
220,7,2,1,control,basal
220,7,2,1,control,basal
220,7,2,1,control,basal
220,7,2,1,control,basal
220,7,2,1,control,basal
220,7,2,1,control,basal
220,7,2,1,control,basal
220,7,1,1,control,basal
220,7,2,1,control,basal
220,7,2,1,control,basal
220,7,1,1,control,basal
220,7,2,1,control,basal
220,7,2,1,control,basal
220,7,1,1,control,basal
220,7,2,1,control,basal
220,7,2,1,control,basal
220,7,2,1,control,basal
220,7,2,1,control,basal
220,7,2,1,control,basal
220,7,1,1,control,basal
220,7,1,1,control,basal
220,7,2,1,control,basal
220,7,1,1,control,basal
220,7,1,1,control,basal
220,7,1,1,control,basal
220,7,2,1,control,basal
220,7,2,1,control,basal
220,7,2,1,control,basal
220,7,1,1,control,basal
220,7,2,1,control,basal
220,7,1,1,control,basal
220,7,1,1,control,basal
220,7,2,1,control,basal
220,7,2,1,control,basal
220,7,2,1,control,basal
220,7,2,1,control,basal
220,7,2,1,control,basal
220,7,2,1,control,basal
220,7,1,1,control,basal
220,7,2,1,control,basal
220,7,1,1,control,basal
220,7,1,1,control,basal
220,7,2,1,control,basal
220,7,2,1,control,basal
220,7,2,1,control,basal
220,7,2,1,control,basal
220,7,2,1,control,basal
220,7,2,1,control,basal
220,7,2,1,control,basal
220,7,2,1,control,basal
220,8,1,1,control,basal
220,8,2,1,control,basal
220,8,2,1,control,basal
220,8,2,1,control,basal
220,8,2,1,control,basal
220,8,2,1,control,basal
220,8,1,1,control,basal
220,8,2,1,control,basal
220,8,2,1,control,basal
220,8,2,1,control,basal
220,8,2,1,control,basal
220,8,1,1,control,basal
220,8,1,1,control,basal
220,8,2,1,control,basal
220,8,2,1,control,basal
220,8,2,1,control,basal
220,8,2,1,control,basal
220,8,1,1,control,basal
220,8,1,1,control,basal
220,8,2,1,control,basal
220,8,2,1,control,basal
220,8,2,1,control,basal
220,8,2,1,control,basal
220,8,2,1,control,basal
220,8,2,1,control,basal
220,8,2,1,control,basal
220,8,1,1,control,basal
220,8,2,1,control,basal
220,8,1,1,control,basal
220,8,2,1,control,basal
220,8,2,1,control,basal
220,8,2,1,control,basal
220,8,1,1,control,basal
220,8,2,1,control,basal
220,8,2,1,control,basal
220,8,2,1,control,basal
220,8,2,1,control,basal
220,8,2,1,control,basal
220,8,2,1,control,basal
220,8,1,1,control,basal
220,8,1,1,control,basal
220,8,2,1,control,basal
220,8,2,1,control,basal
220,8,2,1,control,basal
220,8,2,1,control,basal
220,8,2,1,control,basal
220,8,2,1,control,basal
220,8,2,1,control,basal
220,8,2,1,control,basal
220,10,2,1,control,basal
220,10,1,1,control,basal
220,10,2,1,control,basal
220,10,1,1,control,basal
220,10,1,1,control,basal
220,10,2,1,control,basal
220,10,2,1,control,basal
220,10,1,1,control,basal
220,10,2,1,control,basal
220,10,1,1,control,basal
220,10,2,1,control,basal
220,10,2,1,control,basal
220,10,2,1,control,basal
220,10,2,1,control,basal
220,10,1,1,control,basal
220,10,1,1,control,basal
220,10,2,1,control,basal
220,10,2,1,control,basal
220,10,2,1,control,basal
220,10,2,1,control,basal
220,10,1,1,control,basal
220,10,2,1,control,basal
220,10,2,1,control,basal
220,10,1,1,control,basal
220,10,2,1,control,basal
220,10,2,1,control,basal
220,10,1,1,control,basal
220,10,1,1,control,basal
220,10,1,1,control,basal
220,10,2,1,control,basal
220,10,2,1,control,basal
220,10,2,1,control,basal
220,10,1,1,control,basal
220,10,2,1,control,basal
220,10,2,1,control,basal
220,10,1,1,control,basal
220,10,2,1,control,basal
220,10,1,1,control,basal
220,10,2,1,control,basal
220,10,2,1,control,basal
220,10,2,1,control,basal
220,10,2,1,control,basal
220,10,2,1,control,basal
220,10,2,1,control,basal
220,10,2,1,control,basal
220,10,1,1,control,basal
220,10,2,1,control,basal
220,10,2,1,control,basal
220,10,1,1,control,basal
220,10,2,1,control,basal
220,10,2,1,control,basal
220,10,1,1,control,basal
220,10,1,1,control,basal
220,10,1,1,control,basal
220,10,2,1,control,basal
220,10,2,1,control,basal
220,10,2,1,control,basal
220,10,2,1,control,basal
220,11,1,1,control,basal
220,11,2,1,control,basal
220,11,1,1,control,basal
220,11,1,1,control,basal
220,11,2,1,control,basal
220,11,1,1,control,basal
220,11,2,1,control,basal
220,11,1,1,control,basal
220,11,2,1,control,basal
220,11,1,1,control,basal
220,11,2,1,control,basal
220,11,2,1,control,basal
220,11,2,1,control,basal
220,11,2,1,control,basal
220,11,1,1,control,basal
220,11,2,1,control,basal
220,11,1,1,control,basal
220,11,2,1,control,basal
220,11,1,1,control,basal
220,11,2,1,control,basal
220,11,1,1,control,basal
220,11,2,1,control,basal
220,11,1,1,control,basal
220,11,1,1,control,basal
220,11,1,1,control,basal
220,11,2,1,control,basal
220,11,2,1,control,basal
220,11,2,1,control,basal
220,11,1,1,control,basal
220,11,2,1,control,basal
220,11,2,1,control,basal
220,11,1,1,control,basal
220,11,2,1,control,basal
220,11,2,1,control,basal
220,11,1,1,control,basal
220,11,2,1,control,basal
220,11,2,1,control,basal
220,11,2,1,control,basal
220,11,1,1,control,basal
220,11,2,1,control,basal
220,11,2,1,control,basal
220,11,2,1,control,basal
220,11,2,1,control,basal
220,11,2,1,control,basal
220,11,1,1,control,basal
220,11,1,1,control,basal
220,11,2,1,control,basal
220,11,2,1,control,basal
220,11,2,1,control,basal
220,11,2,1,control,basal
220,11,1,1,control,basal
220,11,1,1,control,basal
220,11,2,1,control,basal
220,11,2,1,control,basal
220,11,2,1,control,basal
220,11,1,1,control,basal
220,11,1,1,control,basal
220,11,2,1,control,basal
220,14,2,1,control,basal
220,14,1,1,control,basal
220,14,1,1,control,basal
220,14,2,1,control,basal
220,14,2,1,control,basal
220,14,1,1,control,basal
220,14,2,1,control,basal
220,14,1,1,control,basal
220,14,2,1,control,basal
220,14,1,1,control,basal
220,14,2,1,control,basal
220,14,1,1,control,basal
220,14,2,1,control,basal
220,14,2,1,control,basal
220,14,1,1,control,basal
220,14,2,1,control,basal
220,14,1,1,control,basal
220,14,2,1,control,basal
220,14,1,1,control,basal
220,14,1,1,control,basal
220,14,2,1,control,basal
220,14,1,1,control,basal
220,14,2,1,control,basal
220,14,1,1,control,basal
220,14,1,1,control,basal
220,14,1,1,control,basal
220,14,1,1,control,basal
220,14,1,1,control,basal
220,14,1,1,control,basal
220,14,1,1,control,basal
220,14,1,1,control,basal
220,14,1,1,control,basal
220,14,1,1,control,basal
220,14,2,1,control,basal
220,14,2,1,control,basal
220,14,1,1,control,basal
220,14,2,1,control,basal
220,14,1,1,control,basal
220,14,1,1,control,basal
220,14,2,1,control,basal
220,14,1,1,control,basal
220,14,1,1,control,basal
220,14,1,1,control,basal
220,14,2,1,control,basal
220,14,1,1,control,basal
220,14,1,1,control,basal
220,14,1,1,control,basal
220,14,1,1,control,basal
220,14,2,1,control,basal
220,14,2,1,control,basal
220,14,1,1,control,basal
220,14,1,1,control,basal
220,14,1,1,control,basal
220,14,1,1,control,basal
220,14,1,1,control,basal
220,14,2,1,control,basal
220,14,1,1,control,basal
220,14,2,1,control,basal
220,14,1,1,control,basal
220,15,2,1,control,basal
220,15,1,1,control,basal
220,15,1,1,control,basal
220,15,1,1,control,basal
220,15,1,1,control,basal
220,15,2,1,control,basal
220,15,1,1,control,basal
220,15,1,1,control,basal
220,15,2,1,control,basal
220,15,1,1,control,basal
220,15,1,1,control,basal
220,15,2,1,control,basal
220,15,1,1,control,basal
220,15,2,1,control,basal
220,15,1,1,control,basal
220,15,2,1,control,basal
220,15,1,1,control,basal
220,15,2,1,control,basal
220,15,1,1,control,basal
220,15,1,1,control,basal
220,15,2,1,control,basal
220,15,1,1,control,basal
220,15,1,1,control,basal
220,15,1,1,control,basal
220,15,1,1,control,basal
220,15,2,1,control,basal
220,15,1,1,control,basal
220,15,2,1,control,basal
220,15,1,1,control,basal
220,15,2,1,control,basal
220,15,2,1,control,basal
220,15,1,1,control,basal
220,15,1,1,control,basal
220,15,1,1,control,basal
220,15,1,1,control,basal
220,15,2,1,control,basal
220,15,2,1,control,basal
220,15,1,1,control,basal
220,15,2,1,control,basal
220,15,1,1,control,basal
220,15,1,1,control,basal
220,15,1,1,control,basal
220,15,1,1,control,basal
220,15,1,1,control,basal
220,15,1,1,control,basal
220,15,1,1,control,basal
220,17,2,1,control,experimental
220,17,1,1,control,experimental
220,17,2,1,control,experimental
220,17,1,1,control,experimental
220,17,1,1,control,experimental
220,17,1,1,control,experimental
220,17,1,1,control,experimental
220,17,2,1,control,experimental
220,17,1,1,control,experimental
220,17,1,1,control,experimental
220,17,2,1,control,experimental
220,17,1,1,control,experimental
220,17,1,1,control,experimental
220,17,2,1,control,experimental
220,17,1,1,control,experimental
220,17,1,1,control,experimental
220,17,1,1,control,experimental
220,17,1,1,control,experimental
220,17,1,1,control,experimental
220,17,2,1,control,experimental
220,17,1,1,control,experimental
220,17,1,1,control,experimental
220,17,1,1,control,experimental
220,17,2,1,control,experimental
220,17,1,1,control,experimental
220,17,1,1,control,experimental
220,17,1,1,control,experimental
220,17,1,1,control,experimental
220,17,1,1,control,experimental
220,17,2,1,control,experimental
220,17,1,1,control,experimental
220,17,1,1,control,experimental
220,17,1,1,control,experimental
220,17,2,1,control,experimental
220,17,2,1,control,experimental
220,17,1,1,control,experimental
220,17,1,1,control,experimental
220,17,1,1,control,experimental
220,17,1,1,control,experimental
220,17,1,1,control,experimental
220,17,2,1,control,experimental
220,17,1,1,control,experimental
220,17,1,1,control,experimental
220,17,1,1,control,experimental
220,17,1,1,control,experimental
220,17,2,1,control,experimental
220,17,1,1,control,experimental
220,21,1,1,control,experimental
220,21,2,1,control,experimental
220,21,2,1,control,experimental
220,21,1,1,control,experimental
220,21,2,1,control,experimental
220,21,1,1,control,experimental
220,21,2,1,control,experimental
220,21,2,1,control,experimental
220,21,1,1,control,experimental
220,21,1,1,control,experimental
220,21,1,1,control,experimental
220,21,2,1,control,experimental
220,21,1,1,control,experimental
220,21,2,1,control,experimental
220,21,1,1,control,experimental
220,21,2,1,control,experimental
220,21,2,1,control,experimental
220,21,1,1,control,experimental
220,21,1,1,control,experimental
220,21,1,1,control,experimental
220,21,1,1,control,experimental
220,21,2,1,control,experimental
220,21,1,1,control,experimental
220,21,1,1,control,experimental
220,21,1,1,control,experimental
220,21,1,1,control,experimental
220,21,2,1,control,experimental
220,21,2,1,control,experimental
220,21,1,1,control,experimental
220,21,1,1,control,experimental
220,21,1,1,control,experimental
220,21,1,1,control,experimental
220,21,1,1,control,experimental
220,21,2,1,control,experimental
220,21,2,1,control,experimental
220,21,1,1,control,experimental
220,21,1,1,control,experimental
220,21,1,1,control,experimental
220,21,1,1,control,experimental
220,21,2,1,control,experimental
220,21,1,1,control,experimental
220,21,1,1,control,experimental
220,21,1,1,control,experimental
220,21,1,1,control,experimental
220,21,1,1,control,experimental
220,21,1,1,control,experimental
220,21,1,1,control,experimental
220,21,1,1,control,experimental
220,21,1,1,control,experimental
220,21,1,1,control,experimental
220,21,1,1,control,experimental
220,21,1,1,control,experimental
220,21,1,1,control,experimental
220,21,1,1,control,experimental
220,21,1,1,control,experimental
220,21,1,1,control,experimental
220,22,1,1,control,experimental
220,22,1,1,control,experimental
220,22,2,1,control,experimental
220,22,1,1,control,experimental
220,22,1,1,control,experimental
220,22,2,1,control,experimental
220,22,2,1,control,experimental
220,22,2,1,control,experimental
220,22,1,1,control,experimental
220,22,1,1,control,experimental
220,22,1,1,control,experimental
220,22,2,1,control,experimental
220,22,1,1,control,experimental
220,22,1,1,control,experimental
220,22,1,1,control,experimental
220,22,2,1,control,experimental
220,22,1,1,control,experimental
220,22,1,1,control,experimental
220,22,2,1,control,experimental
220,22,1,1,control,experimental
220,22,1,1,control,experimental
220,22,1,1,control,experimental
220,22,1,1,control,experimental
220,22,2,1,control,experimental
220,22,1,1,control,experimental
220,22,2,1,control,experimental
220,22,1,1,control,experimental
220,22,1,1,control,experimental
220,22,2,1,control,experimental
220,22,2,1,control,experimental
220,22,1,1,control,experimental
220,22,2,1,control,experimental
220,22,1,1,control,experimental
220,22,1,1,control,experimental
220,22,1,1,control,experimental
220,22,1,1,control,experimental
220,22,1,1,control,experimental
220,22,1,1,control,experimental
220,22,2,1,control,experimental
220,22,1,1,control,experimental
220,22,2,1,control,experimental
220,22,2,1,control,experimental
220,22,1,1,control,experimental
220,22,1,1,control,experimental
220,22,1,1,control,experimental
220,22,2,1,control,experimental
220,22,1,1,control,experimental
220,22,1,1,control,experimental
220,22,2,1,control,experimental
220,22,1,1,control,experimental
220,22,1,1,control,experimental
220,22,2,1,control,experimental
220,22,1,1,control,experimental
220,22,1,1,control,experimental
220,22,1,1,control,experimental
220,22,1,1,control,experimental
220,22,2,1,control,experimental
220,23,1,1,control,experimental
220,23,1,1,control,experimental
220,23,1,1,control,experimental
220,23,2,1,control,experimental
220,23,1,1,control,experimental
220,23,1,1,control,experimental
220,23,2,1,control,experimental
220,23,1,1,control,experimental
220,23,2,1,control,experimental
220,23,1,1,control,experimental
220,23,1,1,control,experimental
220,23,2,1,control,experimental
220,23,1,1,control,experimental
220,23,1,1,control,experimental
220,23,1,1,control,experimental
220,23,1,1,control,experimental
220,23,2,1,control,experimental
220,23,1,1,control,experimental
220,23,1,1,control,experimental
220,23,1,1,control,experimental
220,23,1,1,control,experimental
220,23,1,1,control,experimental
220,23,1,1,control,experimental
220,23,1,1,control,experimental
220,23,2,1,control,experimental
220,23,1,1,control,experimental
220,23,1,1,control,experimental
220,23,1,1,control,experimental
220,23,1,1,control,experimental
220,23,2,1,control,experimental
220,23,1,1,control,experimental
220,23,1,1,control,experimental
220,23,1,1,control,experimental
220,23,1,1,control,experimental
220,23,1,1,control,experimental
220,23,1,1,control,experimental
220,23,1,1,control,experimental
220,23,1,1,control,experimental
220,23,1,1,control,experimental
220,23,1,1,control,experimental
220,23,2,1,control,experimental
220,23,1,1,control,experimental
220,23,1,1,control,experimental
220,23,1,1,control,experimental
220,23,1,1,control,experimental
220,23,1,1,control,experimental
220,23,1,1,control,experimental
220,23,1,1,control,experimental
220,23,1,1,control,experimental
220,23,2,1,control,experimental
220,23,1,1,control,experimental
220,23,1,1,control,experimental
220,24,2,1,control,experimental
220,24,1,1,control,experimental
220,24,1,1,control,experimental
220,24,2,1,control,experimental
220,24,2,1,control,experimental
220,24,1,1,control,experimental
220,24,1,1,control,experimental
220,24,1,1,control,experimental
220,24,1,1,control,experimental
220,24,2,1,control,experimental
220,24,1,1,control,experimental
220,24,2,1,control,experimental
220,24,1,1,control,experimental
220,24,1,1,control,experimental
220,24,2,1,control,experimental
220,24,1,1,control,experimental
220,24,1,1,control,experimental
220,24,2,1,control,experimental
220,24,1,1,control,experimental
220,24,1,1,control,experimental
220,24,1,1,control,experimental
220,24,2,1,control,experimental
220,24,1,1,control,experimental
220,24,1,1,control,experimental
220,24,2,1,control,experimental
220,24,1,1,control,experimental
220,24,1,1,control,experimental
220,24,1,1,control,experimental
220,24,1,1,control,experimental
220,24,2,1,control,experimental
220,24,1,1,control,experimental
220,24,1,1,control,experimental
220,24,2,1,control,experimental
220,24,1,1,control,experimental
220,24,1,1,control,experimental
220,24,1,1,control,experimental
220,24,1,1,control,experimental
220,24,1,1,control,experimental
220,24,1,1,control,experimental
220,24,2,1,control,experimental
220,24,1,1,control,experimental
220,24,1,1,control,experimental
220,24,1,1,control,experimental
220,24,1,1,control,experimental
220,24,2,1,control,experimental
220,24,1,1,control,experimental
220,24,1,1,control,experimental
220,24,1,1,control,experimental
220,24,1,1,control,experimental
220,24,1,1,control,experimental
220,24,1,1,control,experimental
220,24,1,1,control,experimental
220,24,1,1,control,experimental
220,24,2,1,control,experimental
220,24,1,1,control,experimental
220,24,2,1,control,experimental
220,24,1,1,control,experimental
220,24,1,1,control,experimental
220,24,1,1,control,experimental
220,24,2,1,control,experimental
220,28,2,1,control,experimental
220,28,1,1,control,experimental
220,28,2,1,control,experimental
220,28,1,1,control,experimental
220,28,2,1,control,experimental
220,28,1,1,control,experimental
220,28,1,1,control,experimental
220,28,1,1,control,experimental
220,28,2,1,control,experimental
220,28,2,1,control,experimental
220,28,1,1,control,experimental
220,28,2,1,control,experimental
220,28,1,1,control,experimental
220,28,2,1,control,experimental
220,28,1,1,control,experimental
220,28,1,1,control,experimental
220,28,1,1,control,experimental
220,28,1,1,control,experimental
220,28,1,1,control,experimental
220,28,2,1,control,experimental
220,28,1,1,control,experimental
220,28,1,1,control,experimental
220,28,2,1,control,experimental
220,28,1,1,control,experimental
220,28,2,1,control,experimental
220,28,1,1,control,experimental
220,28,1,1,control,experimental
220,28,1,1,control,experimental
220,28,1,1,control,experimental
220,28,2,1,control,experimental
220,28,1,1,control,experimental
220,28,1,1,control,experimental
220,28,1,1,control,experimental
220,28,1,1,control,experimental
220,28,2,1,control,experimental
220,28,1,1,control,experimental
220,28,1,1,control,experimental
220,28,1,1,control,experimental
220,28,1,1,control,experimental
220,28,1,1,control,experimental
220,28,2,1,control,experimental
220,28,1,1,control,experimental
220,28,1,1,control,experimental
220,28,1,1,control,experimental
220,28,2,1,control,experimental
220,28,2,1,control,experimental
220,28,1,1,control,experimental
220,28,2,1,control,experimental
220,28,1,1,control,experimental
220,28,1,1,control,experimental
220,28,1,1,control,experimental
220,28,1,1,control,experimental
220,28,1,1,control,experimental
220,28,1,1,control,experimental
220,28,1,1,control,experimental
220,29,2,1,control,experimental
220,29,1,1,control,experimental
220,29,2,1,control,experimental
220,29,1,1,control,experimental
220,29,1,1,control,experimental
220,29,1,1,control,experimental
220,29,2,1,control,experimental
220,29,2,1,control,experimental
220,29,1,1,control,experimental
220,29,1,1,control,experimental
220,29,1,1,control,experimental
220,29,1,1,control,experimental
220,29,1,1,control,experimental
220,29,2,1,control,experimental
220,29,1,1,control,experimental
220,29,2,1,control,experimental
220,29,1,1,control,experimental
220,29,1,1,control,experimental
220,29,1,1,control,experimental
220,29,1,1,control,experimental
220,29,2,1,control,experimental
220,29,2,1,control,experimental
220,29,2,1,control,experimental
220,29,1,1,control,experimental
220,29,1,1,control,experimental
220,29,2,1,control,experimental
220,29,2,1,control,experimental
220,29,1,1,control,experimental
220,29,1,1,control,experimental
220,29,2,1,control,experimental
220,29,1,1,control,experimental
220,29,1,1,control,experimental
220,29,1,1,control,experimental
220,29,1,1,control,experimental
220,29,1,1,control,experimental
220,29,1,1,control,experimental
220,29,1,1,control,experimental
220,29,1,1,control,experimental
220,29,2,1,control,experimental
220,29,2,1,control,experimental
220,29,1,1,control,experimental
220,29,1,1,control,experimental
220,29,1,1,control,experimental
220,29,2,1,control,experimental
220,29,1,1,control,experimental
220,29,1,1,control,experimental
220,29,1,1,control,experimental
220,29,1,1,control,experimental
220,29,2,1,control,experimental
220,29,1,1,control,experimental
220,29,1,1,control,experimental
220,29,1,1,control,experimental
220,29,1,1,control,experimental
220,30,1,1,control,experimental
220,30,1,1,control,experimental
220,30,2,1,control,experimental
220,30,2,1,control,experimental
220,30,1,1,control,experimental
220,30,1,1,control,experimental
220,30,2,1,control,experimental
220,30,1,1,control,experimental
220,30,2,1,control,experimental
220,30,1,1,control,experimental
220,30,1,1,control,experimental
220,30,1,1,control,experimental
220,30,2,1,control,experimental
220,30,2,1,control,experimental
220,30,1,1,control,experimental
220,30,2,1,control,experimental
220,30,1,1,control,experimental
220,30,2,1,control,experimental
220,30,1,1,control,experimental
220,30,1,1,control,experimental
220,30,2,1,control,experimental
220,30,1,1,control,experimental
220,30,2,1,control,experimental
220,30,1,1,control,experimental
220,30,1,1,control,experimental
220,30,1,1,control,experimental
220,30,1,1,control,experimental
220,30,2,1,control,experimental
220,30,1,1,control,experimental
220,30,1,1,control,experimental
220,30,1,1,control,experimental
220,30,1,1,control,experimental
220,30,2,1,control,experimental
220,30,1,1,control,experimental
220,30,2,1,control,experimental
220,30,1,1,control,experimental
220,30,1,1,control,experimental
220,30,1,1,control,experimental
220,31,2,1,control,experimental
220,31,1,1,control,experimental
220,31,2,1,control,experimental
220,31,1,1,control,experimental
220,31,1,1,control,experimental
220,31,2,1,control,experimental
220,31,1,1,control,experimental
220,31,2,1,control,experimental
220,31,2,1,control,experimental
220,31,1,1,control,experimental
220,31,1,1,control,experimental
220,31,2,1,control,experimental
220,31,2,1,control,experimental
220,31,1,1,control,experimental
220,31,1,1,control,experimental
220,31,2,1,control,experimental
220,31,1,1,control,experimental
220,31,1,1,control,experimental
220,31,2,1,control,experimental
220,31,1,1,control,experimental
220,31,1,1,control,experimental
220,31,2,1,control,experimental
220,31,1,1,control,experimental
220,31,1,1,control,experimental
220,31,1,1,control,experimental
220,31,1,1,control,experimental
220,31,2,1,control,experimental
220,31,2,1,control,experimental
220,31,1,1,control,experimental
220,31,1,1,control,experimental
220,31,1,1,control,experimental
220,31,2,1,control,experimental
220,32,2,1,control,experimental
220,32,1,1,control,experimental
220,32,2,1,control,experimental
220,32,1,1,control,experimental
220,32,2,1,control,experimental
220,32,1,1,control,experimental
220,32,1,1,control,experimental
220,32,1,1,control,experimental
220,32,1,1,control,experimental
220,32,1,1,control,experimental
220,32,2,1,control,experimental
220,32,2,1,control,experimental
220,32,2,1,control,experimental
220,32,1,1,control,experimental
220,32,1,1,control,experimental
220,32,1,1,control,experimental
220,32,2,1,control,experimental
220,32,2,1,control,experimental
220,32,1,1,control,experimental
220,32,1,1,control,experimental
220,32,1,1,control,experimental
220,32,1,1,control,experimental
220,32,1,1,control,experimental
220,32,2,1,control,experimental
220,32,1,1,control,experimental
220,32,2,1,control,experimental
220,32,1,1,control,experimental
220,32,2,1,control,experimental
220,32,2,1,control,experimental
220,32,1,1,control,experimental
220,32,2,1,control,experimental
220,32,1,1,control,experimental
220,32,2,1,control,experimental
220,32,1,1,control,experimental
220,32,2,1,control,experimental
220,32,2,1,control,experimental
220,32,2,1,control,experimental
220,32,2,1,control,experimental
220,32,2,1,control,experimental
220,32,1,1,control,experimental
220,32,1,1,control,experimental
220,35,1,1,control,experimental
220,35,2,1,control,experimental
220,35,1,1,control,experimental
220,35,2,1,control,experimental
220,35,2,1,control,experimental
220,35,1,1,control,experimental
220,35,1,1,control,experimental
220,35,1,1,control,experimental
220,35,1,1,control,experimental
220,35,1,1,control,experimental
220,35,1,1,control,experimental
220,35,2,1,control,experimental
220,35,1,1,control,experimental
220,35,2,1,control,experimental
220,35,2,1,control,experimental
220,35,1,1,control,experimental
220,35,1,1,control,experimental
220,35,2,1,control,experimental
220,35,1,1,control,experimental
220,35,1,1,control,experimental
220,35,1,1,control,experimental
220,35,2,1,control,experimental
220,35,1,1,control,experimental
220,35,1,1,control,experimental
220,35,1,1,control,experimental
220,35,2,1,control,experimental
220,35,1,1,control,experimental
220,35,1,1,control,experimental
220,35,1,1,control,experimental
220,35,1,1,control,experimental
220,35,2,1,control,experimental
220,35,1,1,control,experimental
220,35,2,1,control,experimental
220,35,2,1,control,experimental
220,35,1,1,control,experimental
220,35,1,1,control,experimental
220,35,2,1,control,experimental
220,35,1,1,control,experimental
220,35,1,1,control,experimental
220,36,1,1,control,experimental
220,36,2,1,control,experimental
220,36,2,1,control,experimental
220,36,1,1,control,experimental
220,36,1,1,control,experimental
220,36,2,1,control,experimental
220,36,1,1,control,experimental
220,36,2,1,control,experimental
220,36,2,1,control,experimental
220,36,1,1,control,experimental
220,36,2,1,control,experimental
220,36,1,1,control,experimental
220,36,2,1,control,experimental
220,36,2,1,control,experimental
220,36,2,1,control,experimental
220,36,2,1,control,experimental
220,36,2,1,control,experimental
220,36,2,1,control,experimental
220,36,1,1,control,experimental
220,36,2,1,control,experimental
220,36,2,1,control,experimental
220,36,1,1,control,experimental
220,36,2,1,control,experimental
220,36,2,1,control,experimental
220,36,2,1,control,experimental
220,36,1,1,control,experimental
220,36,2,1,control,experimental
220,36,2,1,control,experimental
220,36,2,1,control,experimental
220,36,1,1,control,experimental
220,36,2,1,control,experimental
220,36,1,1,control,experimental
220,36,1,1,control,experimental
220,36,1,1,control,experimental
220,36,2,1,control,experimental
220,36,2,1,control,experimental
220,36,1,1,control,experimental
220,36,2,1,control,experimental
220,36,1,1,control,experimental
220,36,1,1,control,experimental
220,36,2,1,control,experimental
220,36,2,1,control,experimental
220,36,2,1,control,experimental
220,36,1,1,control,experimental
220,36,1,1,control,experimental
220,36,2,1,control,experimental
220,36,1,1,control,experimental
220,36,1,1,control,experimental
220,37,1,1,control,experimental
220,37,2,1,control,experimental
220,37,2,1,control,experimental
220,37,2,1,control,experimental
220,37,1,1,control,experimental
220,37,1,1,control,experimental
220,37,1,1,control,experimental
220,37,2,1,control,experimental
220,37,2,1,control,experimental
220,37,2,1,control,experimental
220,37,2,1,control,experimental
220,37,2,1,control,experimental
220,37,1,1,control,experimental
220,37,1,1,control,experimental
220,37,1,1,control,experimental
220,37,1,1,control,experimental
220,37,2,1,control,experimental
220,37,2,1,control,experimental
220,37,1,1,control,experimental
220,37,2,1,control,experimental
220,37,1,1,control,experimental
220,37,2,1,control,experimental
220,37,2,1,control,experimental
220,37,2,1,control,experimental
220,37,2,1,control,experimental
220,37,1,1,control,experimental
220,37,1,1,control,experimental
220,37,2,1,control,experimental
220,37,1,1,control,experimental
220,37,2,1,control,experimental
220,37,2,1,control,experimental
220,37,2,1,control,experimental
220,37,2,1,control,experimental
220,37,2,1,control,experimental
220,37,1,1,control,experimental
220,37,1,1,control,experimental
220,37,2,1,control,experimental
220,37,2,1,control,experimental
220,37,1,1,control,experimental
220,37,2,1,control,experimental
220,37,1,1,control,experimental
220,37,1,1,control,experimental
220,37,1,1,control,experimental
220,37,1,1,control,experimental
220,37,2,1,control,experimental
220,37,1,1,control,experimental
220,37,2,1,control,experimental
220,37,1,1,control,experimental
220,37,1,1,control,experimental
220,37,1,1,control,experimental
220,37,2,1,control,experimental
220,37,2,1,control,experimental
220,38,2,1,control,experimental
220,38,1,1,control,experimental
220,38,1,1,control,experimental
220,38,2,1,control,experimental
220,38,1,1,control,experimental
220,38,2,1,control,experimental
220,38,1,1,control,experimental
220,38,1,1,control,experimental
220,38,2,1,control,experimental
220,38,2,1,control,experimental
220,38,2,1,control,experimental
220,38,1,1,control,experimental
220,38,1,1,control,experimental
220,38,1,1,control,experimental
220,38,1,1,control,experimental
220,38,1,1,control,experimental
220,38,1,1,control,experimental
220,38,2,1,control,experimental
220,38,1,1,control,experimental
220,38,1,1,control,experimental
220,38,2,1,control,experimental
220,38,1,1,control,experimental
220,38,1,1,control,experimental
220,38,2,1,control,experimental
220,38,1,1,control,experimental
220,38,1,1,control,experimental
220,38,2,1,control,experimental
220,38,1,1,control,experimental
220,38,1,1,control,experimental
220,38,2,1,control,experimental
220,38,1,1,control,experimental
220,38,1,1,control,experimental
220,38,1,1,control,experimental
220,38,1,1,control,experimental
220,38,2,1,control,experimental
220,38,1,1,control,experimental
220,38,2,1,control,experimental
220,38,1,1,control,experimental
220,38,1,1,control,experimental
220,38,1,1,control,experimental
220,38,1,1,control,experimental
220,38,2,1,control,experimental
220,38,1,1,control,experimental
220,38,1,1,control,experimental
221,0,1,1,control,basal
221,0,2,1,control,basal
221,0,1,1,control,basal
221,0,1,1,control,basal
221,0,2,1,control,basal
221,0,2,1,control,basal
221,0,1,1,control,basal
221,0,2,1,control,basal
221,0,1,1,control,basal
221,0,2,1,control,basal
221,0,2,1,control,basal
221,0,2,1,control,basal
221,0,2,1,control,basal
221,0,1,1,control,basal
221,0,1,1,control,basal
221,0,1,1,control,basal
221,0,2,1,control,basal
221,0,1,1,control,basal
221,0,2,1,control,basal
221,0,1,1,control,basal
221,1,2,1,control,basal
221,1,1,1,control,basal
221,1,2,1,control,basal
221,1,1,1,control,basal
221,1,2,1,control,basal
221,1,1,1,control,basal
221,2,1,1,control,basal
221,2,1,1,control,basal
221,2,1,1,control,basal
221,2,1,1,control,basal
221,2,2,1,control,basal
221,2,1,1,control,basal
221,2,2,1,control,basal
221,2,2,1,control,basal
221,2,1,1,control,basal
221,2,1,1,control,basal
221,2,2,1,control,basal
221,2,1,1,control,basal
221,2,1,1,control,basal
221,2,1,1,control,basal
221,2,1,1,control,basal
221,2,1,1,control,basal
221,2,1,1,control,basal
221,2,2,1,control,basal
221,2,2,1,control,basal
221,2,1,1,control,basal
221,2,1,1,control,basal
221,2,1,1,control,basal
221,2,2,1,control,basal
221,2,1,1,control,basal
221,2,1,1,control,basal
221,2,1,1,control,basal
221,2,1,1,control,basal
221,2,1,1,control,basal
221,2,2,1,control,basal
221,2,1,1,control,basal
221,2,1,1,control,basal
221,2,1,1,control,basal
221,2,1,1,control,basal
221,2,1,1,control,basal
221,2,2,1,control,basal
221,2,1,1,control,basal
221,2,1,1,control,basal
221,2,1,1,control,basal
221,2,1,1,control,basal
221,2,1,1,control,basal
221,2,1,1,control,basal
221,2,1,1,control,basal
221,2,1,1,control,basal
221,2,2,1,control,basal
221,2,1,1,control,basal
221,2,1,1,control,basal
221,3,1,1,control,basal
221,3,2,1,control,basal
221,3,1,1,control,basal
221,3,2,1,control,basal
221,3,1,1,control,basal
221,3,1,1,control,basal
221,3,1,1,control,basal
221,3,2,1,control,basal
221,3,2,1,control,basal
221,3,1,1,control,basal
221,3,1,1,control,basal
221,3,1,1,control,basal
221,3,2,1,control,basal
221,3,1,1,control,basal
221,3,1,1,control,basal
221,3,1,1,control,basal
221,3,1,1,control,basal
221,3,1,1,control,basal
221,3,2,1,control,basal
221,3,1,1,control,basal
221,3,2,1,control,basal
221,3,1,1,control,basal
221,3,1,1,control,basal
221,3,1,1,control,basal
221,3,1,1,control,basal
221,3,1,1,control,basal
221,3,1,1,control,basal
221,3,1,1,control,basal
221,3,1,1,control,basal
221,3,1,1,control,basal
221,3,1,1,control,basal
221,3,1,1,control,basal
221,3,1,1,control,basal
221,3,1,1,control,basal
221,3,1,1,control,basal
221,7,2,1,control,basal
221,7,1,1,control,basal
221,7,1,1,control,basal
221,7,1,1,control,basal
221,7,2,1,control,basal
221,7,2,1,control,basal
221,7,1,1,control,basal
221,7,2,1,control,basal
221,7,1,1,control,basal
221,7,1,1,control,basal
221,7,2,1,control,basal
221,7,2,1,control,basal
221,7,1,1,control,basal
221,7,1,1,control,basal
221,7,1,1,control,basal
221,7,2,1,control,basal
221,7,1,1,control,basal
221,7,1,1,control,basal
221,7,2,1,control,basal
221,7,1,1,control,basal
221,7,1,1,control,basal
221,7,1,1,control,basal
221,7,1,1,control,basal
221,7,1,1,control,basal
221,7,2,1,control,basal
221,7,1,1,control,basal
221,7,1,1,control,basal
221,7,1,1,control,basal
221,7,1,1,control,basal
221,7,2,1,control,basal
221,7,1,1,control,basal
221,7,1,1,control,basal
221,7,1,1,control,basal
221,7,1,1,control,basal
221,7,1,1,control,basal
221,7,1,1,control,basal
221,7,1,1,control,basal
221,8,2,1,control,basal
221,8,1,1,control,basal
221,8,1,1,control,basal
221,8,1,1,control,basal
221,8,1,1,control,basal
221,8,2,1,control,basal
221,8,1,1,control,basal
221,8,2,1,control,basal
221,8,1,1,control,basal
221,8,1,1,control,basal
221,8,1,1,control,basal
221,8,2,1,control,basal
221,8,2,1,control,basal
221,8,2,1,control,basal
221,8,1,1,control,basal
221,8,2,1,control,basal
221,8,1,1,control,basal
221,8,2,1,control,basal
221,8,1,1,control,basal
221,8,2,1,control,basal
221,8,2,1,control,basal
221,8,1,1,control,basal
221,8,2,1,control,basal
221,8,2,1,control,basal
221,8,1,1,control,basal
221,8,1,1,control,basal
221,8,1,1,control,basal
221,8,1,1,control,basal
221,8,2,1,control,basal
221,8,2,1,control,basal
221,8,2,1,control,basal
221,8,2,1,control,basal
221,8,2,1,control,basal
221,8,2,1,control,basal
221,8,2,1,control,basal
221,8,1,1,control,basal
221,8,2,1,control,basal
221,8,1,1,control,basal
221,10,2,1,control,basal
221,10,1,1,control,basal
221,10,2,1,control,basal
221,10,1,1,control,basal
221,10,1,1,control,basal
221,10,2,1,control,basal
221,10,1,1,control,basal
221,10,1,1,control,basal
221,10,1,1,control,basal
221,10,1,1,control,basal
221,10,2,1,control,basal
221,10,2,1,control,basal
221,10,1,1,control,basal
221,10,1,1,control,basal
221,10,1,1,control,basal
221,10,2,1,control,basal
221,10,1,1,control,basal
221,10,2,1,control,basal
221,10,1,1,control,basal
221,10,2,1,control,basal
221,10,1,1,control,basal
221,10,2,1,control,basal
221,10,1,1,control,basal
221,10,2,1,control,basal
221,10,2,1,control,basal
221,10,2,1,control,basal
221,10,2,1,control,basal
221,10,2,1,control,basal
221,10,1,1,control,basal
221,10,2,1,control,basal
221,10,2,1,control,basal
221,10,2,1,control,basal
221,10,2,1,control,basal
221,10,2,1,control,basal
221,10,2,1,control,basal
221,10,2,1,control,basal
221,10,2,1,control,basal
221,10,2,1,control,basal
221,10,2,1,control,basal
221,10,2,1,control,basal
221,11,2,1,control,basal
221,11,1,1,control,basal
221,11,1,1,control,basal
221,11,1,1,control,basal
221,11,1,1,control,basal
221,11,2,1,control,basal
221,11,1,1,control,basal
221,11,2,1,control,basal
221,11,2,1,control,basal
221,11,1,1,control,basal
221,11,2,1,control,basal
221,11,1,1,control,basal
221,11,2,1,control,basal
221,11,2,1,control,basal
221,11,1,1,control,basal
221,11,2,1,control,basal
221,11,1,1,control,basal
221,11,2,1,control,basal
221,11,1,1,control,basal
221,11,1,1,control,basal
221,11,1,1,control,basal
221,11,1,1,control,basal
221,11,2,1,control,basal
221,11,1,1,control,basal
221,11,2,1,control,basal
221,11,2,1,control,basal
221,11,1,1,control,basal
221,11,1,1,control,basal
221,11,1,1,control,basal
221,11,1,1,control,basal
221,11,1,1,control,basal
221,11,1,1,control,basal
221,11,1,1,control,basal
221,11,1,1,control,basal
221,11,1,1,control,basal
221,11,1,1,control,basal
221,11,1,1,control,basal
221,14,2,1,control,basal
221,14,1,1,control,basal
221,14,1,1,control,basal
221,14,1,1,control,basal
221,14,2,1,control,basal
221,14,1,1,control,basal
221,14,1,1,control,basal
221,14,1,1,control,basal
221,14,1,1,control,basal
221,14,1,1,control,basal
221,14,2,1,control,basal
221,14,1,1,control,basal
221,14,1,1,control,basal
221,14,2,1,control,basal
221,14,2,1,control,basal
221,14,1,1,control,basal
221,14,1,1,control,basal
221,14,1,1,control,basal
221,14,1,1,control,basal
221,14,1,1,control,basal
221,14,1,1,control,basal
221,14,2,1,control,basal
221,14,1,1,control,basal
221,14,1,1,control,basal
221,14,1,1,control,basal
221,14,1,1,control,basal
221,14,1,1,control,basal
221,14,2,1,control,basal
221,14,2,1,control,basal
221,14,1,1,control,basal
221,14,1,1,control,basal
221,14,1,1,control,basal
221,14,1,1,control,basal
221,14,1,1,control,basal
221,14,1,1,control,basal
221,14,2,1,control,basal
221,14,2,1,control,basal
221,14,2,1,control,basal
221,16,1,1,control,experimental
221,16,1,1,control,experimental
221,16,1,1,control,experimental
221,16,1,1,control,experimental
221,16,1,1,control,experimental
221,16,2,1,control,experimental
221,16,1,1,control,experimental
221,16,1,1,control,experimental
221,16,1,1,control,experimental
221,16,2,1,control,experimental
221,16,1,1,control,experimental
221,16,1,1,control,experimental
221,16,1,1,control,experimental
221,16,2,1,control,experimental
221,16,1,1,control,experimental
221,16,1,1,control,experimental
221,16,2,1,control,experimental
221,16,1,1,control,experimental
221,16,2,1,control,experimental
221,16,1,1,control,experimental
221,16,2,1,control,experimental
221,16,1,1,control,experimental
221,16,1,1,control,experimental
221,16,2,1,control,experimental
221,16,1,1,control,experimental
221,16,2,1,control,experimental
221,16,1,1,control,experimental
221,16,2,1,control,experimental
221,16,1,1,control,experimental
221,16,1,1,control,experimental
221,16,1,1,control,experimental
221,16,2,1,control,experimental
221,16,1,1,control,experimental
221,16,2,1,control,experimental
221,16,1,1,control,experimental
221,16,1,1,control,experimental
221,16,1,1,control,experimental
221,16,1,1,control,experimental
221,16,2,1,control,experimental
221,16,2,1,control,experimental
221,16,1,1,control,experimental
221,16,1,1,control,experimental
221,16,2,1,control,experimental
221,17,1,1,control,experimental
221,17,1,1,control,experimental
221,17,2,1,control,experimental
221,17,1,1,control,experimental
221,17,2,1,control,experimental
221,17,1,1,control,experimental
221,17,1,1,control,experimental
221,17,2,1,control,experimental
221,17,2,1,control,experimental
221,17,2,1,control,experimental
221,17,1,1,control,experimental
221,17,1,1,control,experimental
221,17,2,1,control,experimental
221,17,1,1,control,experimental
221,17,2,1,control,experimental
221,17,1,1,control,experimental
221,17,1,1,control,experimental
221,17,1,1,control,experimental
221,17,1,1,control,experimental
221,17,1,1,control,experimental
221,17,2,1,control,experimental
221,17,2,1,control,experimental
221,17,2,1,control,experimental
221,17,1,1,control,experimental
221,17,1,1,control,experimental
221,17,2,1,control,experimental
221,17,2,1,control,experimental
221,17,2,1,control,experimental
221,17,2,1,control,experimental
221,17,2,1,control,experimental
221,17,1,1,control,experimental
221,17,2,1,control,experimental
221,17,2,1,control,experimental
221,17,2,1,control,experimental
221,17,2,1,control,experimental
221,17,2,1,control,experimental
221,17,2,1,control,experimental
221,17,1,1,control,experimental
221,17,1,1,control,experimental
221,17,2,1,control,experimental
221,17,1,1,control,experimental
221,17,1,1,control,experimental
221,17,2,1,control,experimental
221,17,2,1,control,experimental
221,17,2,1,control,experimental
221,17,2,1,control,experimental
221,17,1,1,control,experimental
221,17,2,1,control,experimental
221,17,2,1,control,experimental
221,17,2,1,control,experimental
221,17,1,1,control,experimental
221,18,1,1,control,experimental
221,18,2,1,control,experimental
221,18,1,1,control,experimental
221,18,1,1,control,experimental
221,18,2,1,control,experimental
221,18,1,1,control,experimental
221,18,2,1,control,experimental
221,18,2,1,control,experimental
221,18,1,1,control,experimental
221,18,1,1,control,experimental
221,18,1,1,control,experimental
221,18,2,1,control,experimental
221,18,2,1,control,experimental
221,18,1,1,control,experimental
221,18,1,1,control,experimental
221,18,1,1,control,experimental
221,18,1,1,control,experimental
221,18,2,1,control,experimental
221,18,1,1,control,experimental
221,18,1,1,control,experimental
221,18,2,1,control,experimental
221,18,1,1,control,experimental
221,18,1,1,control,experimental
221,18,1,1,control,experimental
221,18,1,1,control,experimental
221,18,2,1,control,experimental
221,18,1,1,control,experimental
221,18,1,1,control,experimental
221,18,2,1,control,experimental
221,18,1,1,control,experimental
221,18,1,1,control,experimental
221,18,1,1,control,experimental
221,18,1,1,control,experimental
221,18,1,1,control,experimental
221,18,1,1,control,experimental
221,18,1,1,control,experimental
221,18,1,1,control,experimental
221,18,2,1,control,experimental
221,18,1,1,control,experimental
221,18,1,1,control,experimental
221,21,2,1,control,experimental
221,21,1,1,control,experimental
221,21,2,1,control,experimental
221,21,1,1,control,experimental
221,21,1,1,control,experimental
221,21,2,1,control,experimental
221,21,1,1,control,experimental
221,21,2,1,control,experimental
221,21,1,1,control,experimental
221,21,1,1,control,experimental
221,21,1,1,control,experimental
221,21,2,1,control,experimental
221,21,2,1,control,experimental
221,21,1,1,control,experimental
221,21,1,1,control,experimental
221,21,2,1,control,experimental
221,21,1,1,control,experimental
221,21,2,1,control,experimental
221,21,1,1,control,experimental
221,21,1,1,control,experimental
221,21,1,1,control,experimental
221,21,2,1,control,experimental
221,21,2,1,control,experimental
221,21,1,1,control,experimental
221,21,1,1,control,experimental
221,21,2,1,control,experimental
221,21,1,1,control,experimental
221,21,1,1,control,experimental
221,21,1,1,control,experimental
221,21,2,1,control,experimental
221,21,1,1,control,experimental
221,21,1,1,control,experimental
221,21,1,1,control,experimental
221,21,2,1,control,experimental
221,21,1,1,control,experimental
221,21,2,1,control,experimental
221,21,1,1,control,experimental
221,21,2,1,control,experimental
221,21,1,1,control,experimental
221,21,1,1,control,experimental
221,21,1,1,control,experimental
221,21,2,1,control,experimental
221,21,2,1,control,experimental
221,21,1,1,control,experimental
221,21,2,1,control,experimental
221,22,1,1,control,experimental
221,22,2,1,control,experimental
221,22,1,1,control,experimental
221,22,2,1,control,experimental
221,22,1,1,control,experimental
221,22,2,1,control,experimental
221,22,1,1,control,experimental
221,22,2,1,control,experimental
221,22,1,1,control,experimental
221,22,2,1,control,experimental
221,22,1,1,control,experimental
221,22,2,1,control,experimental
221,22,1,1,control,experimental
221,22,1,1,control,experimental
221,22,1,1,control,experimental
221,22,2,1,control,experimental
221,22,2,1,control,experimental
221,22,1,1,control,experimental
221,22,2,1,control,experimental
221,22,1,1,control,experimental
221,22,1,1,control,experimental
221,22,1,1,control,experimental
221,22,2,1,control,experimental
221,22,2,1,control,experimental
221,22,2,1,control,experimental
221,22,1,1,control,experimental
221,22,1,1,control,experimental
221,22,2,1,control,experimental
221,22,1,1,control,experimental
221,22,1,1,control,experimental
221,22,2,1,control,experimental
221,22,2,1,control,experimental
221,22,2,1,control,experimental
221,22,2,1,control,experimental
221,22,2,1,control,experimental
221,22,1,1,control,experimental
221,22,2,1,control,experimental
221,22,2,1,control,experimental
221,22,1,1,control,experimental
221,22,2,1,control,experimental
221,22,1,1,control,experimental
221,22,2,1,control,experimental
221,22,2,1,control,experimental
221,22,2,1,control,experimental
221,22,2,1,control,experimental
221,22,2,1,control,experimental
221,22,1,1,control,experimental
221,22,2,1,control,experimental
221,22,1,1,control,experimental
221,23,2,1,control,experimental
221,23,1,1,control,experimental
221,23,1,1,control,experimental
221,23,2,1,control,experimental
221,23,1,1,control,experimental
221,23,2,1,control,experimental
221,23,1,1,control,experimental
221,23,2,1,control,experimental
221,23,1,1,control,experimental
221,23,2,1,control,experimental
221,23,2,1,control,experimental
221,23,1,1,control,experimental
221,23,2,1,control,experimental
221,23,1,1,control,experimental
221,23,2,1,control,experimental
221,23,2,1,control,experimental
221,23,1,1,control,experimental
221,23,2,1,control,experimental
221,23,2,1,control,experimental
221,23,2,1,control,experimental
221,23,1,1,control,experimental
221,23,2,1,control,experimental
221,23,2,1,control,experimental
221,23,2,1,control,experimental
221,23,2,1,control,experimental
221,23,2,1,control,experimental
221,23,2,1,control,experimental
221,23,1,1,control,experimental
221,23,1,1,control,experimental
221,23,1,1,control,experimental
221,23,2,1,control,experimental
221,23,1,1,control,experimental
221,23,2,1,control,experimental
221,23,1,1,control,experimental
221,23,2,1,control,experimental
221,23,2,1,control,experimental
221,23,1,1,control,experimental
221,23,2,1,control,experimental
221,23,1,1,control,experimental
221,23,2,1,control,experimental
221,23,2,1,control,experimental
221,23,2,1,control,experimental
221,23,1,1,control,experimental
221,23,2,1,control,experimental
221,23,2,1,control,experimental
221,23,1,1,control,experimental
221,23,2,1,control,experimental
221,23,1,1,control,experimental
221,23,2,1,control,experimental
221,23,1,1,control,experimental
221,23,2,1,control,experimental
221,23,1,1,control,experimental
221,24,1,1,control,experimental
221,24,1,1,control,experimental
221,24,1,1,control,experimental
221,24,2,1,control,experimental
221,24,1,1,control,experimental
221,24,2,1,control,experimental
221,24,1,1,control,experimental
221,24,1,1,control,experimental
221,24,2,1,control,experimental
221,24,1,1,control,experimental
221,24,1,1,control,experimental
221,24,2,1,control,experimental
221,24,1,1,control,experimental
221,24,1,1,control,experimental
221,24,1,1,control,experimental
221,24,1,1,control,experimental
221,24,2,1,control,experimental
221,24,1,1,control,experimental
221,24,2,1,control,experimental
221,24,1,1,control,experimental
221,24,1,1,control,experimental
221,24,1,1,control,experimental
221,24,1,1,control,experimental
221,24,1,1,control,experimental
221,24,2,1,control,experimental
221,24,2,1,control,experimental
221,24,2,1,control,experimental
221,24,1,1,control,experimental
221,24,2,1,control,experimental
221,24,1,1,control,experimental
221,24,2,1,control,experimental
221,24,2,1,control,experimental
221,24,1,1,control,experimental
221,24,2,1,control,experimental
221,24,2,1,control,experimental
221,24,2,1,control,experimental
221,24,2,1,control,experimental
221,24,1,1,control,experimental
221,24,2,1,control,experimental
221,24,1,1,control,experimental
221,24,1,1,control,experimental
221,24,2,1,control,experimental
221,28,1,1,control,experimental
221,28,2,1,control,experimental
221,28,2,1,control,experimental
221,28,1,1,control,experimental
221,28,1,1,control,experimental
221,28,2,1,control,experimental
221,28,2,1,control,experimental
221,28,1,1,control,experimental
221,28,2,1,control,experimental
221,28,1,1,control,experimental
221,28,2,1,control,experimental
221,28,1,1,control,experimental
221,28,2,1,control,experimental
221,28,1,1,control,experimental
221,28,2,1,control,experimental
221,28,2,1,control,experimental
221,28,1,1,control,experimental
221,28,2,1,control,experimental
221,28,1,1,control,experimental
221,28,1,1,control,experimental
221,28,1,1,control,experimental
221,28,2,1,control,experimental
221,28,1,1,control,experimental
221,28,2,1,control,experimental
221,28,1,1,control,experimental
221,28,2,1,control,experimental
221,28,1,1,control,experimental
221,28,2,1,control,experimental
221,28,1,1,control,experimental
221,28,1,1,control,experimental
221,28,2,1,control,experimental
221,28,1,1,control,experimental
221,28,2,1,control,experimental
221,28,1,1,control,experimental
221,28,2,1,control,experimental
221,28,1,1,control,experimental
221,28,2,1,control,experimental
221,28,1,1,control,experimental
221,28,1,1,control,experimental
221,28,1,1,control,experimental
221,28,1,1,control,experimental
221,28,2,1,control,experimental
221,28,1,1,control,experimental
221,28,1,1,control,experimental
221,28,1,1,control,experimental
221,28,2,1,control,experimental
221,28,2,1,control,experimental
221,28,2,1,control,experimental
221,28,1,1,control,experimental
221,28,2,1,control,experimental
221,29,2,1,control,experimental
221,29,2,1,control,experimental
221,29,1,1,control,experimental
221,29,1,1,control,experimental
221,29,1,1,control,experimental
221,29,2,1,control,experimental
221,29,1,1,control,experimental
221,29,1,1,control,experimental
221,29,1,1,control,experimental
221,29,2,1,control,experimental
221,29,1,1,control,experimental
221,29,2,1,control,experimental
221,29,2,1,control,experimental
221,29,2,1,control,experimental
221,29,1,1,control,experimental
221,29,1,1,control,experimental
221,29,2,1,control,experimental
221,29,2,1,control,experimental
221,29,1,1,control,experimental
221,29,2,1,control,experimental
221,29,2,1,control,experimental
221,29,2,1,control,experimental
221,29,1,1,control,experimental
221,29,1,1,control,experimental
221,29,2,1,control,experimental
221,29,1,1,control,experimental
221,29,1,1,control,experimental
221,29,1,1,control,experimental
221,29,1,1,control,experimental
221,29,1,1,control,experimental
221,29,2,1,control,experimental
221,29,2,1,control,experimental
221,29,2,1,control,experimental
221,29,1,1,control,experimental
221,29,1,1,control,experimental
221,29,1,1,control,experimental
221,29,2,1,control,experimental
221,29,2,1,control,experimental
221,29,2,1,control,experimental
221,29,1,1,control,experimental
221,29,2,1,control,experimental
221,29,1,1,control,experimental
221,29,2,1,control,experimental
221,29,2,1,control,experimental
221,29,1,1,control,experimental
221,29,2,1,control,experimental
221,29,2,1,control,experimental
221,29,1,1,control,experimental
221,29,1,1,control,experimental
221,29,1,1,control,experimental
221,29,2,1,control,experimental
221,29,2,1,control,experimental
221,29,2,1,control,experimental
221,29,2,1,control,experimental
221,29,1,1,control,experimental
221,29,2,1,control,experimental
221,29,1,1,control,experimental
221,29,2,1,control,experimental
221,29,1,1,control,experimental
221,29,1,1,control,experimental
221,29,1,1,control,experimental
221,29,2,1,control,experimental
221,29,2,1,control,experimental
221,29,2,1,control,experimental
221,30,2,1,control,experimental
221,30,1,1,control,experimental
221,30,1,1,control,experimental
221,30,2,1,control,experimental
221,30,1,1,control,experimental
221,30,1,1,control,experimental
221,30,2,1,control,experimental
221,30,1,1,control,experimental
221,30,2,1,control,experimental
221,30,2,1,control,experimental
221,30,1,1,control,experimental
221,30,1,1,control,experimental
221,30,2,1,control,experimental
221,30,1,1,control,experimental
221,30,2,1,control,experimental
221,30,2,1,control,experimental
221,30,2,1,control,experimental
221,30,1,1,control,experimental
221,30,2,1,control,experimental
221,30,1,1,control,experimental
221,30,2,1,control,experimental
221,30,1,1,control,experimental
221,30,2,1,control,experimental
221,30,1,1,control,experimental
221,30,1,1,control,experimental
221,30,1,1,control,experimental
221,30,2,1,control,experimental
221,30,1,1,control,experimental
221,30,2,1,control,experimental
221,30,1,1,control,experimental
221,30,2,1,control,experimental
221,30,1,1,control,experimental
221,30,2,1,control,experimental
221,30,1,1,control,experimental
221,30,2,1,control,experimental
221,30,1,1,control,experimental
221,30,2,1,control,experimental
221,30,2,1,control,experimental
221,30,1,1,control,experimental
221,30,1,1,control,experimental
221,30,2,1,control,experimental
221,30,2,1,control,experimental
221,30,1,1,control,experimental
221,31,1,1,control,experimental
221,31,1,1,control,experimental
221,31,2,1,control,experimental
221,31,1,1,control,experimental
221,31,1,1,control,experimental
221,31,1,1,control,experimental
221,31,2,1,control,experimental
221,31,1,1,control,experimental
221,31,2,1,control,experimental
221,31,1,1,control,experimental
221,31,1,1,control,experimental
221,31,1,1,control,experimental
221,31,2,1,control,experimental
221,31,2,1,control,experimental
221,31,1,1,control,experimental
221,31,1,1,control,experimental
221,31,2,1,control,experimental
221,31,1,1,control,experimental
221,31,1,1,control,experimental
221,31,2,1,control,experimental
221,31,1,1,control,experimental
221,31,2,1,control,experimental
221,31,1,1,control,experimental
221,31,1,1,control,experimental
221,31,1,1,control,experimental
221,31,2,1,control,experimental
221,31,1,1,control,experimental
221,31,1,1,control,experimental
221,31,2,1,control,experimental
221,31,1,1,control,experimental
221,31,1,1,control,experimental
221,31,1,1,control,experimental
221,31,1,1,control,experimental
221,31,1,1,control,experimental
221,31,1,1,control,experimental
221,31,1,1,control,experimental
221,31,2,1,control,experimental
221,31,2,1,control,experimental
221,32,2,1,control,experimental
221,32,1,1,control,experimental
221,32,2,1,control,experimental
221,32,1,1,control,experimental
221,32,1,1,control,experimental
221,32,1,1,control,experimental
221,32,2,1,control,experimental
221,32,1,1,control,experimental
221,32,1,1,control,experimental
221,32,2,1,control,experimental
221,32,1,1,control,experimental
221,32,1,1,control,experimental
221,32,1,1,control,experimental
221,32,2,1,control,experimental
221,32,2,1,control,experimental
221,32,1,1,control,experimental
221,32,1,1,control,experimental
221,32,2,1,control,experimental
221,32,1,1,control,experimental
221,32,1,1,control,experimental
221,32,1,1,control,experimental
221,32,2,1,control,experimental
221,32,1,1,control,experimental
221,32,1,1,control,experimental
221,32,1,1,control,experimental
221,32,1,1,control,experimental
221,32,1,1,control,experimental
221,32,1,1,control,experimental
221,32,1,1,control,experimental
221,32,1,1,control,experimental
221,32,1,1,control,experimental
221,32,1,1,control,experimental
221,32,1,1,control,experimental
221,32,1,1,control,experimental
221,32,1,1,control,experimental
221,32,1,1,control,experimental
221,32,1,1,control,experimental
221,32,1,1,control,experimental
221,32,2,1,control,experimental
221,32,1,1,control,experimental
221,35,1,1,control,experimental
221,35,2,1,control,experimental
221,35,1,1,control,experimental
221,35,2,1,control,experimental
221,35,1,1,control,experimental
221,35,2,1,control,experimental
221,35,1,1,control,experimental
221,35,1,1,control,experimental
221,35,1,1,control,experimental
221,35,1,1,control,experimental
221,35,1,1,control,experimental
221,35,2,1,control,experimental
221,35,1,1,control,experimental
221,35,2,1,control,experimental
221,35,1,1,control,experimental
221,35,1,1,control,experimental
221,35,1,1,control,experimental
221,35,1,1,control,experimental
221,35,2,1,control,experimental
221,35,2,1,control,experimental
221,35,1,1,control,experimental
221,35,2,1,control,experimental
221,35,1,1,control,experimental
221,35,2,1,control,experimental
221,35,1,1,control,experimental
221,35,2,1,control,experimental
221,35,2,1,control,experimental
221,35,1,1,control,experimental
221,35,1,1,control,experimental
221,35,2,1,control,experimental
221,35,1,1,control,experimental
221,35,2,1,control,experimental
221,35,2,1,control,experimental
221,35,2,1,control,experimental
221,35,1,1,control,experimental
221,35,2,1,control,experimental
221,35,2,1,control,experimental
221,35,2,1,control,experimental
221,35,2,1,control,experimental
221,35,1,1,control,experimental
221,35,1,1,control,experimental
221,35,1,1,control,experimental
221,35,2,1,control,experimental
221,36,2,1,control,experimental
221,36,1,1,control,experimental
221,36,1,1,control,experimental
221,36,2,1,control,experimental
221,36,1,1,control,experimental
221,36,1,1,control,experimental
221,36,2,1,control,experimental
221,36,1,1,control,experimental
221,36,1,1,control,experimental
221,36,2,1,control,experimental
221,36,1,1,control,experimental
221,36,2,1,control,experimental
221,36,1,1,control,experimental
221,36,2,1,control,experimental
221,36,2,1,control,experimental
221,36,2,1,control,experimental
221,36,1,1,control,experimental
221,36,2,1,control,experimental
221,36,1,1,control,experimental
221,36,2,1,control,experimental
221,36,1,1,control,experimental
221,36,1,1,control,experimental
221,36,1,1,control,experimental
221,36,2,1,control,experimental
221,36,1,1,control,experimental
221,36,1,1,control,experimental
221,36,2,1,control,experimental
221,36,2,1,control,experimental
221,36,2,1,control,experimental
221,36,1,1,control,experimental
221,36,2,1,control,experimental
221,36,1,1,control,experimental
221,36,1,1,control,experimental
221,36,2,1,control,experimental
221,36,1,1,control,experimental
221,36,2,1,control,experimental
221,36,2,1,control,experimental
221,36,1,1,control,experimental
221,36,2,1,control,experimental
221,36,2,1,control,experimental
221,36,1,1,control,experimental
221,36,2,1,control,experimental
221,36,1,1,control,experimental
221,36,1,1,control,experimental
221,37,1,1,control,experimental
221,37,1,1,control,experimental
221,37,1,1,control,experimental
221,37,2,1,control,experimental
221,37,1,1,control,experimental
221,37,2,1,control,experimental
221,37,1,1,control,experimental
221,37,2,1,control,experimental
221,37,1,1,control,experimental
221,37,1,1,control,experimental
221,37,1,1,control,experimental
221,37,1,1,control,experimental
221,37,2,1,control,experimental
221,37,1,1,control,experimental
221,37,2,1,control,experimental
221,37,1,1,control,experimental
221,37,1,1,control,experimental
221,37,1,1,control,experimental
221,37,1,1,control,experimental
221,37,1,1,control,experimental
221,37,1,1,control,experimental
221,37,2,1,control,experimental
221,37,2,1,control,experimental
221,37,1,1,control,experimental
221,37,1,1,control,experimental
221,37,1,1,control,experimental
221,37,1,1,control,experimental
221,37,2,1,control,experimental
221,37,1,1,control,experimental
221,37,1,1,control,experimental
221,37,1,1,control,experimental
221,37,1,1,control,experimental
221,37,2,1,control,experimental
221,37,1,1,control,experimental
221,37,1,1,control,experimental
221,37,1,1,control,experimental
221,37,2,1,control,experimental
221,37,1,1,control,experimental
221,37,1,1,control,experimental
221,38,1,1,control,experimental
221,38,1,1,control,experimental
221,38,1,1,control,experimental
221,38,1,1,control,experimental
221,38,1,1,control,experimental
221,38,2,1,control,experimental
221,38,1,1,control,experimental
221,38,2,1,control,experimental
221,38,2,1,control,experimental
221,38,1,1,control,experimental
221,38,1,1,control,experimental
221,38,1,1,control,experimental
221,38,2,1,control,experimental
221,38,1,1,control,experimental
221,38,1,1,control,experimental
221,38,2,1,control,experimental
221,38,1,1,control,experimental
221,38,1,1,control,experimental
221,38,2,1,control,experimental
221,38,2,1,control,experimental
221,38,2,1,control,experimental
221,38,1,1,control,experimental
221,38,1,1,control,experimental
221,38,1,1,control,experimental
221,38,2,1,control,experimental
221,38,2,1,control,experimental
221,38,1,1,control,experimental
221,38,1,1,control,experimental
221,38,1,1,control,experimental
221,38,1,1,control,experimental
221,38,1,1,control,experimental
221,38,1,1,control,experimental
221,38,1,1,control,experimental
221,38,2,1,control,experimental
221,38,2,1,control,experimental
221,38,2,1,control,experimental
221,38,1,1,control,experimental
221,38,1,1,control,experimental
221,38,1,1,control,experimental
221,38,1,1,control,experimental
222,0,1,1,control,basal
222,0,2,1,control,basal
222,0,2,1,control,basal
222,0,1,1,control,basal
222,0,2,1,control,basal
222,0,1,1,control,basal
222,0,2,1,control,basal
222,0,1,1,control,basal
222,0,2,1,control,basal
222,0,2,1,control,basal
222,0,1,1,control,basal
222,0,1,1,control,basal
222,0,2,1,control,basal
222,0,1,1,control,basal
222,0,1,1,control,basal
222,0,1,1,control,basal
222,0,2,1,control,basal
222,0,1,1,control,basal
222,0,1,1,control,basal
222,0,2,1,control,basal
222,0,2,1,control,basal
222,0,1,1,control,basal
222,0,1,1,control,basal
222,0,1,1,control,basal
222,0,2,1,control,basal
222,0,2,1,control,basal
222,0,1,1,control,basal
222,0,2,1,control,basal
222,0,2,1,control,basal
222,0,1,1,control,basal
222,0,1,1,control,basal
222,0,2,1,control,basal
222,0,1,1,control,basal
222,0,2,1,control,basal
222,0,1,1,control,basal
222,0,1,1,control,basal
222,0,1,1,control,basal
222,0,2,1,control,basal
222,0,1,1,control,basal
222,0,1,1,control,basal
222,0,1,1,control,basal
222,0,1,1,control,basal
222,0,1,1,control,basal
222,0,1,1,control,basal
222,0,2,1,control,basal
222,2,2,1,control,basal
222,2,1,1,control,basal
222,2,1,1,control,basal
222,2,1,1,control,basal
222,2,2,1,control,basal
222,2,2,1,control,basal
222,2,1,1,control,basal
222,2,2,1,control,basal
222,2,2,1,control,basal
222,2,1,1,control,basal
222,2,2,1,control,basal
222,2,2,1,control,basal
222,2,1,1,control,basal
222,2,2,1,control,basal
222,2,1,1,control,basal
222,2,1,1,control,basal
222,2,1,1,control,basal
222,2,1,1,control,basal
222,2,1,1,control,basal
222,2,1,1,control,basal
222,2,2,1,control,basal
222,2,2,1,control,basal
222,2,2,1,control,basal
222,2,2,1,control,basal
222,2,1,1,control,basal
222,2,1,1,control,basal
222,2,2,1,control,basal
222,2,1,1,control,basal
222,2,1,1,control,basal
222,2,2,1,control,basal
222,2,1,1,control,basal
222,2,1,1,control,basal
222,2,2,1,control,basal
222,2,2,1,control,basal
222,2,1,1,control,basal
222,2,2,1,control,basal
222,2,1,1,control,basal
222,2,1,1,control,basal
222,2,2,1,control,basal
222,3,1,1,control,basal
222,3,2,1,control,basal
222,3,2,1,control,basal
222,3,1,1,control,basal
222,3,1,1,control,basal
222,3,2,1,control,basal
222,3,1,1,control,basal
222,3,1,1,control,basal
222,3,2,1,control,basal
222,3,1,1,control,basal
222,3,2,1,control,basal
222,3,1,1,control,basal
222,3,2,1,control,basal
222,3,1,1,control,basal
222,3,1,1,control,basal
222,3,1,1,control,basal
222,3,2,1,control,basal
222,3,1,1,control,basal
222,3,2,1,control,basal
222,3,1,1,control,basal
222,3,1,1,control,basal
222,3,1,1,control,basal
222,3,1,1,control,basal
222,3,2,1,control,basal
222,3,2,1,control,basal
222,3,1,1,control,basal
222,3,2,1,control,basal
222,3,1,1,control,basal
222,3,1,1,control,basal
222,3,1,1,control,basal
222,3,2,1,control,basal
222,3,1,1,control,basal
222,3,2,1,control,basal
222,3,1,1,control,basal
222,3,2,1,control,basal
222,3,1,1,control,basal
222,3,1,1,control,basal
222,3,2,1,control,basal
222,3,1,1,control,basal
222,3,2,1,control,basal
222,3,1,1,control,basal
222,3,1,1,control,basal
222,4,2,1,control,basal
222,4,2,1,control,basal
222,4,1,1,control,basal
222,4,1,1,control,basal
222,4,2,1,control,basal
222,4,2,1,control,basal
222,4,1,1,control,basal
222,4,1,1,control,basal
222,4,2,1,control,basal
222,4,1,1,control,basal
222,4,1,1,control,basal
222,4,2,1,control,basal
222,4,1,1,control,basal
222,4,1,1,control,basal
222,4,1,1,control,basal
222,4,2,1,control,basal
222,4,1,1,control,basal
222,4,2,1,control,basal
222,4,2,1,control,basal
222,4,1,1,control,basal
222,4,1,1,control,basal
222,4,1,1,control,basal
222,4,2,1,control,basal
222,4,1,1,control,basal
222,4,2,1,control,basal
222,4,2,1,control,basal
222,4,2,1,control,basal
222,4,1,1,control,basal
222,4,1,1,control,basal
222,4,2,1,control,basal
222,4,1,1,control,basal
222,4,2,1,control,basal
222,4,2,1,control,basal
222,4,2,1,control,basal
222,4,1,1,control,basal
222,4,1,1,control,basal
222,4,1,1,control,basal
222,4,2,1,control,basal
222,4,1,1,control,basal
222,4,1,1,control,basal
222,4,1,1,control,basal
222,4,1,1,control,basal
222,4,2,1,control,basal
222,4,2,1,control,basal
222,4,2,1,control,basal
222,4,1,1,control,basal
222,4,1,1,control,basal
222,4,1,1,control,basal
222,4,2,1,control,basal
222,4,1,1,control,basal
222,4,2,1,control,basal
222,4,1,1,control,basal
222,7,2,1,control,basal
222,7,1,1,control,basal
222,7,1,1,control,basal
222,7,1,1,control,basal
222,7,1,1,control,basal
222,7,1,1,control,basal
222,7,2,1,control,basal
222,7,1,1,control,basal
222,7,1,1,control,basal
222,7,2,1,control,basal
222,7,1,1,control,basal
222,7,1,1,control,basal
222,7,2,1,control,basal
222,7,1,1,control,basal
222,7,1,1,control,basal
222,7,1,1,control,basal
222,7,2,1,control,basal
222,7,1,1,control,basal
222,7,1,1,control,basal
222,7,2,1,control,basal
222,7,1,1,control,basal
222,7,2,1,control,basal
222,7,1,1,control,basal
222,7,1,1,control,basal
222,7,1,1,control,basal
222,7,1,1,control,basal
222,7,1,1,control,basal
222,7,2,1,control,basal
222,7,1,1,control,basal
222,7,1,1,control,basal
222,7,1,1,control,basal
222,7,1,1,control,basal
222,7,1,1,control,basal
222,7,1,1,control,basal
222,7,1,1,control,basal
222,7,2,1,control,basal
222,7,1,1,control,basal
222,7,1,1,control,basal
222,7,1,1,control,basal
222,7,1,1,control,basal
222,7,1,1,control,basal
222,7,2,1,control,basal
222,7,1,1,control,basal
222,7,1,1,control,basal
222,7,1,1,control,basal
222,7,1,1,control,basal
222,7,1,1,control,basal
222,7,1,1,control,basal
222,7,2,1,control,basal
222,7,1,1,control,basal
222,7,1,1,control,basal
222,7,1,1,control,basal
222,7,1,1,control,basal
222,7,1,1,control,basal
222,7,2,1,control,basal
222,8,2,1,control,basal
222,8,1,1,control,basal
222,8,1,1,control,basal
222,8,1,1,control,basal
222,8,2,1,control,basal
222,8,1,1,control,basal
222,8,1,1,control,basal
222,8,2,1,control,basal
222,8,1,1,control,basal
222,8,1,1,control,basal
222,8,2,1,control,basal
222,8,1,1,control,basal
222,8,2,1,control,basal
222,8,1,1,control,basal
222,8,1,1,control,basal
222,8,1,1,control,basal
222,8,2,1,control,basal
222,8,1,1,control,basal
222,8,1,1,control,basal
222,8,1,1,control,basal
222,8,1,1,control,basal
222,8,1,1,control,basal
222,8,2,1,control,basal
222,8,1,1,control,basal
222,8,1,1,control,basal
222,8,1,1,control,basal
222,8,2,1,control,basal
222,8,1,1,control,basal
222,8,1,1,control,basal
222,8,1,1,control,basal
222,8,1,1,control,basal
222,8,1,1,control,basal
222,8,1,1,control,basal
222,8,2,1,control,basal
222,8,1,1,control,basal
222,8,2,1,control,basal
222,8,1,1,control,basal
222,8,1,1,control,basal
222,8,1,1,control,basal
222,8,1,1,control,basal
222,8,1,1,control,basal
222,8,1,1,control,basal
222,8,2,1,control,basal
222,8,1,1,control,basal
222,8,1,1,control,basal
222,8,1,1,control,basal
222,8,1,1,control,basal
222,8,1,1,control,basal
222,8,1,1,control,basal
222,8,1,1,control,basal
222,8,1,1,control,basal
222,8,2,1,control,basal
222,8,1,1,control,basal
222,8,2,1,control,basal
222,8,1,1,control,basal
222,8,1,1,control,basal
222,8,2,1,control,basal
222,8,1,1,control,basal
222,9,2,1,control,basal
222,9,2,1,control,basal
222,9,1,1,control,basal
222,9,1,1,control,basal
222,9,1,1,control,basal
222,9,1,1,control,basal
222,9,2,1,control,basal
222,9,1,1,control,basal
222,9,1,1,control,basal
222,9,1,1,control,basal
222,9,1,1,control,basal
222,9,1,1,control,basal
222,9,1,1,control,basal
222,9,1,1,control,basal
222,9,1,1,control,basal
222,9,1,1,control,basal
222,9,2,1,control,basal
222,9,1,1,control,basal
222,9,1,1,control,basal
222,9,2,1,control,basal
222,9,1,1,control,basal
222,9,1,1,control,basal
222,9,1,1,control,basal
222,9,1,1,control,basal
222,9,1,1,control,basal
222,9,1,1,control,basal
222,9,1,1,control,basal
222,9,1,1,control,basal
222,9,2,1,control,basal
222,9,1,1,control,basal
222,9,1,1,control,basal
222,9,1,1,control,basal
222,9,1,1,control,basal
222,9,1,1,control,basal
222,9,1,1,control,basal
222,9,1,1,control,basal
222,9,2,1,control,basal
222,9,1,1,control,basal
222,9,1,1,control,basal
222,9,1,1,control,basal
222,9,2,1,control,basal
222,9,1,1,control,basal
222,9,1,1,control,basal
222,9,1,1,control,basal
222,9,2,1,control,basal
222,9,1,1,control,basal
222,9,2,1,control,basal
222,9,1,1,control,basal
222,9,2,1,control,basal
222,9,2,1,control,basal
222,9,1,1,control,basal
222,9,1,1,control,basal
222,9,2,1,control,basal
222,10,2,1,control,basal
222,10,1,1,control,basal
222,10,1,1,control,basal
222,10,2,1,control,basal
222,10,1,1,control,basal
222,10,1,1,control,basal
222,10,2,1,control,basal
222,10,1,1,control,basal
222,10,1,1,control,basal
222,10,1,1,control,basal
222,10,1,1,control,basal
222,10,1,1,control,basal
222,10,1,1,control,basal
222,10,1,1,control,basal
222,10,1,1,control,basal
222,10,1,1,control,basal
222,10,2,1,control,basal
222,10,1,1,control,basal
222,10,1,1,control,basal
222,10,1,1,control,basal
222,10,1,1,control,basal
222,10,1,1,control,basal
222,10,1,1,control,basal
222,10,1,1,control,basal
222,10,2,1,control,basal
222,10,2,1,control,basal
222,10,1,1,control,basal
222,10,2,1,control,basal
222,10,1,1,control,basal
222,10,1,1,control,basal
222,10,1,1,control,basal
222,10,1,1,control,basal
222,10,2,1,control,basal
222,10,1,1,control,basal
222,10,1,1,control,basal
222,10,1,1,control,basal
222,10,1,1,control,basal
222,10,2,1,control,basal
222,10,1,1,control,basal
222,10,1,1,control,basal
222,10,1,1,control,basal
222,10,1,1,control,basal
222,10,1,1,control,basal
222,10,1,1,control,basal
222,10,2,1,control,basal
222,10,1,1,control,basal
222,10,2,1,control,basal
222,10,1,1,control,basal
222,10,1,1,control,basal
222,10,1,1,control,basal
222,10,2,1,control,basal
222,10,2,1,control,basal
222,10,1,1,control,basal
222,10,1,1,control,basal
222,10,1,1,control,basal
222,10,1,1,control,basal
222,10,1,1,control,basal
222,10,1,1,control,basal
222,10,2,1,control,basal
222,10,1,1,control,basal
222,11,1,1,control,basal
222,11,2,1,control,basal
222,11,1,1,control,basal
222,11,1,1,control,basal
222,11,1,1,control,basal
222,11,1,1,control,basal
222,11,1,1,control,basal
222,11,1,1,control,basal
222,11,1,1,control,basal
222,11,1,1,control,basal
222,11,2,1,control,basal
222,11,1,1,control,basal
222,11,1,1,control,basal
222,11,1,1,control,basal
222,11,1,1,control,basal
222,11,1,1,control,basal
222,11,1,1,control,basal
222,11,1,1,control,basal
222,11,1,1,control,basal
222,11,2,1,control,basal
222,11,1,1,control,basal
222,11,1,1,control,basal
222,11,1,1,control,basal
222,11,1,1,control,basal
222,11,2,1,control,basal
222,11,1,1,control,basal
222,11,1,1,control,basal
222,11,2,1,control,basal
222,11,1,1,control,basal
222,11,1,1,control,basal
222,11,1,1,control,basal
222,11,2,1,control,basal
222,11,1,1,control,basal
222,11,1,1,control,basal
222,11,1,1,control,basal
222,11,1,1,control,basal
222,11,1,1,control,basal
222,11,1,1,control,basal
222,11,2,1,control,basal
222,11,1,1,control,basal
222,11,1,1,control,basal
222,11,1,1,control,basal
222,11,2,1,control,basal
222,11,1,1,control,basal
222,11,1,1,control,basal
222,11,1,1,control,basal
222,11,1,1,control,basal
222,11,2,1,control,basal
222,11,2,1,control,basal
222,11,1,1,control,basal
222,11,1,1,control,basal
222,11,1,1,control,basal
222,11,1,1,control,basal
222,11,1,1,control,basal
222,11,2,1,control,basal
222,11,1,1,control,basal
222,14,1,1,control,basal
222,14,1,1,control,basal
222,14,1,1,control,basal
222,14,1,1,control,basal
222,14,1,1,control,basal
222,14,2,1,control,basal
222,14,1,1,control,basal
222,14,1,1,control,basal
222,14,1,1,control,basal
222,14,1,1,control,basal
222,14,1,1,control,basal
222,14,1,1,control,basal
222,14,1,1,control,basal
222,14,1,1,control,basal
222,14,1,1,control,basal
222,14,2,1,control,basal
222,14,1,1,control,basal
222,14,1,1,control,basal
222,14,1,1,control,basal
222,14,1,1,control,basal
222,14,1,1,control,basal
222,14,2,1,control,basal
222,14,1,1,control,basal
222,14,1,1,control,basal
222,14,1,1,control,basal
222,14,1,1,control,basal
222,14,1,1,control,basal
222,14,1,1,control,basal
222,14,1,1,control,basal
222,14,1,1,control,basal
222,14,1,1,control,basal
222,14,1,1,control,basal
222,14,1,1,control,basal
222,14,2,1,control,basal
222,14,1,1,control,basal
222,14,1,1,control,basal
222,14,1,1,control,basal
222,14,1,1,control,basal
222,14,1,1,control,basal
222,14,1,1,control,basal
222,14,2,1,control,basal
222,14,2,1,control,basal
222,14,2,1,control,basal
222,15,2,1,control,basal
222,15,2,1,control,basal
222,15,1,1,control,basal
222,15,1,1,control,basal
222,15,1,1,control,basal
222,15,2,1,control,basal
222,15,1,1,control,basal
222,15,2,1,control,basal
222,15,1,1,control,basal
222,15,1,1,control,basal
222,15,2,1,control,basal
222,15,1,1,control,basal
222,15,1,1,control,basal
222,15,1,1,control,basal
222,15,1,1,control,basal
222,15,2,1,control,basal
222,15,2,1,control,basal
222,15,1,1,control,basal
222,15,2,1,control,basal
222,15,1,1,control,basal
222,15,1,1,control,basal
222,15,2,1,control,basal
222,15,1,1,control,basal
222,15,1,1,control,basal
222,15,2,1,control,basal
222,15,1,1,control,basal
222,15,1,1,control,basal
222,15,1,1,control,basal
222,15,1,1,control,basal
222,15,2,1,control,basal
222,15,2,1,control,basal
222,15,1,1,control,basal
222,15,1,1,control,basal
222,15,1,1,control,basal
222,15,1,1,control,basal
222,15,2,1,control,basal
222,15,1,1,control,basal
222,15,1,1,control,basal
222,15,1,1,control,basal
222,15,1,1,control,basal
222,15,2,1,control,basal
222,15,1,1,control,basal
222,15,1,1,control,basal
222,15,1,1,control,basal
222,15,2,1,control,basal
222,15,1,1,control,basal
222,15,1,1,control,basal
222,15,2,1,control,basal
222,15,2,1,control,basal
222,15,1,1,control,basal
222,15,2,1,control,basal
222,15,2,1,control,basal
222,15,1,1,control,basal
222,15,1,1,control,basal
222,15,2,1,control,basal
222,17,1,1,control,experimental
222,17,1,1,control,experimental
222,17,1,1,control,experimental
222,17,1,1,control,experimental
222,17,1,1,control,experimental
222,17,1,1,control,experimental
222,17,1,1,control,experimental
222,17,2,1,control,experimental
222,17,1,1,control,experimental
222,17,1,1,control,experimental
222,17,1,1,control,experimental
222,17,1,1,control,experimental
222,17,2,1,control,experimental
222,17,1,1,control,experimental
222,17,1,1,control,experimental
222,17,1,1,control,experimental
222,17,1,1,control,experimental
222,17,1,1,control,experimental
222,17,1,1,control,experimental
222,17,2,1,control,experimental
222,17,1,1,control,experimental
222,17,1,1,control,experimental
222,17,1,1,control,experimental
222,17,1,1,control,experimental
222,17,2,1,control,experimental
222,17,1,1,control,experimental
222,17,1,1,control,experimental
222,17,2,1,control,experimental
222,17,1,1,control,experimental
222,17,1,1,control,experimental
222,17,2,1,control,experimental
222,17,1,1,control,experimental
222,17,1,1,control,experimental
222,17,1,1,control,experimental
222,17,1,1,control,experimental
222,17,2,1,control,experimental
222,17,1,1,control,experimental
222,17,2,1,control,experimental
222,17,2,1,control,experimental
222,17,2,1,control,experimental
222,17,1,1,control,experimental
222,17,1,1,control,experimental
222,18,1,1,control,experimental
222,18,2,1,control,experimental
222,18,1,1,control,experimental
222,18,2,1,control,experimental
222,18,1,1,control,experimental
222,18,1,1,control,experimental
222,18,2,1,control,experimental
222,18,1,1,control,experimental
222,18,1,1,control,experimental
222,18,2,1,control,experimental
222,18,1,1,control,experimental
222,18,1,1,control,experimental
222,18,1,1,control,experimental
222,18,2,1,control,experimental
222,18,1,1,control,experimental
222,18,1,1,control,experimental
222,18,1,1,control,experimental
222,18,1,1,control,experimental
222,18,1,1,control,experimental
222,18,2,1,control,experimental
222,18,1,1,control,experimental
222,18,1,1,control,experimental
222,18,2,1,control,experimental
222,18,1,1,control,experimental
222,18,1,1,control,experimental
222,18,1,1,control,experimental
222,18,2,1,control,experimental
222,18,1,1,control,experimental
222,18,1,1,control,experimental
222,18,1,1,control,experimental
222,18,1,1,control,experimental
222,18,1,1,control,experimental
222,18,1,1,control,experimental
222,18,1,1,control,experimental
222,18,2,1,control,experimental
222,18,1,1,control,experimental
222,18,1,1,control,experimental
222,18,2,1,control,experimental
222,18,1,1,control,experimental
222,18,1,1,control,experimental
222,18,1,1,control,experimental
222,21,1,1,control,experimental
222,21,2,1,control,experimental
222,21,1,1,control,experimental
222,21,1,1,control,experimental
222,21,1,1,control,experimental
222,21,1,1,control,experimental
222,21,1,1,control,experimental
222,21,1,1,control,experimental
222,21,1,1,control,experimental
222,21,1,1,control,experimental
222,21,1,1,control,experimental
222,21,1,1,control,experimental
222,21,2,1,control,experimental
222,21,1,1,control,experimental
222,21,2,1,control,experimental
222,21,1,1,control,experimental
222,21,1,1,control,experimental
222,21,1,1,control,experimental
222,21,1,1,control,experimental
222,21,1,1,control,experimental
222,21,1,1,control,experimental
222,21,1,1,control,experimental
222,21,2,1,control,experimental
222,21,1,1,control,experimental
222,21,2,1,control,experimental
222,21,2,1,control,experimental
222,21,2,1,control,experimental
222,21,1,1,control,experimental
222,21,1,1,control,experimental
222,21,1,1,control,experimental
222,21,2,1,control,experimental
222,21,1,1,control,experimental
222,21,2,1,control,experimental
222,21,2,1,control,experimental
222,21,2,1,control,experimental
222,21,2,1,control,experimental
222,21,1,1,control,experimental
222,21,1,1,control,experimental
222,22,1,1,control,experimental
222,22,2,1,control,experimental
222,22,1,1,control,experimental
222,22,1,1,control,experimental
222,22,2,1,control,experimental
222,22,1,1,control,experimental
222,22,1,1,control,experimental
222,22,1,1,control,experimental
222,22,1,1,control,experimental
222,22,1,1,control,experimental
222,22,1,1,control,experimental
222,22,1,1,control,experimental
222,22,1,1,control,experimental
222,22,2,1,control,experimental
222,22,1,1,control,experimental
222,22,1,1,control,experimental
222,22,1,1,control,experimental
222,22,1,1,control,experimental
222,22,2,1,control,experimental
222,22,1,1,control,experimental
222,22,1,1,control,experimental
222,22,1,1,control,experimental
222,22,1,1,control,experimental
222,22,2,1,control,experimental
222,22,1,1,control,experimental
222,22,1,1,control,experimental
222,22,2,1,control,experimental
222,22,1,1,control,experimental
222,22,1,1,control,experimental
222,22,1,1,control,experimental
222,22,2,1,control,experimental
222,22,2,1,control,experimental
222,22,1,1,control,experimental
222,22,1,1,control,experimental
222,22,1,1,control,experimental
222,22,2,1,control,experimental
222,22,2,1,control,experimental
222,22,2,1,control,experimental
222,22,2,1,control,experimental
222,22,2,1,control,experimental
222,22,1,1,control,experimental
222,22,1,1,control,experimental
222,22,1,1,control,experimental
222,22,1,1,control,experimental
222,22,1,1,control,experimental
222,22,1,1,control,experimental
222,22,2,1,control,experimental
222,22,1,1,control,experimental
222,22,1,1,control,experimental
222,22,1,1,control,experimental
222,22,2,1,control,experimental
222,22,1,1,control,experimental
222,22,2,1,control,experimental
222,22,1,1,control,experimental
222,22,2,1,control,experimental
222,23,1,1,control,experimental
222,23,1,1,control,experimental
222,23,2,1,control,experimental
222,23,1,1,control,experimental
222,23,1,1,control,experimental
222,23,1,1,control,experimental
222,23,2,1,control,experimental
222,23,1,1,control,experimental
222,23,1,1,control,experimental
222,23,1,1,control,experimental
222,23,1,1,control,experimental
222,23,1,1,control,experimental
222,23,2,1,control,experimental
222,23,1,1,control,experimental
222,23,1,1,control,experimental
222,23,2,1,control,experimental
222,23,1,1,control,experimental
222,23,2,1,control,experimental
222,23,1,1,control,experimental
222,23,1,1,control,experimental
222,23,1,1,control,experimental
222,23,1,1,control,experimental
222,23,1,1,control,experimental
222,23,2,1,control,experimental
222,23,1,1,control,experimental
222,23,1,1,control,experimental
222,23,2,1,control,experimental
222,23,1,1,control,experimental
222,23,2,1,control,experimental
222,23,2,1,control,experimental
222,23,1,1,control,experimental
222,23,2,1,control,experimental
222,23,1,1,control,experimental
222,23,1,1,control,experimental
222,23,1,1,control,experimental
222,23,2,1,control,experimental
222,23,2,1,control,experimental
222,23,1,1,control,experimental
222,23,2,1,control,experimental
222,23,1,1,control,experimental
222,23,2,1,control,experimental
222,23,2,1,control,experimental
222,23,2,1,control,experimental
222,23,1,1,control,experimental
222,23,2,1,control,experimental
222,23,2,1,control,experimental
222,23,1,1,control,experimental
222,24,2,1,control,experimental
222,24,1,1,control,experimental
222,24,1,1,control,experimental
222,24,2,1,control,experimental
222,24,1,1,control,experimental
222,24,1,1,control,experimental
222,24,1,1,control,experimental
222,24,2,1,control,experimental
222,24,1,1,control,experimental
222,24,1,1,control,experimental
222,24,2,1,control,experimental
222,24,2,1,control,experimental
222,24,1,1,control,experimental
222,24,1,1,control,experimental
222,24,1,1,control,experimental
222,24,1,1,control,experimental
222,24,2,1,control,experimental
222,24,1,1,control,experimental
222,24,1,1,control,experimental
222,24,2,1,control,experimental
222,24,1,1,control,experimental
222,24,2,1,control,experimental
222,24,1,1,control,experimental
222,24,2,1,control,experimental
222,24,2,1,control,experimental
222,24,1,1,control,experimental
222,24,2,1,control,experimental
222,24,1,1,control,experimental
222,24,2,1,control,experimental
222,24,1,1,control,experimental
222,24,1,1,control,experimental
222,24,2,1,control,experimental
222,24,1,1,control,experimental
222,24,2,1,control,experimental
222,24,1,1,control,experimental
222,24,1,1,control,experimental
222,24,2,1,control,experimental
222,24,2,1,control,experimental
222,24,2,1,control,experimental
222,24,2,1,control,experimental
222,24,1,1,control,experimental
222,24,2,1,control,experimental
222,24,1,1,control,experimental
222,24,2,1,control,experimental
222,24,1,1,control,experimental
222,24,1,1,control,experimental
222,24,2,1,control,experimental
222,28,2,1,control,experimental
222,28,2,1,control,experimental
222,28,1,1,control,experimental
222,28,1,1,control,experimental
222,28,1,1,control,experimental
222,28,1,1,control,experimental
222,28,2,1,control,experimental
222,28,1,1,control,experimental
222,28,1,1,control,experimental
222,28,2,1,control,experimental
222,28,2,1,control,experimental
222,28,2,1,control,experimental
222,28,1,1,control,experimental
222,28,1,1,control,experimental
222,28,1,1,control,experimental
222,28,2,1,control,experimental
222,28,1,1,control,experimental
222,28,1,1,control,experimental
222,28,1,1,control,experimental
222,28,2,1,control,experimental
222,28,1,1,control,experimental
222,28,1,1,control,experimental
222,28,1,1,control,experimental
222,28,1,1,control,experimental
222,28,1,1,control,experimental
222,28,2,1,control,experimental
222,28,2,1,control,experimental
222,28,1,1,control,experimental
222,28,2,1,control,experimental
222,28,2,1,control,experimental
222,28,1,1,control,experimental
222,28,2,1,control,experimental
222,28,1,1,control,experimental
222,28,2,1,control,experimental
222,28,1,1,control,experimental
222,28,2,1,control,experimental
222,28,1,1,control,experimental
222,28,2,1,control,experimental
222,28,1,1,control,experimental
222,28,1,1,control,experimental
222,28,1,1,control,experimental
222,28,1,1,control,experimental
222,28,1,1,control,experimental
222,28,1,1,control,experimental
222,28,1,1,control,experimental
222,28,1,1,control,experimental
222,28,2,1,control,experimental
222,28,1,1,control,experimental
222,28,1,1,control,experimental
222,28,2,1,control,experimental
222,28,1,1,control,experimental
222,28,1,1,control,experimental
222,28,1,1,control,experimental
222,28,2,1,control,experimental
222,29,2,1,control,experimental
222,29,1,1,control,experimental
222,29,2,1,control,experimental
222,29,1,1,control,experimental
222,29,2,1,control,experimental
222,29,1,1,control,experimental
222,29,1,1,control,experimental
222,29,1,1,control,experimental
222,29,1,1,control,experimental
222,29,2,1,control,experimental
222,29,1,1,control,experimental
222,29,1,1,control,experimental
222,29,1,1,control,experimental
222,29,1,1,control,experimental
222,29,1,1,control,experimental
222,29,1,1,control,experimental
222,29,1,1,control,experimental
222,29,2,1,control,experimental
222,29,1,1,control,experimental
222,29,2,1,control,experimental
222,29,1,1,control,experimental
222,29,1,1,control,experimental
222,29,2,1,control,experimental
222,29,1,1,control,experimental
222,29,1,1,control,experimental
222,29,1,1,control,experimental
222,29,1,1,control,experimental
222,29,2,1,control,experimental
222,29,1,1,control,experimental
222,29,1,1,control,experimental
222,29,2,1,control,experimental
222,29,1,1,control,experimental
222,29,2,1,control,experimental
222,29,2,1,control,experimental
222,29,2,1,control,experimental
222,29,1,1,control,experimental
222,29,1,1,control,experimental
222,29,1,1,control,experimental
222,29,2,1,control,experimental
222,29,2,1,control,experimental
222,29,1,1,control,experimental
222,29,2,1,control,experimental
222,29,2,1,control,experimental
222,29,2,1,control,experimental
222,29,2,1,control,experimental
222,29,1,1,control,experimental
222,29,1,1,control,experimental
222,30,2,1,control,experimental
222,30,1,1,control,experimental
222,30,1,1,control,experimental
222,30,1,1,control,experimental
222,30,2,1,control,experimental
222,30,1,1,control,experimental
222,30,1,1,control,experimental
222,30,2,1,control,experimental
222,30,1,1,control,experimental
222,30,1,1,control,experimental
222,30,1,1,control,experimental
222,30,2,1,control,experimental
222,30,1,1,control,experimental
222,30,1,1,control,experimental
222,30,1,1,control,experimental
222,30,1,1,control,experimental
222,30,2,1,control,experimental
222,30,2,1,control,experimental
222,30,1,1,control,experimental
222,30,1,1,control,experimental
222,30,1,1,control,experimental
222,30,1,1,control,experimental
222,30,1,1,control,experimental
222,30,1,1,control,experimental
222,30,2,1,control,experimental
222,30,2,1,control,experimental
222,30,2,1,control,experimental
222,30,1,1,control,experimental
222,30,1,1,control,experimental
222,30,1,1,control,experimental
222,30,1,1,control,experimental
222,30,2,1,control,experimental
222,30,2,1,control,experimental
222,30,1,1,control,experimental
222,30,2,1,control,experimental
222,31,2,1,control,experimental
222,31,1,1,control,experimental
222,31,1,1,control,experimental
222,31,1,1,control,experimental
222,31,1,1,control,experimental
222,31,1,1,control,experimental
222,31,1,1,control,experimental
222,31,1,1,control,experimental
222,31,1,1,control,experimental
222,31,1,1,control,experimental
222,31,2,1,control,experimental
222,31,1,1,control,experimental
222,31,2,1,control,experimental
222,31,2,1,control,experimental
222,31,2,1,control,experimental
222,31,1,1,control,experimental
222,31,2,1,control,experimental
222,31,1,1,control,experimental
222,31,1,1,control,experimental
222,31,1,1,control,experimental
222,31,2,1,control,experimental
222,31,2,1,control,experimental
222,31,2,1,control,experimental
222,31,1,1,control,experimental
222,31,2,1,control,experimental
222,31,1,1,control,experimental
222,31,2,1,control,experimental
222,31,2,1,control,experimental
222,31,2,1,control,experimental
222,31,2,1,control,experimental
222,31,1,1,control,experimental
222,31,2,1,control,experimental
222,31,2,1,control,experimental
222,31,1,1,control,experimental
222,31,2,1,control,experimental
222,31,1,1,control,experimental
222,31,1,1,control,experimental
222,31,1,1,control,experimental
222,31,1,1,control,experimental
222,31,2,1,control,experimental
222,31,1,1,control,experimental
222,31,1,1,control,experimental
222,31,2,1,control,experimental
222,31,1,1,control,experimental
222,32,1,1,control,experimental
222,32,2,1,control,experimental
222,32,1,1,control,experimental
222,32,1,1,control,experimental
222,32,2,1,control,experimental
222,32,2,1,control,experimental
222,32,2,1,control,experimental
222,32,1,1,control,experimental
222,32,1,1,control,experimental
222,32,1,1,control,experimental
222,32,2,1,control,experimental
222,32,1,1,control,experimental
222,32,1,1,control,experimental
222,32,1,1,control,experimental
222,32,1,1,control,experimental
222,32,1,1,control,experimental
222,32,1,1,control,experimental
222,32,1,1,control,experimental
222,32,2,1,control,experimental
222,32,2,1,control,experimental
222,32,2,1,control,experimental
222,32,1,1,control,experimental
222,32,2,1,control,experimental
222,32,2,1,control,experimental
222,32,1,1,control,experimental
222,32,2,1,control,experimental
222,32,1,1,control,experimental
222,32,2,1,control,experimental
222,32,1,1,control,experimental
222,32,1,1,control,experimental
222,32,2,1,control,experimental
222,32,1,1,control,experimental
222,32,1,1,control,experimental
222,32,1,1,control,experimental
222,32,2,1,control,experimental
222,32,1,1,control,experimental
222,32,1,1,control,experimental
222,32,1,1,control,experimental
222,32,2,1,control,experimental
222,32,2,1,control,experimental
222,32,1,1,control,experimental
222,32,2,1,control,experimental
222,32,2,1,control,experimental
222,32,2,1,control,experimental
222,32,1,1,control,experimental
222,35,1,1,control,experimental
222,35,1,1,control,experimental
222,35,2,1,control,experimental
222,35,1,1,control,experimental
222,35,1,1,control,experimental
222,35,2,1,control,experimental
222,35,2,1,control,experimental
222,35,1,1,control,experimental
222,35,1,1,control,experimental
222,35,1,1,control,experimental
222,35,1,1,control,experimental
222,35,2,1,control,experimental
222,35,1,1,control,experimental
222,35,2,1,control,experimental
222,35,1,1,control,experimental
222,35,1,1,control,experimental
222,35,2,1,control,experimental
222,35,1,1,control,experimental
222,35,1,1,control,experimental
222,35,1,1,control,experimental
222,35,2,1,control,experimental
222,35,1,1,control,experimental
222,35,2,1,control,experimental
222,35,2,1,control,experimental
222,35,1,1,control,experimental
222,35,2,1,control,experimental
222,35,1,1,control,experimental
222,35,1,1,control,experimental
222,35,2,1,control,experimental
222,35,2,1,control,experimental
222,35,1,1,control,experimental
222,35,2,1,control,experimental
222,35,2,1,control,experimental
222,35,2,1,control,experimental
222,35,1,1,control,experimental
222,35,2,1,control,experimental
222,35,2,1,control,experimental
222,35,2,1,control,experimental
222,35,1,1,control,experimental
222,36,1,1,control,experimental
222,36,1,1,control,experimental
222,36,2,1,control,experimental
222,36,1,1,control,experimental
222,36,2,1,control,experimental
222,36,2,1,control,experimental
222,36,1,1,control,experimental
222,36,2,1,control,experimental
222,36,1,1,control,experimental
222,36,1,1,control,experimental
222,36,2,1,control,experimental
222,36,1,1,control,experimental
222,36,1,1,control,experimental
222,36,2,1,control,experimental
222,36,2,1,control,experimental
222,36,2,1,control,experimental
222,36,1,1,control,experimental
222,36,1,1,control,experimental
222,36,1,1,control,experimental
222,36,1,1,control,experimental
222,36,1,1,control,experimental
222,36,2,1,control,experimental
222,36,1,1,control,experimental
222,36,1,1,control,experimental
222,36,2,1,control,experimental
222,36,1,1,control,experimental
222,36,1,1,control,experimental
222,36,1,1,control,experimental
222,36,2,1,control,experimental
222,36,1,1,control,experimental
222,36,1,1,control,experimental
222,36,1,1,control,experimental
222,36,1,1,control,experimental
222,36,2,1,control,experimental
222,37,2,1,control,experimental
222,37,1,1,control,experimental
222,37,2,1,control,experimental
222,37,2,1,control,experimental
222,37,1,1,control,experimental
222,37,1,1,control,experimental
222,37,1,1,control,experimental
222,37,1,1,control,experimental
222,37,2,1,control,experimental
222,37,2,1,control,experimental
222,37,2,1,control,experimental
222,37,1,1,control,experimental
222,37,1,1,control,experimental
222,37,2,1,control,experimental
222,37,1,1,control,experimental
222,37,1,1,control,experimental
222,37,1,1,control,experimental
222,37,2,1,control,experimental
222,37,2,1,control,experimental
222,37,2,1,control,experimental
222,37,1,1,control,experimental
222,37,2,1,control,experimental
222,37,1,1,control,experimental
222,37,1,1,control,experimental
222,37,2,1,control,experimental
222,37,1,1,control,experimental
222,37,2,1,control,experimental
222,37,1,1,control,experimental
222,37,2,1,control,experimental
222,37,1,1,control,experimental
222,37,1,1,control,experimental
222,37,1,1,control,experimental
222,37,1,1,control,experimental
222,37,2,1,control,experimental
222,37,1,1,control,experimental
222,37,1,1,control,experimental
222,37,1,1,control,experimental
222,37,2,1,control,experimental
222,37,2,1,control,experimental
222,37,1,1,control,experimental
222,37,2,1,control,experimental
222,37,2,1,control,experimental
222,37,1,1,control,experimental
222,37,1,1,control,experimental
222,37,1,1,control,experimental
222,37,2,1,control,experimental
222,37,1,1,control,experimental
222,37,2,1,control,experimental
222,38,1,1,control,experimental
222,38,2,1,control,experimental
222,38,2,1,control,experimental
222,38,1,1,control,experimental
222,38,1,1,control,experimental
222,38,2,1,control,experimental
222,38,1,1,control,experimental
222,38,1,1,control,experimental
222,38,2,1,control,experimental
222,38,1,1,control,experimental
222,38,2,1,control,experimental
222,38,1,1,control,experimental
222,38,2,1,control,experimental
222,38,1,1,control,experimental
222,38,1,1,control,experimental
222,38,1,1,control,experimental
222,38,1,1,control,experimental
222,38,1,1,control,experimental
222,38,1,1,control,experimental
222,38,2,1,control,experimental
222,38,1,1,control,experimental
222,38,1,1,control,experimental
222,38,2,1,control,experimental
222,38,1,1,control,experimental
222,38,1,1,control,experimental
222,38,2,1,control,experimental
222,38,1,1,control,experimental
222,38,1,1,control,experimental
222,38,1,1,control,experimental
222,38,2,1,control,experimental
222,38,1,1,control,experimental
222,38,2,1,control,experimental
222,38,2,1,control,experimental
222,38,1,1,control,experimental
222,38,1,1,control,experimental
223,0,1,1,experimental,basal
223,0,1,1,experimental,basal
223,0,1,1,experimental,basal
223,0,2,1,experimental,basal
223,0,1,1,experimental,basal
223,0,1,1,experimental,basal
223,0,1,1,experimental,basal
223,0,1,1,experimental,basal
223,0,1,1,experimental,basal
223,0,2,1,experimental,basal
223,0,1,1,experimental,basal
223,1,1,1,experimental,basal
223,1,1,1,experimental,basal
223,1,2,1,experimental,basal
223,1,1,1,experimental,basal
223,1,2,1,experimental,basal
223,1,1,1,experimental,basal
223,1,1,1,experimental,basal
223,1,1,1,experimental,basal
223,1,2,1,experimental,basal
223,1,1,1,experimental,basal
223,1,1,1,experimental,basal
223,1,1,1,experimental,basal
223,1,1,1,experimental,basal
223,1,1,1,experimental,basal
223,1,1,1,experimental,basal
223,1,1,1,experimental,basal
223,1,1,1,experimental,basal
223,1,2,1,experimental,basal
223,1,1,1,experimental,basal
223,1,1,1,experimental,basal
223,1,1,1,experimental,basal
223,1,1,1,experimental,basal
223,1,2,1,experimental,basal
223,1,1,1,experimental,basal
223,1,1,1,experimental,basal
223,1,1,1,experimental,basal
223,1,1,1,experimental,basal
223,1,1,1,experimental,basal
223,1,1,1,experimental,basal
223,1,1,1,experimental,basal
223,1,1,1,experimental,basal
223,1,2,1,experimental,basal
223,1,2,1,experimental,basal
223,1,1,1,experimental,basal
223,2,1,1,experimental,basal
223,2,1,1,experimental,basal
223,2,1,1,experimental,basal
223,2,2,1,experimental,basal
223,2,1,1,experimental,basal
223,2,1,1,experimental,basal
223,2,1,1,experimental,basal
223,2,2,1,experimental,basal
223,2,1,1,experimental,basal
223,2,1,1,experimental,basal
223,2,1,1,experimental,basal
223,2,1,1,experimental,basal
223,4,1,1,experimental,basal
223,4,1,1,experimental,basal
223,4,1,1,experimental,basal
223,4,2,1,experimental,basal
223,4,2,1,experimental,basal
223,4,1,1,experimental,basal
223,4,1,1,experimental,basal
223,4,1,1,experimental,basal
223,4,1,1,experimental,basal
223,4,1,1,experimental,basal
223,4,1,1,experimental,basal
223,4,1,1,experimental,basal
223,4,1,1,experimental,basal
223,4,1,1,experimental,basal
223,4,1,1,experimental,basal
223,4,1,1,experimental,basal
223,4,1,1,experimental,basal
223,4,2,1,experimental,basal
223,4,1,1,experimental,basal
223,4,1,1,experimental,basal
223,4,1,1,experimental,basal
223,4,1,1,experimental,basal
223,4,2,1,experimental,basal
223,4,1,1,experimental,basal
223,4,1,1,experimental,basal
223,4,1,1,experimental,basal
223,4,1,1,experimental,basal
223,4,1,1,experimental,basal
223,4,1,1,experimental,basal
223,4,1,1,experimental,basal
223,4,1,1,experimental,basal
223,4,1,1,experimental,basal
223,4,1,1,experimental,basal
223,4,1,1,experimental,basal
223,4,2,1,experimental,basal
223,4,1,1,experimental,basal
223,7,1,1,experimental,basal
223,7,1,1,experimental,basal
223,7,1,1,experimental,basal
223,7,1,1,experimental,basal
223,7,1,1,experimental,basal
223,7,1,1,experimental,basal
223,7,1,1,experimental,basal
223,7,2,1,experimental,basal
223,7,1,1,experimental,basal
223,7,1,1,experimental,basal
223,7,1,1,experimental,basal
223,7,1,1,experimental,basal
223,7,1,1,experimental,basal
223,7,1,1,experimental,basal
223,7,1,1,experimental,basal
223,7,1,1,experimental,basal
223,7,1,1,experimental,basal
223,7,1,1,experimental,basal
223,7,1,1,experimental,basal
223,7,1,1,experimental,basal
223,7,2,1,experimental,basal
223,7,1,1,experimental,basal
223,7,1,1,experimental,basal
223,7,1,1,experimental,basal
223,7,1,1,experimental,basal
223,7,1,1,experimental,basal
223,7,1,1,experimental,basal
223,7,1,1,experimental,basal
223,7,1,1,experimental,basal
223,7,1,1,experimental,basal
223,7,2,1,experimental,basal
223,7,1,1,experimental,basal
223,7,1,1,experimental,basal
223,7,1,1,experimental,basal
223,7,1,1,experimental,basal
223,7,1,1,experimental,basal
223,7,1,1,experimental,basal
223,7,1,1,experimental,basal
223,7,1,1,experimental,basal
223,7,1,1,experimental,basal
223,7,1,1,experimental,basal
223,7,1,1,experimental,basal
223,7,1,1,experimental,basal
223,7,1,1,experimental,basal
223,7,1,1,experimental,basal
223,7,1,1,experimental,basal
223,7,1,1,experimental,basal
223,7,1,1,experimental,basal
223,7,2,1,experimental,basal
223,7,1,1,experimental,basal
223,8,1,1,experimental,basal
223,8,1,1,experimental,basal
223,8,2,1,experimental,basal
223,8,1,1,experimental,basal
223,8,2,1,experimental,basal
223,8,1,1,experimental,basal
223,8,1,1,experimental,basal
223,8,2,1,experimental,basal
223,8,1,1,experimental,basal
223,8,1,1,experimental,basal
223,8,1,1,experimental,basal
223,8,1,1,experimental,basal
223,8,1,1,experimental,basal
223,8,1,1,experimental,basal
223,8,1,1,experimental,basal
223,8,2,1,experimental,basal
223,8,2,1,experimental,basal
223,8,1,1,experimental,basal
223,8,1,1,experimental,basal
223,8,1,1,experimental,basal
223,8,1,1,experimental,basal
223,8,1,1,experimental,basal
223,8,1,1,experimental,basal
223,8,1,1,experimental,basal
223,8,1,1,experimental,basal
223,8,1,1,experimental,basal
223,8,1,1,experimental,basal
223,8,1,1,experimental,basal
223,8,1,1,experimental,basal
223,8,1,1,experimental,basal
223,8,1,1,experimental,basal
223,8,1,1,experimental,basal
223,8,1,1,experimental,basal
223,8,1,1,experimental,basal
223,8,1,1,experimental,basal
223,8,1,1,experimental,basal
223,8,1,1,experimental,basal
223,8,1,1,experimental,basal
223,8,2,1,experimental,basal
223,8,1,1,experimental,basal
223,8,1,1,experimental,basal
223,9,1,1,experimental,basal
223,9,1,1,experimental,basal
223,9,1,1,experimental,basal
223,9,1,1,experimental,basal
223,9,1,1,experimental,basal
223,9,1,1,experimental,basal
223,9,1,1,experimental,basal
223,9,1,1,experimental,basal
223,9,2,1,experimental,basal
223,9,1,1,experimental,basal
223,9,1,1,experimental,basal
223,9,1,1,experimental,basal
223,9,1,1,experimental,basal
223,9,2,1,experimental,basal
223,9,1,1,experimental,basal
223,9,1,1,experimental,basal
223,9,1,1,experimental,basal
223,9,1,1,experimental,basal
223,9,1,1,experimental,basal
223,9,1,1,experimental,basal
223,9,1,1,experimental,basal
223,9,1,1,experimental,basal
223,9,1,1,experimental,basal
223,9,1,1,experimental,basal
223,9,1,1,experimental,basal
223,9,1,1,experimental,basal
223,9,1,1,experimental,basal
223,9,1,1,experimental,basal
223,9,1,1,experimental,basal
223,9,1,1,experimental,basal
223,9,1,1,experimental,basal
223,9,1,1,experimental,basal
223,9,1,1,experimental,basal
223,9,2,1,experimental,basal
223,9,1,1,experimental,basal
223,9,1,1,experimental,basal
223,9,1,1,experimental,basal
223,9,1,1,experimental,basal
223,9,1,1,experimental,basal
223,9,1,1,experimental,basal
223,9,1,1,experimental,basal
223,9,1,1,experimental,basal
223,10,1,1,experimental,basal
223,10,1,1,experimental,basal
223,10,2,1,experimental,basal
223,10,1,1,experimental,basal
223,10,2,1,experimental,basal
223,10,1,1,experimental,basal
223,10,1,1,experimental,basal
223,10,1,1,experimental,basal
223,10,2,1,experimental,basal
223,10,1,1,experimental,basal
223,10,1,1,experimental,basal
223,10,1,1,experimental,basal
223,10,2,1,experimental,basal
223,10,2,1,experimental,basal
223,10,1,1,experimental,basal
223,10,1,1,experimental,basal
223,10,1,1,experimental,basal
223,10,1,1,experimental,basal
223,10,1,1,experimental,basal
223,10,1,1,experimental,basal
223,10,1,1,experimental,basal
223,10,1,1,experimental,basal
223,10,2,1,experimental,basal
223,10,1,1,experimental,basal
223,10,2,1,experimental,basal
223,10,2,1,experimental,basal
223,10,2,1,experimental,basal
223,10,2,1,experimental,basal
223,10,1,1,experimental,basal
223,10,1,1,experimental,basal
223,11,2,1,experimental,basal
223,11,1,1,experimental,basal
223,11,1,1,experimental,basal
223,11,1,1,experimental,basal
223,11,2,1,experimental,basal
223,11,1,1,experimental,basal
223,11,1,1,experimental,basal
223,11,2,1,experimental,basal
223,11,1,1,experimental,basal
223,11,2,1,experimental,basal
223,11,1,1,experimental,basal
223,11,1,1,experimental,basal
223,11,1,1,experimental,basal
223,11,1,1,experimental,basal
223,11,1,1,experimental,basal
223,11,1,1,experimental,basal
223,11,1,1,experimental,basal
223,11,1,1,experimental,basal
223,11,1,1,experimental,basal
223,11,1,1,experimental,basal
223,11,1,1,experimental,basal
223,11,1,1,experimental,basal
223,11,1,1,experimental,basal
223,11,1,1,experimental,basal
223,11,2,1,experimental,basal
223,11,1,1,experimental,basal
223,11,1,1,experimental,basal
223,11,1,1,experimental,basal
223,11,1,1,experimental,basal
223,11,1,1,experimental,basal
223,11,2,1,experimental,basal
223,11,1,1,experimental,basal
223,11,1,1,experimental,basal
223,11,1,1,experimental,basal
223,11,1,1,experimental,basal
223,11,1,1,experimental,basal
223,11,1,1,experimental,basal
223,11,1,1,experimental,basal
223,11,1,1,experimental,basal
223,11,1,1,experimental,basal
223,11,1,1,experimental,basal
223,11,1,1,experimental,basal
223,11,1,1,experimental,basal
223,14,1,1,experimental,basal
223,14,2,1,experimental,basal
223,14,1,1,experimental,basal
223,14,1,1,experimental,basal
223,14,2,1,experimental,basal
223,14,1,1,experimental,basal
223,14,1,1,experimental,basal
223,14,1,1,experimental,basal
223,14,1,1,experimental,basal
223,14,1,1,experimental,basal
223,14,1,1,experimental,basal
223,14,1,1,experimental,basal
223,14,1,1,experimental,basal
223,14,1,1,experimental,basal
223,14,1,1,experimental,basal
223,14,1,1,experimental,basal
223,14,1,1,experimental,basal
223,14,1,1,experimental,basal
223,14,2,1,experimental,basal
223,14,1,1,experimental,basal
223,14,1,1,experimental,basal
223,14,1,1,experimental,basal
223,14,1,1,experimental,basal
223,14,1,1,experimental,basal
223,14,1,1,experimental,basal
223,14,1,1,experimental,basal
223,14,1,1,experimental,basal
223,14,1,1,experimental,basal
223,14,1,1,experimental,basal
223,14,1,1,experimental,basal
223,14,1,1,experimental,basal
223,14,2,1,experimental,basal
223,14,1,1,experimental,basal
223,14,1,1,experimental,basal
223,14,1,1,experimental,basal
223,14,1,1,experimental,basal
223,14,1,1,experimental,basal
223,14,1,1,experimental,basal
223,14,1,1,experimental,basal
223,14,1,1,experimental,basal
223,14,1,1,experimental,basal
223,14,1,1,experimental,basal
223,14,1,1,experimental,basal
223,15,1,1,experimental,basal
223,15,2,1,experimental,basal
223,15,1,1,experimental,basal
223,15,2,1,experimental,basal
223,15,1,1,experimental,basal
223,15,1,1,experimental,basal
223,15,1,1,experimental,basal
223,15,1,1,experimental,basal
223,15,2,1,experimental,basal
223,15,2,1,experimental,basal
223,15,1,1,experimental,basal
223,15,2,1,experimental,basal
223,15,1,1,experimental,basal
223,15,2,1,experimental,basal
223,15,1,1,experimental,basal
223,15,1,1,experimental,basal
223,15,1,1,experimental,basal
223,15,1,1,experimental,basal
223,15,2,1,experimental,basal
223,15,1,1,experimental,basal
223,15,1,1,experimental,basal
223,15,1,1,experimental,basal
223,15,1,1,experimental,basal
223,15,1,1,experimental,basal
223,15,1,1,experimental,basal
223,15,1,1,experimental,basal
223,15,2,1,experimental,basal
223,15,1,1,experimental,basal
223,15,1,1,experimental,basal
223,15,1,1,experimental,basal
223,15,1,1,experimental,basal
223,15,1,1,experimental,basal
223,15,1,1,experimental,basal
223,15,1,1,experimental,basal
223,15,1,1,experimental,basal
223,15,1,1,experimental,basal
223,15,1,1,experimental,basal
223,15,1,1,experimental,basal
223,15,1,1,experimental,basal
223,15,1,1,experimental,basal
223,15,1,1,experimental,basal
223,15,1,1,experimental,basal
223,15,1,1,experimental,basal
223,17,1,1,experimental,experimental
223,17,1,1,experimental,experimental
223,17,1,1,experimental,experimental
223,17,1,1,experimental,experimental
223,17,1,1,experimental,experimental
223,17,1,1,experimental,experimental
223,17,2,1,experimental,experimental
223,17,2,0,experimental,experimental
223,17,1,1,experimental,experimental
223,17,1,1,experimental,experimental
223,17,2,0,experimental,experimental
223,17,1,1,experimental,experimental
223,17,1,1,experimental,experimental
223,17,1,1,experimental,experimental
223,17,1,1,experimental,experimental
223,17,2,0,experimental,experimental
223,17,1,1,experimental,experimental
223,17,1,1,experimental,experimental
223,17,1,1,experimental,experimental
223,17,1,1,experimental,experimental
223,17,1,1,experimental,experimental
223,17,1,1,experimental,experimental
223,17,1,1,experimental,experimental
223,17,2,1,experimental,experimental
223,17,2,0,experimental,experimental
223,17,1,1,experimental,experimental
223,17,1,1,experimental,experimental
223,17,2,0,experimental,experimental
223,17,1,1,experimental,experimental
223,17,1,1,experimental,experimental
223,17,1,1,experimental,experimental
223,17,1,1,experimental,experimental
223,17,1,1,experimental,experimental
223,17,1,1,experimental,experimental
223,18,2,1,experimental,experimental
223,18,1,0,experimental,experimental
223,18,2,1,experimental,experimental
223,18,1,0,experimental,experimental
223,18,2,1,experimental,experimental
223,18,2,1,experimental,experimental
223,18,1,1,experimental,experimental
223,18,1,1,experimental,experimental
223,18,2,1,experimental,experimental
223,18,2,1,experimental,experimental
223,18,1,0,experimental,experimental
223,18,2,1,experimental,experimental
223,18,2,1,experimental,experimental
223,18,2,1,experimental,experimental
223,18,2,1,experimental,experimental
223,18,2,1,experimental,experimental
223,18,1,0,experimental,experimental
223,18,1,0,experimental,experimental
223,18,1,0,experimental,experimental
223,18,1,0,experimental,experimental
223,18,1,0,experimental,experimental
223,18,1,0,experimental,experimental
223,18,2,1,experimental,experimental
223,21,1,1,experimental,experimental
223,21,1,1,experimental,experimental
223,21,1,1,experimental,experimental
223,21,1,1,experimental,experimental
223,21,1,1,experimental,experimental
223,21,2,1,experimental,experimental
223,21,1,1,experimental,experimental
223,21,1,1,experimental,experimental
223,21,1,1,experimental,experimental
223,21,1,1,experimental,experimental
223,21,1,1,experimental,experimental
223,21,1,1,experimental,experimental
223,21,1,1,experimental,experimental
223,21,1,1,experimental,experimental
223,21,1,1,experimental,experimental
223,21,1,1,experimental,experimental
223,21,2,1,experimental,experimental
223,21,1,1,experimental,experimental
223,21,1,1,experimental,experimental
223,21,1,1,experimental,experimental
223,21,1,1,experimental,experimental
223,21,2,0,experimental,experimental
223,21,1,1,experimental,experimental
223,21,1,1,experimental,experimental
223,21,2,1,experimental,experimental
223,21,1,1,experimental,experimental
223,21,1,1,experimental,experimental
223,21,1,1,experimental,experimental
223,21,1,1,experimental,experimental
223,21,1,1,experimental,experimental
223,21,2,1,experimental,experimental
223,22,2,1,experimental,experimental
223,22,2,1,experimental,experimental
223,22,2,1,experimental,experimental
223,22,1,1,experimental,experimental
223,22,1,0,experimental,experimental
223,22,2,1,experimental,experimental
223,22,2,1,experimental,experimental
223,22,1,0,experimental,experimental
223,22,1,0,experimental,experimental
223,22,1,0,experimental,experimental
223,22,2,1,experimental,experimental
223,22,2,1,experimental,experimental
223,22,1,0,experimental,experimental
223,22,1,0,experimental,experimental
223,22,2,1,experimental,experimental
223,22,1,0,experimental,experimental
223,22,2,1,experimental,experimental
223,22,2,1,experimental,experimental
223,22,2,1,experimental,experimental
223,22,1,1,experimental,experimental
223,22,2,1,experimental,experimental
223,22,2,1,experimental,experimental
223,22,2,1,experimental,experimental
223,22,1,0,experimental,experimental
223,22,2,1,experimental,experimental
223,22,2,1,experimental,experimental
223,22,2,1,experimental,experimental
223,22,1,0,experimental,experimental
223,22,2,1,experimental,experimental
223,22,1,0,experimental,experimental
223,22,2,1,experimental,experimental
223,22,1,1,experimental,experimental
223,22,1,0,experimental,experimental
223,22,1,0,experimental,experimental
223,22,2,1,experimental,experimental
223,22,2,1,experimental,experimental
223,22,2,1,experimental,experimental
223,22,2,1,experimental,experimental
223,22,1,0,experimental,experimental
223,22,2,1,experimental,experimental
223,22,2,1,experimental,experimental
223,22,2,1,experimental,experimental
223,22,2,1,experimental,experimental
223,22,1,0,experimental,experimental
223,22,2,1,experimental,experimental
223,22,2,1,experimental,experimental
223,23,2,1,experimental,experimental
223,23,2,1,experimental,experimental
223,23,1,1,experimental,experimental
223,23,1,1,experimental,experimental
223,23,2,1,experimental,experimental
223,23,1,1,experimental,experimental
223,23,2,0,experimental,experimental
223,23,1,1,experimental,experimental
223,23,1,1,experimental,experimental
223,23,2,1,experimental,experimental
223,23,2,1,experimental,experimental
223,23,1,1,experimental,experimental
223,23,1,1,experimental,experimental
223,23,1,1,experimental,experimental
223,23,1,1,experimental,experimental
223,23,2,1,experimental,experimental
223,23,1,1,experimental,experimental
223,23,1,1,experimental,experimental
223,23,1,1,experimental,experimental
223,23,1,1,experimental,experimental
223,23,2,0,experimental,experimental
223,23,1,1,experimental,experimental
223,23,1,1,experimental,experimental
223,23,1,1,experimental,experimental
223,23,1,1,experimental,experimental
223,23,1,1,experimental,experimental
223,23,1,1,experimental,experimental
223,24,2,1,experimental,experimental
223,24,2,1,experimental,experimental
223,24,1,1,experimental,experimental
223,24,2,1,experimental,experimental
223,24,2,1,experimental,experimental
223,24,1,0,experimental,experimental
223,24,2,1,experimental,experimental
223,24,1,0,experimental,experimental
223,24,2,1,experimental,experimental
223,24,2,1,experimental,experimental
223,24,2,1,experimental,experimental
223,24,1,0,experimental,experimental
223,24,2,1,experimental,experimental
223,24,2,1,experimental,experimental
223,24,2,1,experimental,experimental
223,24,2,1,experimental,experimental
223,24,2,1,experimental,experimental
223,24,2,1,experimental,experimental
223,24,2,1,experimental,experimental
223,24,2,1,experimental,experimental
223,24,2,1,experimental,experimental
223,24,2,1,experimental,experimental
223,28,1,1,experimental,experimental
223,28,2,1,experimental,experimental
223,28,2,1,experimental,experimental
223,28,2,1,experimental,experimental
223,28,1,1,experimental,experimental
223,28,1,1,experimental,experimental
223,28,1,1,experimental,experimental
223,28,2,1,experimental,experimental
223,28,1,1,experimental,experimental
223,28,2,1,experimental,experimental
223,28,2,1,experimental,experimental
223,28,1,1,experimental,experimental
223,28,2,1,experimental,experimental
223,28,1,1,experimental,experimental
223,28,1,1,experimental,experimental
223,28,2,0,experimental,experimental
223,28,1,1,experimental,experimental
223,28,1,1,experimental,experimental
223,28,1,1,experimental,experimental
223,28,1,1,experimental,experimental
223,28,1,1,experimental,experimental
223,28,1,1,experimental,experimental
223,28,1,1,experimental,experimental
223,28,1,1,experimental,experimental
223,28,1,1,experimental,experimental
223,28,1,1,experimental,experimental
223,28,1,1,experimental,experimental
223,28,1,1,experimental,experimental
223,28,1,1,experimental,experimental
223,28,1,1,experimental,experimental
223,28,1,1,experimental,experimental
223,28,1,1,experimental,experimental
223,28,1,1,experimental,experimental
223,28,1,1,experimental,experimental
223,28,1,1,experimental,experimental
223,29,1,0,experimental,experimental
223,29,1,1,experimental,experimental
223,29,1,0,experimental,experimental
223,29,2,1,experimental,experimental
223,29,2,1,experimental,experimental
223,29,1,0,experimental,experimental
223,29,2,1,experimental,experimental
223,29,1,0,experimental,experimental
223,29,2,1,experimental,experimental
223,29,2,1,experimental,experimental
223,29,1,0,experimental,experimental
223,29,2,1,experimental,experimental
223,29,1,0,experimental,experimental
223,29,2,1,experimental,experimental
223,29,1,0,experimental,experimental
223,29,2,1,experimental,experimental
223,29,2,1,experimental,experimental
223,29,2,1,experimental,experimental
223,29,2,1,experimental,experimental
223,29,2,1,experimental,experimental
223,29,1,0,experimental,experimental
223,29,2,1,experimental,experimental
223,29,2,1,experimental,experimental
223,29,2,1,experimental,experimental
223,29,2,1,experimental,experimental
223,29,1,1,experimental,experimental
223,29,1,0,experimental,experimental
223,29,1,0,experimental,experimental
223,29,1,1,experimental,experimental
223,29,1,0,experimental,experimental
223,29,1,0,experimental,experimental
223,29,2,1,experimental,experimental
223,29,2,1,experimental,experimental
223,29,2,1,experimental,experimental
223,29,1,1,experimental,experimental
223,29,1,0,experimental,experimental
223,29,1,0,experimental,experimental
223,29,1,0,experimental,experimental
223,29,2,1,experimental,experimental
223,29,2,1,experimental,experimental
223,29,1,1,experimental,experimental
223,29,2,1,experimental,experimental
223,29,2,1,experimental,experimental
223,29,2,1,experimental,experimental
223,29,1,0,experimental,experimental
223,29,1,1,experimental,experimental
223,29,2,1,experimental,experimental
223,29,1,0,experimental,experimental
223,30,1,1,experimental,experimental
223,30,2,0,experimental,experimental
223,30,1,1,experimental,experimental
223,30,2,0,experimental,experimental
223,30,1,1,experimental,experimental
223,30,2,1,experimental,experimental
223,30,1,1,experimental,experimental
223,30,1,1,experimental,experimental
223,30,2,0,experimental,experimental
223,30,2,1,experimental,experimental
223,30,1,1,experimental,experimental
223,30,1,1,experimental,experimental
223,30,2,0,experimental,experimental
223,30,2,1,experimental,experimental
223,30,2,0,experimental,experimental
223,30,2,0,experimental,experimental
223,30,1,1,experimental,experimental
223,30,2,0,experimental,experimental
223,30,1,1,experimental,experimental
223,30,2,1,experimental,experimental
223,30,1,1,experimental,experimental
223,30,1,1,experimental,experimental
223,30,1,1,experimental,experimental
223,30,1,1,experimental,experimental
223,30,2,1,experimental,experimental
223,30,1,1,experimental,experimental
223,30,2,1,experimental,experimental
223,30,1,1,experimental,experimental
223,30,1,1,experimental,experimental
223,30,1,1,experimental,experimental
223,30,2,1,experimental,experimental
223,30,1,1,experimental,experimental
223,30,2,1,experimental,experimental
223,30,2,0,experimental,experimental
223,30,1,1,experimental,experimental
223,30,2,0,experimental,experimental
223,30,1,1,experimental,experimental
223,30,2,0,experimental,experimental
223,30,1,1,experimental,experimental
223,30,2,1,experimental,experimental
223,30,1,1,experimental,experimental
223,30,1,1,experimental,experimental
223,30,1,1,experimental,experimental
223,30,1,1,experimental,experimental
223,30,1,1,experimental,experimental
223,30,1,1,experimental,experimental
223,30,1,1,experimental,experimental
223,30,1,1,experimental,experimental
223,30,1,1,experimental,experimental
223,30,1,1,experimental,experimental
223,30,1,1,experimental,experimental
223,31,2,1,experimental,experimental
223,31,1,1,experimental,experimental
223,31,1,0,experimental,experimental
223,31,1,1,experimental,experimental
223,31,2,1,experimental,experimental
223,31,2,1,experimental,experimental
223,31,1,1,experimental,experimental
223,31,1,0,experimental,experimental
223,31,2,1,experimental,experimental
223,31,1,0,experimental,experimental
223,31,1,0,experimental,experimental
223,31,1,0,experimental,experimental
223,31,2,1,experimental,experimental
223,31,1,1,experimental,experimental
223,31,1,1,experimental,experimental
223,31,2,1,experimental,experimental
223,31,1,1,experimental,experimental
223,31,1,1,experimental,experimental
223,31,1,1,experimental,experimental
223,31,1,0,experimental,experimental
223,31,2,1,experimental,experimental
223,31,1,1,experimental,experimental
223,31,1,1,experimental,experimental
223,31,1,0,experimental,experimental
223,31,1,1,experimental,experimental
223,31,1,0,experimental,experimental
223,31,1,1,experimental,experimental
223,31,1,0,experimental,experimental
223,31,2,1,experimental,experimental
223,31,1,1,experimental,experimental
223,31,1,1,experimental,experimental
223,31,1,0,experimental,experimental
223,31,1,0,experimental,experimental
223,31,1,0,experimental,experimental
223,31,1,0,experimental,experimental
223,31,1,1,experimental,experimental
223,31,1,0,experimental,experimental
223,31,1,0,experimental,experimental
223,31,1,1,experimental,experimental
223,31,1,0,experimental,experimental
223,31,2,1,experimental,experimental
223,31,2,1,experimental,experimental
223,32,2,0,experimental,experimental
223,32,2,0,experimental,experimental
223,32,1,1,experimental,experimental
223,32,1,1,experimental,experimental
223,32,1,1,experimental,experimental
223,32,1,1,experimental,experimental
223,32,2,0,experimental,experimental
223,32,1,1,experimental,experimental
223,32,1,1,experimental,experimental
223,32,1,1,experimental,experimental
223,32,2,1,experimental,experimental
223,32,1,1,experimental,experimental
223,32,1,1,experimental,experimental
223,32,1,1,experimental,experimental
223,32,2,0,experimental,experimental
223,32,2,0,experimental,experimental
223,32,1,1,experimental,experimental
223,32,1,1,experimental,experimental
223,32,2,1,experimental,experimental
223,32,1,1,experimental,experimental
223,32,1,1,experimental,experimental
223,32,1,1,experimental,experimental
223,32,1,1,experimental,experimental
223,32,1,1,experimental,experimental
223,32,1,1,experimental,experimental
223,32,2,0,experimental,experimental
223,32,1,1,experimental,experimental
223,32,1,1,experimental,experimental
223,32,1,1,experimental,experimental
223,32,1,1,experimental,experimental
223,32,1,1,experimental,experimental
223,32,1,1,experimental,experimental
223,32,1,1,experimental,experimental
223,32,1,1,experimental,experimental
223,32,1,1,experimental,experimental
223,32,1,1,experimental,experimental
223,32,1,1,experimental,experimental
223,32,1,1,experimental,experimental
223,35,2,1,experimental,experimental
223,35,1,0,experimental,experimental
223,35,2,1,experimental,experimental
223,35,1,0,experimental,experimental
223,35,2,1,experimental,experimental
223,35,2,1,experimental,experimental
223,35,1,1,experimental,experimental
223,35,1,0,experimental,experimental
223,35,2,1,experimental,experimental
223,35,2,1,experimental,experimental
223,35,1,1,experimental,experimental
223,35,1,1,experimental,experimental
223,35,1,0,experimental,experimental
223,35,1,0,experimental,experimental
223,35,2,1,experimental,experimental
223,35,2,1,experimental,experimental
223,35,2,1,experimental,experimental
223,35,2,1,experimental,experimental
223,35,2,1,experimental,experimental
223,35,1,0,experimental,experimental
223,35,2,1,experimental,experimental
223,35,2,1,experimental,experimental
223,35,1,0,experimental,experimental
223,35,2,1,experimental,experimental
223,35,2,1,experimental,experimental
223,35,2,1,experimental,experimental
223,35,2,1,experimental,experimental
223,35,2,1,experimental,experimental
223,35,2,1,experimental,experimental
223,35,1,0,experimental,experimental
223,35,2,1,experimental,experimental
223,35,2,1,experimental,experimental
223,35,2,1,experimental,experimental
223,35,2,1,experimental,experimental
223,35,2,1,experimental,experimental
223,35,2,1,experimental,experimental
223,35,2,1,experimental,experimental
223,35,2,1,experimental,experimental
223,35,2,1,experimental,experimental
223,35,2,1,experimental,experimental
223,35,2,1,experimental,experimental
223,36,2,0,experimental,experimental
223,36,1,1,experimental,experimental
223,36,1,1,experimental,experimental
223,36,2,1,experimental,experimental
223,36,2,0,experimental,experimental
223,36,2,0,experimental,experimental
223,36,1,1,experimental,experimental
223,36,1,1,experimental,experimental
223,36,1,1,experimental,experimental
223,36,2,0,experimental,experimental
223,36,1,1,experimental,experimental
223,36,1,1,experimental,experimental
223,36,1,1,experimental,experimental
223,36,2,1,experimental,experimental
223,36,1,1,experimental,experimental
223,36,1,1,experimental,experimental
223,36,2,1,experimental,experimental
223,36,1,1,experimental,experimental
223,36,1,1,experimental,experimental
223,36,1,1,experimental,experimental
223,36,1,1,experimental,experimental
223,36,1,1,experimental,experimental
223,36,1,1,experimental,experimental
223,36,1,1,experimental,experimental
223,36,1,1,experimental,experimental
223,36,1,1,experimental,experimental
223,36,1,1,experimental,experimental
223,36,1,1,experimental,experimental
223,36,2,1,experimental,experimental
223,36,1,1,experimental,experimental
223,36,1,1,experimental,experimental
223,36,2,1,experimental,experimental
223,36,1,1,experimental,experimental
223,37,2,1,experimental,experimental
223,37,2,1,experimental,experimental
223,37,2,1,experimental,experimental
223,37,2,1,experimental,experimental
223,37,2,1,experimental,experimental
223,37,2,1,experimental,experimental
223,37,2,1,experimental,experimental
223,37,2,1,experimental,experimental
223,37,2,1,experimental,experimental
223,37,2,1,experimental,experimental
223,37,2,1,experimental,experimental
223,37,2,1,experimental,experimental
223,37,2,1,experimental,experimental
223,37,1,0,experimental,experimental
223,37,2,1,experimental,experimental
223,37,2,1,experimental,experimental
223,37,2,1,experimental,experimental
223,37,2,1,experimental,experimental
223,37,1,1,experimental,experimental
223,37,1,1,experimental,experimental
223,37,1,1,experimental,experimental
223,37,2,1,experimental,experimental
223,37,1,0,experimental,experimental
223,37,1,1,experimental,experimental
223,37,1,1,experimental,experimental
223,37,1,0,experimental,experimental
223,37,1,1,experimental,experimental
223,37,1,1,experimental,experimental
223,37,1,0,experimental,experimental
223,37,1,1,experimental,experimental
223,37,1,1,experimental,experimental
223,38,1,1,experimental,experimental
223,38,1,1,experimental,experimental
223,38,1,1,experimental,experimental
223,38,1,1,experimental,experimental
223,38,2,0,experimental,experimental
223,38,1,1,experimental,experimental
223,38,1,1,experimental,experimental
223,38,1,1,experimental,experimental
223,38,1,1,experimental,experimental
223,38,2,0,experimental,experimental
223,38,1,1,experimental,experimental
223,38,1,1,experimental,experimental
223,38,1,1,experimental,experimental
223,38,1,1,experimental,experimental
223,38,1,1,experimental,experimental
223,38,1,1,experimental,experimental
223,38,1,1,experimental,experimental
223,38,1,1,experimental,experimental
223,38,1,1,experimental,experimental
223,38,1,1,experimental,experimental
223,38,2,0,experimental,experimental
223,38,1,1,experimental,experimental
223,38,1,1,experimental,experimental
223,38,1,1,experimental,experimental
223,38,1,1,experimental,experimental
223,38,1,1,experimental,experimental
223,38,1,1,experimental,experimental
223,38,1,1,experimental,experimental
223,38,1,1,experimental,experimental
223,38,1,1,experimental,experimental
223,38,1,1,experimental,experimental
223,38,1,1,experimental,experimental
223,38,1,1,experimental,experimental
224,0,2,1,experimental,basal
224,0,2,1,experimental,basal
224,0,1,1,experimental,basal
224,0,1,1,experimental,basal
224,0,2,1,experimental,basal
224,0,1,1,experimental,basal
224,0,2,1,experimental,basal
224,0,1,1,experimental,basal
224,0,2,1,experimental,basal
224,0,1,1,experimental,basal
224,0,2,1,experimental,basal
224,0,1,1,experimental,basal
224,0,2,1,experimental,basal
224,0,1,1,experimental,basal
224,0,1,1,experimental,basal
224,0,1,1,experimental,basal
224,0,2,1,experimental,basal
224,0,1,1,experimental,basal
224,0,1,1,experimental,basal
224,0,1,1,experimental,basal
224,1,1,1,experimental,basal
224,1,2,1,experimental,basal
224,1,1,1,experimental,basal
224,1,2,1,experimental,basal
224,1,1,1,experimental,basal
224,1,1,1,experimental,basal
224,1,2,1,experimental,basal
224,1,1,1,experimental,basal
224,1,2,1,experimental,basal
224,1,1,1,experimental,basal
224,1,1,1,experimental,basal
224,1,1,1,experimental,basal
224,1,1,1,experimental,basal
224,1,1,1,experimental,basal
224,1,2,1,experimental,basal
224,1,1,1,experimental,basal
224,1,1,1,experimental,basal
224,1,1,1,experimental,basal
224,1,2,1,experimental,basal
224,1,1,1,experimental,basal
224,1,1,1,experimental,basal
224,1,1,1,experimental,basal
224,1,1,1,experimental,basal
224,1,1,1,experimental,basal
224,1,2,1,experimental,basal
224,1,1,1,experimental,basal
224,1,1,1,experimental,basal
224,1,1,1,experimental,basal
224,1,1,1,experimental,basal
224,1,1,1,experimental,basal
224,1,1,1,experimental,basal
224,1,1,1,experimental,basal
224,1,1,1,experimental,basal
224,1,1,1,experimental,basal
224,1,2,1,experimental,basal
224,1,1,1,experimental,basal
224,1,1,1,experimental,basal
224,1,1,1,experimental,basal
224,1,1,1,experimental,basal
224,1,1,1,experimental,basal
224,1,1,1,experimental,basal
224,1,2,1,experimental,basal
224,1,1,1,experimental,basal
224,1,1,1,experimental,basal
224,1,1,1,experimental,basal
224,1,1,1,experimental,basal
224,1,1,1,experimental,basal
224,1,1,1,experimental,basal
224,1,1,1,experimental,basal
224,1,1,1,experimental,basal
224,1,1,1,experimental,basal
224,1,1,1,experimental,basal
224,1,1,1,experimental,basal
224,1,1,1,experimental,basal
224,1,1,1,experimental,basal
224,1,1,1,experimental,basal
224,1,1,1,experimental,basal
224,1,1,1,experimental,basal
224,1,2,1,experimental,basal
224,2,2,1,experimental,basal
224,2,1,1,experimental,basal
224,2,1,1,experimental,basal
224,2,2,1,experimental,basal
224,2,1,1,experimental,basal
224,2,2,1,experimental,basal
224,2,1,1,experimental,basal
224,2,2,1,experimental,basal
224,2,1,1,experimental,basal
224,2,2,1,experimental,basal
224,2,1,1,experimental,basal
224,2,2,1,experimental,basal
224,2,1,1,experimental,basal
224,2,1,1,experimental,basal
224,2,2,1,experimental,basal
224,2,1,1,experimental,basal
224,2,1,1,experimental,basal
224,2,1,1,experimental,basal
224,2,1,1,experimental,basal
224,2,1,1,experimental,basal
224,2,2,1,experimental,basal
224,2,2,1,experimental,basal
224,2,1,1,experimental,basal
224,2,1,1,experimental,basal
224,2,2,1,experimental,basal
224,2,1,1,experimental,basal
224,2,2,1,experimental,basal
224,2,2,1,experimental,basal
224,2,1,1,experimental,basal
224,2,1,1,experimental,basal
224,2,1,1,experimental,basal
224,3,2,1,experimental,basal
224,3,1,1,experimental,basal
224,3,2,1,experimental,basal
224,3,1,1,experimental,basal
224,3,2,1,experimental,basal
224,3,1,1,experimental,basal
224,3,1,1,experimental,basal
224,3,2,1,experimental,basal
224,3,2,1,experimental,basal
224,3,1,1,experimental,basal
224,3,1,1,experimental,basal
224,3,2,1,experimental,basal
224,3,1,1,experimental,basal
224,3,1,1,experimental,basal
224,3,1,1,experimental,basal
224,3,1,1,experimental,basal
224,3,1,1,experimental,basal
224,3,1,1,experimental,basal
224,3,1,1,experimental,basal
224,3,1,1,experimental,basal
224,3,1,1,experimental,basal
224,3,1,1,experimental,basal
224,3,1,1,experimental,basal
224,3,2,1,experimental,basal
224,3,1,1,experimental,basal
224,3,1,1,experimental,basal
224,3,1,1,experimental,basal
224,3,1,1,experimental,basal
224,3,1,1,experimental,basal
224,3,1,1,experimental,basal
224,3,1,1,experimental,basal
224,3,1,1,experimental,basal
224,3,2,1,experimental,basal
224,3,1,1,experimental,basal
224,3,1,1,experimental,basal
224,3,1,1,experimental,basal
224,3,1,1,experimental,basal
224,3,1,1,experimental,basal
224,3,1,1,experimental,basal
224,4,1,1,experimental,basal
224,4,2,1,experimental,basal
224,4,1,1,experimental,basal
224,4,1,1,experimental,basal
224,4,2,1,experimental,basal
224,4,1,1,experimental,basal
224,4,1,1,experimental,basal
224,4,2,1,experimental,basal
224,4,1,1,experimental,basal
224,4,1,1,experimental,basal
224,4,2,1,experimental,basal
224,4,2,1,experimental,basal
224,4,1,1,experimental,basal
224,4,1,1,experimental,basal
224,4,2,1,experimental,basal
224,4,1,1,experimental,basal
224,4,2,1,experimental,basal
224,4,1,1,experimental,basal
224,4,1,1,experimental,basal
224,4,1,1,experimental,basal
224,4,2,1,experimental,basal
224,4,2,1,experimental,basal
224,4,1,1,experimental,basal
224,4,1,1,experimental,basal
224,4,1,1,experimental,basal
224,4,1,1,experimental,basal
224,4,2,1,experimental,basal
224,4,1,1,experimental,basal
224,4,1,1,experimental,basal
224,4,2,1,experimental,basal
224,4,1,1,experimental,basal
224,7,2,1,experimental,basal
224,7,1,1,experimental,basal
224,7,1,1,experimental,basal
224,7,1,1,experimental,basal
224,7,2,1,experimental,basal
224,7,1,1,experimental,basal
224,7,2,1,experimental,basal
224,7,1,1,experimental,basal
224,7,1,1,experimental,basal
224,7,1,1,experimental,basal
224,7,2,1,experimental,basal
224,7,1,1,experimental,basal
224,7,2,1,experimental,basal
224,7,1,1,experimental,basal
224,7,1,1,experimental,basal
224,7,2,1,experimental,basal
224,7,1,1,experimental,basal
224,7,1,1,experimental,basal
224,7,2,1,experimental,basal
224,7,1,1,experimental,basal
224,7,1,1,experimental,basal
224,7,1,1,experimental,basal
224,7,1,1,experimental,basal
224,7,1,1,experimental,basal
224,7,1,1,experimental,basal
224,7,2,1,experimental,basal
224,7,1,1,experimental,basal
224,7,1,1,experimental,basal
224,7,1,1,experimental,basal
224,7,1,1,experimental,basal
224,7,1,1,experimental,basal
224,7,1,1,experimental,basal
224,7,1,1,experimental,basal
224,7,1,1,experimental,basal
224,7,1,1,experimental,basal
224,7,2,1,experimental,basal
224,7,1,1,experimental,basal
224,7,1,1,experimental,basal
224,7,2,1,experimental,basal
224,7,1,1,experimental,basal
224,7,1,1,experimental,basal
224,7,1,1,experimental,basal
224,7,1,1,experimental,basal
224,7,1,1,experimental,basal
224,7,2,1,experimental,basal
224,7,2,1,experimental,basal
224,7,1,1,experimental,basal
224,7,1,1,experimental,basal
224,7,1,1,experimental,basal
224,7,2,1,experimental,basal
224,8,2,1,experimental,basal
224,8,1,1,experimental,basal
224,8,2,1,experimental,basal
224,8,1,1,experimental,basal
224,8,2,1,experimental,basal
224,8,1,1,experimental,basal
224,8,1,1,experimental,basal
224,8,1,1,experimental,basal
224,8,1,1,experimental,basal
224,8,1,1,experimental,basal
224,8,1,1,experimental,basal
224,8,2,1,experimental,basal
224,8,1,1,experimental,basal
224,8,2,1,experimental,basal
224,8,1,1,experimental,basal
224,8,2,1,experimental,basal
224,8,1,1,experimental,basal
224,8,1,1,experimental,basal
224,8,1,1,experimental,basal
224,8,1,1,experimental,basal
224,8,1,1,experimental,basal
224,8,1,1,experimental,basal
224,8,1,1,experimental,basal
224,8,1,1,experimental,basal
224,8,2,1,experimental,basal
224,8,1,1,experimental,basal
224,8,1,1,experimental,basal
224,8,1,1,experimental,basal
224,8,1,1,experimental,basal
224,8,1,1,experimental,basal
224,8,2,1,experimental,basal
224,8,1,1,experimental,basal
224,8,1,1,experimental,basal
224,8,1,1,experimental,basal
224,8,1,1,experimental,basal
224,8,2,1,experimental,basal
224,8,1,1,experimental,basal
224,8,1,1,experimental,basal
224,8,1,1,experimental,basal
224,8,1,1,experimental,basal
224,8,1,1,experimental,basal
224,8,1,1,experimental,basal
224,8,2,1,experimental,basal
224,8,1,1,experimental,basal
224,8,1,1,experimental,basal
224,8,1,1,experimental,basal
224,8,1,1,experimental,basal
224,9,2,1,experimental,basal
224,9,1,1,experimental,basal
224,9,1,1,experimental,basal
224,9,2,1,experimental,basal
224,9,1,1,experimental,basal
224,9,1,1,experimental,basal
224,9,2,1,experimental,basal
224,9,1,1,experimental,basal
224,9,2,1,experimental,basal
224,9,1,1,experimental,basal
224,9,2,1,experimental,basal
224,9,2,1,experimental,basal
224,9,1,1,experimental,basal
224,9,1,1,experimental,basal
224,9,2,1,experimental,basal
224,9,1,1,experimental,basal
224,9,1,1,experimental,basal
224,9,1,1,experimental,basal
224,9,1,1,experimental,basal
224,9,2,1,experimental,basal
224,9,1,1,experimental,basal
224,9,1,1,experimental,basal
224,9,1,1,experimental,basal
224,9,1,1,experimental,basal
224,9,1,1,experimental,basal
224,9,1,1,experimental,basal
224,9,1,1,experimental,basal
224,9,1,1,experimental,basal
224,9,2,1,experimental,basal
224,9,1,1,experimental,basal
224,9,1,1,experimental,basal
224,9,1,1,experimental,basal
224,9,1,1,experimental,basal
224,9,1,1,experimental,basal
224,9,1,1,experimental,basal
224,9,1,1,experimental,basal
224,9,1,1,experimental,basal
224,9,1,1,experimental,basal
224,9,1,1,experimental,basal
224,9,2,1,experimental,basal
224,9,2,1,experimental,basal
224,9,1,1,experimental,basal
224,9,1,1,experimental,basal
224,9,1,1,experimental,basal
224,9,2,1,experimental,basal
224,9,1,1,experimental,basal
224,9,1,1,experimental,basal
224,9,1,1,experimental,basal
224,9,1,1,experimental,basal
224,9,1,1,experimental,basal
224,10,1,1,experimental,basal
224,10,1,1,experimental,basal
224,10,2,1,experimental,basal
224,10,1,1,experimental,basal
224,10,2,1,experimental,basal
224,10,1,1,experimental,basal
224,10,1,1,experimental,basal
224,10,1,1,experimental,basal
224,10,2,1,experimental,basal
224,10,1,1,experimental,basal
224,10,1,1,experimental,basal
224,10,1,1,experimental,basal
224,10,2,1,experimental,basal
224,10,2,1,experimental,basal
224,10,1,1,experimental,basal
224,10,1,1,experimental,basal
224,10,1,1,experimental,basal
224,10,1,1,experimental,basal
224,10,1,1,experimental,basal
224,10,1,1,experimental,basal
224,10,1,1,experimental,basal
224,10,1,1,experimental,basal
224,10,2,1,experimental,basal
224,10,1,1,experimental,basal
224,10,2,1,experimental,basal
224,10,2,1,experimental,basal
224,10,2,1,experimental,basal
224,10,2,1,experimental,basal
224,10,1,1,experimental,basal
224,10,1,1,experimental,basal
224,11,2,1,experimental,basal
224,11,1,1,experimental,basal
224,11,2,1,experimental,basal
224,11,1,1,experimental,basal
224,11,2,1,experimental,basal
224,11,1,1,experimental,basal
224,11,2,1,experimental,basal
224,11,2,1,experimental,basal
224,11,1,1,experimental,basal
224,11,2,1,experimental,basal
224,11,1,1,experimental,basal
224,11,1,1,experimental,basal
224,11,2,1,experimental,basal
224,11,1,1,experimental,basal
224,11,1,1,experimental,basal
224,11,2,1,experimental,basal
224,11,1,1,experimental,basal
224,11,2,1,experimental,basal
224,11,1,1,experimental,basal
224,11,1,1,experimental,basal
224,11,1,1,experimental,basal
224,11,1,1,experimental,basal
224,11,1,1,experimental,basal
224,11,1,1,experimental,basal
224,11,1,1,experimental,basal
224,11,1,1,experimental,basal
224,11,1,1,experimental,basal
224,11,2,1,experimental,basal
224,11,1,1,experimental,basal
224,11,1,1,experimental,basal
224,11,2,1,experimental,basal
224,11,1,1,experimental,basal
224,11,1,1,experimental,basal
224,11,1,1,experimental,basal
224,11,1,1,experimental,basal
224,11,1,1,experimental,basal
224,11,1,1,experimental,basal
224,11,1,1,experimental,basal
224,11,1,1,experimental,basal
224,11,1,1,experimental,basal
224,11,2,1,experimental,basal
224,11,1,1,experimental,basal
224,11,1,1,experimental,basal
224,11,1,1,experimental,basal
224,11,1,1,experimental,basal
224,11,2,1,experimental,basal
224,11,1,1,experimental,basal
224,11,1,1,experimental,basal
224,14,1,1,experimental,basal
224,14,1,1,experimental,basal
224,14,1,1,experimental,basal
224,14,2,1,experimental,basal
224,14,1,1,experimental,basal
224,14,2,1,experimental,basal
224,14,1,1,experimental,basal
224,14,1,1,experimental,basal
224,14,2,1,experimental,basal
224,14,1,1,experimental,basal
224,14,1,1,experimental,basal
224,14,1,1,experimental,basal
224,14,1,1,experimental,basal
224,14,1,1,experimental,basal
224,14,1,1,experimental,basal
224,14,1,1,experimental,basal
224,14,2,1,experimental,basal
224,14,1,1,experimental,basal
224,14,2,1,experimental,basal
224,14,1,1,experimental,basal
224,14,2,1,experimental,basal
224,14,1,1,experimental,basal
224,14,1,1,experimental,basal
224,14,1,1,experimental,basal
224,14,1,1,experimental,basal
224,14,1,1,experimental,basal
224,14,1,1,experimental,basal
224,14,1,1,experimental,basal
224,14,1,1,experimental,basal
224,14,1,1,experimental,basal
224,14,1,1,experimental,basal
224,14,1,1,experimental,basal
224,14,2,1,experimental,basal
224,14,1,1,experimental,basal
224,14,1,1,experimental,basal
224,14,2,1,experimental,basal
224,14,1,1,experimental,basal
224,14,1,1,experimental,basal
224,14,1,1,experimental,basal
224,14,1,1,experimental,basal
224,14,1,1,experimental,basal
224,14,1,1,experimental,basal
224,14,1,1,experimental,basal
224,14,1,1,experimental,basal
224,14,1,1,experimental,basal
224,14,1,1,experimental,basal
224,14,1,1,experimental,basal
224,14,1,1,experimental,basal
224,14,1,1,experimental,basal
224,14,1,1,experimental,basal
224,14,2,1,experimental,basal
224,14,1,1,experimental,basal
224,14,1,1,experimental,basal
224,14,1,1,experimental,basal
224,14,1,1,experimental,basal
224,14,1,1,experimental,basal
224,15,1,1,experimental,basal
224,15,2,1,experimental,basal
224,15,1,1,experimental,basal
224,15,2,1,experimental,basal
224,15,1,1,experimental,basal
224,15,2,1,experimental,basal
224,15,1,1,experimental,basal
224,15,1,1,experimental,basal
224,15,2,1,experimental,basal
224,15,2,1,experimental,basal
224,15,1,1,experimental,basal
224,15,1,1,experimental,basal
224,15,2,1,experimental,basal
224,15,1,1,experimental,basal
224,15,2,1,experimental,basal
224,15,1,1,experimental,basal
224,15,1,1,experimental,basal
224,15,1,1,experimental,basal
224,15,1,1,experimental,basal
224,15,2,1,experimental,basal
224,15,1,1,experimental,basal
224,15,2,1,experimental,basal
224,15,1,1,experimental,basal
224,15,2,1,experimental,basal
224,15,1,1,experimental,basal
224,15,2,1,experimental,basal
224,15,1,1,experimental,basal
224,15,1,1,experimental,basal
224,15,1,1,experimental,basal
224,15,1,1,experimental,basal
224,15,2,1,experimental,basal
224,15,1,1,experimental,basal
224,15,1,1,experimental,basal
224,15,1,1,experimental,basal
224,15,1,1,experimental,basal
224,15,1,1,experimental,basal
224,15,1,1,experimental,basal
224,15,2,1,experimental,basal
224,15,1,1,experimental,basal
224,15,1,1,experimental,basal
224,15,1,1,experimental,basal
224,15,2,1,experimental,basal
224,15,1,1,experimental,basal
224,15,1,1,experimental,basal
224,15,1,1,experimental,basal
224,15,1,1,experimental,basal
224,15,2,1,experimental,basal
224,15,1,1,experimental,basal
224,15,2,1,experimental,basal
224,15,1,1,experimental,basal
224,15,1,1,experimental,basal
224,15,1,1,experimental,basal
224,15,1,1,experimental,basal
224,15,1,1,experimental,basal
224,15,1,1,experimental,basal
224,17,2,1,experimental,experimental
224,17,1,1,experimental,experimental
224,17,1,1,experimental,experimental
224,17,2,1,experimental,experimental
224,17,2,0,experimental,experimental
224,17,2,0,experimental,experimental
224,17,1,1,experimental,experimental
224,17,2,1,experimental,experimental
224,17,1,1,experimental,experimental
224,17,1,1,experimental,experimental
224,17,1,1,experimental,experimental
224,17,1,1,experimental,experimental
224,17,1,1,experimental,experimental
224,17,1,1,experimental,experimental
224,17,1,1,experimental,experimental
224,17,2,0,experimental,experimental
224,17,2,1,experimental,experimental
224,17,1,1,experimental,experimental
224,17,1,1,experimental,experimental
224,17,1,1,experimental,experimental
224,17,1,1,experimental,experimental
224,17,1,1,experimental,experimental
224,17,1,1,experimental,experimental
224,17,2,0,experimental,experimental
224,17,1,1,experimental,experimental
224,17,1,1,experimental,experimental
224,17,1,1,experimental,experimental
224,17,1,1,experimental,experimental
224,17,1,1,experimental,experimental
224,17,1,1,experimental,experimental
224,17,1,1,experimental,experimental
224,17,1,1,experimental,experimental
224,17,1,1,experimental,experimental
224,17,2,1,experimental,experimental
224,17,1,1,experimental,experimental
224,17,1,1,experimental,experimental
224,17,1,1,experimental,experimental
224,17,1,1,experimental,experimental
224,17,1,1,experimental,experimental
224,17,1,1,experimental,experimental
224,18,2,1,experimental,experimental
224,18,2,1,experimental,experimental
224,18,1,1,experimental,experimental
224,18,1,1,experimental,experimental
224,18,1,1,experimental,experimental
224,18,2,1,experimental,experimental
224,18,2,1,experimental,experimental
224,18,1,1,experimental,experimental
224,18,2,1,experimental,experimental
224,18,1,1,experimental,experimental
224,18,1,0,experimental,experimental
224,18,1,0,experimental,experimental
224,18,1,1,experimental,experimental
224,18,2,1,experimental,experimental
224,18,1,1,experimental,experimental
224,18,1,0,experimental,experimental
224,18,1,1,experimental,experimental
224,18,1,1,experimental,experimental
224,18,1,0,experimental,experimental
224,18,2,1,experimental,experimental
224,18,1,1,experimental,experimental
224,18,1,0,experimental,experimental
224,18,1,0,experimental,experimental
224,18,1,1,experimental,experimental
224,18,1,0,experimental,experimental
224,18,1,1,experimental,experimental
224,18,1,0,experimental,experimental
224,18,2,1,experimental,experimental
224,18,1,1,experimental,experimental
224,18,1,1,experimental,experimental
224,18,1,0,experimental,experimental
224,18,1,0,experimental,experimental
224,18,1,1,experimental,experimental
224,18,1,0,experimental,experimental
224,18,2,1,experimental,experimental
224,18,1,1,experimental,experimental
224,21,1,1,experimental,experimental
224,21,2,0,experimental,experimental
224,21,2,0,experimental,experimental
224,21,1,1,experimental,experimental
224,21,2,1,experimental,experimental
224,21,1,1,experimental,experimental
224,21,1,1,experimental,experimental
224,21,1,1,experimental,experimental
224,21,1,1,experimental,experimental
224,21,2,1,experimental,experimental
224,21,1,1,experimental,experimental
224,21,2,1,experimental,experimental
224,21,1,1,experimental,experimental
224,21,1,1,experimental,experimental
224,21,2,0,experimental,experimental
224,21,1,1,experimental,experimental
224,21,1,1,experimental,experimental
224,21,1,1,experimental,experimental
224,21,1,1,experimental,experimental
224,21,1,1,experimental,experimental
224,21,1,1,experimental,experimental
224,21,1,1,experimental,experimental
224,21,2,1,experimental,experimental
224,21,1,1,experimental,experimental
224,21,1,1,experimental,experimental
224,21,2,1,experimental,experimental
224,21,1,1,experimental,experimental
224,21,2,1,experimental,experimental
224,21,1,1,experimental,experimental
224,21,1,1,experimental,experimental
224,21,2,1,experimental,experimental
224,21,1,1,experimental,experimental
224,21,1,1,experimental,experimental
224,21,2,1,experimental,experimental
224,21,1,1,experimental,experimental
224,21,1,1,experimental,experimental
224,21,1,1,experimental,experimental
224,21,2,1,experimental,experimental
224,21,1,1,experimental,experimental
224,22,1,1,experimental,experimental
224,22,2,1,experimental,experimental
224,22,1,0,experimental,experimental
224,22,1,1,experimental,experimental
224,22,1,1,experimental,experimental
224,22,2,1,experimental,experimental
224,22,1,0,experimental,experimental
224,22,1,1,experimental,experimental
224,22,1,0,experimental,experimental
224,22,1,0,experimental,experimental
224,22,1,0,experimental,experimental
224,22,1,1,experimental,experimental
224,22,1,0,experimental,experimental
224,22,1,1,experimental,experimental
224,22,1,1,experimental,experimental
224,22,2,1,experimental,experimental
224,22,1,1,experimental,experimental
224,22,1,1,experimental,experimental
224,22,1,1,experimental,experimental
224,22,2,1,experimental,experimental
224,22,1,0,experimental,experimental
224,22,1,0,experimental,experimental
224,22,2,1,experimental,experimental
224,22,2,1,experimental,experimental
224,22,1,1,experimental,experimental
224,22,1,0,experimental,experimental
224,22,1,1,experimental,experimental
224,22,1,0,experimental,experimental
224,22,1,0,experimental,experimental
224,22,1,1,experimental,experimental
224,22,1,1,experimental,experimental
224,22,2,1,experimental,experimental
224,22,1,0,experimental,experimental
224,22,2,1,experimental,experimental
224,22,1,0,experimental,experimental
224,22,2,1,experimental,experimental
224,22,1,1,experimental,experimental
224,22,1,0,experimental,experimental
224,22,1,0,experimental,experimental
224,22,2,1,experimental,experimental
224,22,1,1,experimental,experimental
224,22,1,1,experimental,experimental
224,22,2,1,experimental,experimental
224,22,1,1,experimental,experimental
224,22,1,1,experimental,experimental
224,22,1,1,experimental,experimental
224,22,1,1,experimental,experimental
224,22,1,0,experimental,experimental
224,22,2,1,experimental,experimental
224,22,1,0,experimental,experimental
224,22,1,0,experimental,experimental
224,22,1,1,experimental,experimental
224,22,2,1,experimental,experimental
224,22,2,1,experimental,experimental
224,22,2,1,experimental,experimental
224,22,1,0,experimental,experimental
224,23,1,1,experimental,experimental
224,23,2,0,experimental,experimental
224,23,1,1,experimental,experimental
224,23,1,1,experimental,experimental
224,23,1,1,experimental,experimental
224,23,1,1,experimental,experimental
224,23,1,1,experimental,experimental
224,23,2,0,experimental,experimental
224,23,1,1,experimental,experimental
224,23,1,1,experimental,experimental
224,23,1,1,experimental,experimental
224,23,2,1,experimental,experimental
224,23,2,0,experimental,experimental
224,23,2,0,experimental,experimental
224,23,1,1,experimental,experimental
224,23,1,1,experimental,experimental
224,23,2,1,experimental,experimental
224,23,1,1,experimental,experimental
224,23,1,1,experimental,experimental
224,23,2,1,experimental,experimental
224,23,2,1,experimental,experimental
224,23,1,1,experimental,experimental
224,23,1,1,experimental,experimental
224,23,1,1,experimental,experimental
224,23,1,1,experimental,experimental
224,23,1,1,experimental,experimental
224,23,1,1,experimental,experimental
224,23,1,1,experimental,experimental
224,23,2,1,experimental,experimental
224,23,1,1,experimental,experimental
224,23,1,1,experimental,experimental
224,23,1,1,experimental,experimental
224,23,1,1,experimental,experimental
224,23,1,1,experimental,experimental
224,23,1,1,experimental,experimental
224,23,1,1,experimental,experimental
224,23,2,0,experimental,experimental
224,23,2,1,experimental,experimental
224,23,1,1,experimental,experimental
224,23,1,1,experimental,experimental
224,23,1,1,experimental,experimental
224,23,1,1,experimental,experimental
224,23,1,1,experimental,experimental
224,24,2,1,experimental,experimental
224,24,1,0,experimental,experimental
224,24,1,0,experimental,experimental
224,24,1,0,experimental,experimental
224,24,1,0,experimental,experimental
224,24,2,1,experimental,experimental
224,24,1,1,experimental,experimental
224,24,2,1,experimental,experimental
224,24,1,1,experimental,experimental
224,24,2,1,experimental,experimental
224,24,2,1,experimental,experimental
224,24,1,1,experimental,experimental
224,24,1,0,experimental,experimental
224,24,1,1,experimental,experimental
224,24,1,0,experimental,experimental
224,24,2,1,experimental,experimental
224,24,1,0,experimental,experimental
224,24,1,1,experimental,experimental
224,24,2,1,experimental,experimental
224,24,2,1,experimental,experimental
224,24,1,0,experimental,experimental
224,24,2,1,experimental,experimental
224,24,1,1,experimental,experimental
224,24,1,0,experimental,experimental
224,24,2,1,experimental,experimental
224,24,1,0,experimental,experimental
224,24,1,0,experimental,experimental
224,24,2,1,experimental,experimental
224,24,1,0,experimental,experimental
224,24,1,1,experimental,experimental
224,24,1,1,experimental,experimental
224,24,2,1,experimental,experimental
224,24,1,1,experimental,experimental
224,24,2,1,experimental,experimental
224,24,1,0,experimental,experimental
224,24,2,1,experimental,experimental
224,24,1,0,experimental,experimental
224,24,1,1,experimental,experimental
224,24,1,0,experimental,experimental
224,24,1,0,experimental,experimental
224,24,1,0,experimental,experimental
224,24,1,1,experimental,experimental
224,24,1,1,experimental,experimental
224,24,1,0,experimental,experimental
224,24,2,1,experimental,experimental
224,24,1,0,experimental,experimental
224,28,2,0,experimental,experimental
224,28,1,1,experimental,experimental
224,28,1,1,experimental,experimental
224,28,2,1,experimental,experimental
224,28,1,1,experimental,experimental
224,28,1,1,experimental,experimental
224,28,1,1,experimental,experimental
224,28,2,0,experimental,experimental
224,28,1,1,experimental,experimental
224,28,1,1,experimental,experimental
224,28,2,1,experimental,experimental
224,28,2,1,experimental,experimental
224,28,1,1,experimental,experimental
224,28,1,1,experimental,experimental
224,28,1,1,experimental,experimental
224,28,1,1,experimental,experimental
224,28,1,1,experimental,experimental
224,28,2,1,experimental,experimental
224,28,1,1,experimental,experimental
224,28,1,1,experimental,experimental
224,28,1,1,experimental,experimental
224,28,1,1,experimental,experimental
224,28,1,1,experimental,experimental
224,28,2,0,experimental,experimental
224,28,1,1,experimental,experimental
224,28,2,0,experimental,experimental
224,28,2,1,experimental,experimental
224,29,1,0,experimental,experimental
224,29,1,0,experimental,experimental
224,29,1,0,experimental,experimental
224,29,2,1,experimental,experimental
224,29,2,1,experimental,experimental
224,29,1,1,experimental,experimental
224,29,2,1,experimental,experimental
224,29,1,1,experimental,experimental
224,29,2,1,experimental,experimental
224,29,1,1,experimental,experimental
224,29,1,1,experimental,experimental
224,29,1,1,experimental,experimental
224,29,1,0,experimental,experimental
224,29,2,1,experimental,experimental
224,29,1,0,experimental,experimental
224,29,1,1,experimental,experimental
224,29,2,1,experimental,experimental
224,29,2,1,experimental,experimental
224,29,1,1,experimental,experimental
224,29,2,1,experimental,experimental
224,29,1,0,experimental,experimental
224,29,1,0,experimental,experimental
224,29,1,1,experimental,experimental
224,29,2,1,experimental,experimental
224,29,2,1,experimental,experimental
224,29,1,1,experimental,experimental
224,29,1,1,experimental,experimental
224,29,1,0,experimental,experimental
224,29,2,1,experimental,experimental
224,29,2,1,experimental,experimental
224,29,1,0,experimental,experimental
224,29,1,1,experimental,experimental
224,29,1,0,experimental,experimental
224,29,2,1,experimental,experimental
224,29,1,0,experimental,experimental
224,29,2,1,experimental,experimental
224,29,1,1,experimental,experimental
224,29,1,1,experimental,experimental
224,29,1,0,experimental,experimental
224,29,2,1,experimental,experimental
224,29,2,1,experimental,experimental
224,29,1,0,experimental,experimental
224,29,1,1,experimental,experimental
224,29,1,1,experimental,experimental
224,29,1,0,experimental,experimental
224,29,1,0,experimental,experimental
224,29,2,1,experimental,experimental
224,29,1,1,experimental,experimental
224,29,2,1,experimental,experimental
224,29,1,0,experimental,experimental
224,29,1,1,experimental,experimental
224,29,1,0,experimental,experimental
224,29,2,1,experimental,experimental
224,29,2,1,experimental,experimental
224,29,1,1,experimental,experimental
224,30,1,1,experimental,experimental
224,30,2,0,experimental,experimental
224,30,1,1,experimental,experimental
224,30,1,1,experimental,experimental
224,30,2,0,experimental,experimental
224,30,1,1,experimental,experimental
224,30,1,1,experimental,experimental
224,30,1,1,experimental,experimental
224,30,2,0,experimental,experimental
224,30,1,1,experimental,experimental
224,30,1,1,experimental,experimental
224,30,2,0,experimental,experimental
224,30,1,1,experimental,experimental
224,30,1,1,experimental,experimental
224,30,1,1,experimental,experimental
224,30,1,1,experimental,experimental
224,30,2,0,experimental,experimental
224,30,1,1,experimental,experimental
224,30,1,1,experimental,experimental
224,30,1,1,experimental,experimental
224,30,1,1,experimental,experimental
224,30,1,1,experimental,experimental
224,30,1,1,experimental,experimental
224,30,2,1,experimental,experimental
224,30,1,1,experimental,experimental
224,30,1,1,experimental,experimental
224,30,1,1,experimental,experimental
224,30,1,1,experimental,experimental
224,30,2,0,experimental,experimental
224,30,1,1,experimental,experimental
224,30,1,1,experimental,experimental
224,30,1,1,experimental,experimental
224,30,1,1,experimental,experimental
224,30,2,1,experimental,experimental
224,30,1,1,experimental,experimental
224,30,1,1,experimental,experimental
224,30,1,1,experimental,experimental
224,30,1,1,experimental,experimental
224,30,1,1,experimental,experimental
224,30,1,1,experimental,experimental
224,30,1,1,experimental,experimental
224,31,2,1,experimental,experimental
224,31,1,0,experimental,experimental
224,31,1,1,experimental,experimental
224,31,2,1,experimental,experimental
224,31,1,0,experimental,experimental
224,31,1,1,experimental,experimental
224,31,1,1,experimental,experimental
224,31,2,1,experimental,experimental
224,31,1,0,experimental,experimental
224,31,2,1,experimental,experimental
224,31,1,0,experimental,experimental
224,31,1,0,experimental,experimental
224,31,1,0,experimental,experimental
224,31,2,1,experimental,experimental
224,31,2,1,experimental,experimental
224,31,2,1,experimental,experimental
224,31,1,0,experimental,experimental
224,31,2,1,experimental,experimental
224,31,1,0,experimental,experimental
224,31,1,1,experimental,experimental
224,31,1,1,experimental,experimental
224,31,2,1,experimental,experimental
224,31,1,1,experimental,experimental
224,31,1,1,experimental,experimental
224,31,1,1,experimental,experimental
224,31,1,0,experimental,experimental
224,31,2,1,experimental,experimental
224,31,1,1,experimental,experimental
224,31,1,1,experimental,experimental
224,31,2,1,experimental,experimental
224,31,2,1,experimental,experimental
224,31,2,1,experimental,experimental
224,31,1,1,experimental,experimental
224,31,1,0,experimental,experimental
224,31,2,1,experimental,experimental
224,31,1,1,experimental,experimental
224,31,1,0,experimental,experimental
224,31,1,1,experimental,experimental
224,31,1,1,experimental,experimental
224,31,2,1,experimental,experimental
224,31,1,1,experimental,experimental
224,31,1,0,experimental,experimental
224,31,1,1,experimental,experimental
224,31,2,1,experimental,experimental
224,31,1,1,experimental,experimental
224,31,2,1,experimental,experimental
224,31,1,0,experimental,experimental
224,31,2,1,experimental,experimental
224,31,1,0,experimental,experimental
224,32,1,1,experimental,experimental
224,32,2,0,experimental,experimental
224,32,2,0,experimental,experimental
224,32,1,1,experimental,experimental
224,32,1,1,experimental,experimental
224,32,1,1,experimental,experimental
224,32,2,0,experimental,experimental
224,32,1,1,experimental,experimental
224,32,1,1,experimental,experimental
224,32,1,1,experimental,experimental
224,32,1,1,experimental,experimental
224,32,1,1,experimental,experimental
224,32,2,1,experimental,experimental
224,32,2,1,experimental,experimental
224,32,1,1,experimental,experimental
224,32,1,1,experimental,experimental
224,32,2,0,experimental,experimental
224,32,1,1,experimental,experimental
224,32,1,1,experimental,experimental
224,32,1,1,experimental,experimental
224,32,1,1,experimental,experimental
224,32,1,1,experimental,experimental
224,32,1,1,experimental,experimental
224,32,1,1,experimental,experimental
224,32,1,1,experimental,experimental
224,32,2,1,experimental,experimental
224,32,1,1,experimental,experimental
224,32,1,1,experimental,experimental
224,32,1,1,experimental,experimental
224,32,1,1,experimental,experimental
224,32,1,1,experimental,experimental
224,32,1,1,experimental,experimental
224,32,1,1,experimental,experimental
224,32,2,0,experimental,experimental
224,32,1,1,experimental,experimental
224,32,2,0,experimental,experimental
224,32,1,1,experimental,experimental
224,35,1,0,experimental,experimental
224,35,2,1,experimental,experimental
224,35,1,1,experimental,experimental
224,35,2,1,experimental,experimental
224,35,1,0,experimental,experimental
224,35,2,1,experimental,experimental
224,35,1,1,experimental,experimental
224,35,1,1,experimental,experimental
224,35,2,1,experimental,experimental
224,35,1,0,experimental,experimental
224,35,1,0,experimental,experimental
224,35,2,1,experimental,experimental
224,35,1,1,experimental,experimental
224,35,1,0,experimental,experimental
224,35,1,0,experimental,experimental
224,35,2,1,experimental,experimental
224,35,1,0,experimental,experimental
224,35,2,1,experimental,experimental
224,35,1,0,experimental,experimental
224,35,2,1,experimental,experimental
224,35,1,1,experimental,experimental
224,35,1,1,experimental,experimental
224,35,1,0,experimental,experimental
224,35,1,1,experimental,experimental
224,35,1,0,experimental,experimental
224,35,1,0,experimental,experimental
224,35,2,1,experimental,experimental
224,35,1,1,experimental,experimental
224,35,1,0,experimental,experimental
224,35,1,0,experimental,experimental
224,35,1,0,experimental,experimental
224,35,2,1,experimental,experimental
224,35,1,0,experimental,experimental
224,35,2,1,experimental,experimental
224,36,1,1,experimental,experimental
224,36,1,1,experimental,experimental
224,36,2,0,experimental,experimental
224,36,2,1,experimental,experimental
224,36,1,1,experimental,experimental
224,36,1,1,experimental,experimental
224,36,1,1,experimental,experimental
224,36,1,1,experimental,experimental
224,36,1,1,experimental,experimental
224,36,2,0,experimental,experimental
224,36,2,1,experimental,experimental
224,36,1,1,experimental,experimental
224,36,1,1,experimental,experimental
224,36,2,0,experimental,experimental
224,36,1,1,experimental,experimental
224,36,1,1,experimental,experimental
224,36,1,1,experimental,experimental
224,36,1,1,experimental,experimental
224,36,1,1,experimental,experimental
224,36,1,1,experimental,experimental
224,36,1,1,experimental,experimental
224,36,2,1,experimental,experimental
224,36,1,1,experimental,experimental
224,36,1,1,experimental,experimental
224,36,1,1,experimental,experimental
224,36,1,1,experimental,experimental
224,36,1,1,experimental,experimental
224,36,1,1,experimental,experimental
224,36,1,1,experimental,experimental
224,36,1,1,experimental,experimental
224,36,1,1,experimental,experimental
224,36,2,1,experimental,experimental
224,36,2,0,experimental,experimental
224,36,2,1,experimental,experimental
224,36,2,0,experimental,experimental
224,36,1,1,experimental,experimental
224,37,2,1,experimental,experimental
224,37,2,1,experimental,experimental
224,37,1,0,experimental,experimental
224,37,1,1,experimental,experimental
224,37,2,1,experimental,experimental
224,37,1,1,experimental,experimental
224,37,2,1,experimental,experimental
224,37,2,1,experimental,experimental
224,37,2,1,experimental,experimental
224,37,1,0,experimental,experimental
224,37,2,1,experimental,experimental
224,37,1,0,experimental,experimental
224,37,1,0,experimental,experimental
224,37,2,1,experimental,experimental
224,37,1,1,experimental,experimental
224,37,1,1,experimental,experimental
224,37,1,1,experimental,experimental
224,37,1,1,experimental,experimental
224,37,2,1,experimental,experimental
224,37,2,1,experimental,experimental
224,37,1,0,experimental,experimental
224,37,1,1,experimental,experimental
224,37,2,1,experimental,experimental
224,37,2,1,experimental,experimental
224,37,1,1,experimental,experimental
224,37,2,1,experimental,experimental
224,37,2,1,experimental,experimental
224,37,2,1,experimental,experimental
224,37,1,1,experimental,experimental
224,37,1,1,experimental,experimental
224,37,1,1,experimental,experimental
224,37,1,0,experimental,experimental
224,37,1,0,experimental,experimental
224,37,1,0,experimental,experimental
224,37,1,0,experimental,experimental
224,37,2,1,experimental,experimental
224,37,1,0,experimental,experimental
224,37,2,1,experimental,experimental
224,37,2,1,experimental,experimental
224,37,2,1,experimental,experimental
224,37,1,0,experimental,experimental
224,37,1,0,experimental,experimental
224,38,2,0,experimental,experimental
224,38,1,1,experimental,experimental
224,38,2,0,experimental,experimental
224,38,1,1,experimental,experimental
224,38,1,1,experimental,experimental
224,38,1,1,experimental,experimental
224,38,2,0,experimental,experimental
224,38,1,1,experimental,experimental
224,38,2,1,experimental,experimental
224,38,1,1,experimental,experimental
224,38,2,1,experimental,experimental
224,38,1,1,experimental,experimental
224,38,1,1,experimental,experimental
224,38,1,1,experimental,experimental
224,38,2,0,experimental,experimental
224,38,1,1,experimental,experimental
224,38,1,1,experimental,experimental
224,38,1,1,experimental,experimental
224,38,1,1,experimental,experimental
224,38,1,1,experimental,experimental
224,38,1,1,experimental,experimental
224,38,1,1,experimental,experimental
224,38,1,1,experimental,experimental
224,38,1,1,experimental,experimental
224,38,2,1,experimental,experimental
224,38,1,1,experimental,experimental
224,38,1,1,experimental,experimental
224,38,2,0,experimental,experimental
224,38,1,1,experimental,experimental
224,38,2,0,experimental,experimental
224,38,1,1,experimental,experimental
224,38,1,1,experimental,experimental
224,38,1,1,experimental,experimental
224,38,1,1,experimental,experimental
224,38,1,1,experimental,experimental
224,38,1,1,experimental,experimental
224,38,2,0,experimental,experimental
224,38,1,1,experimental,experimental
224,38,1,1,experimental,experimental
224,38,1,1,experimental,experimental
224,38,2,1,experimental,experimental
224,38,1,1,experimental,experimental
224,38,1,1,experimental,experimental
224,38,1,1,experimental,experimental
224,38,1,1,experimental,experimental
224,38,1,1,experimental,experimental
393,0,1,1,experimental,basal
393,0,1,1,experimental,basal
393,0,2,1,experimental,basal
393,0,2,1,experimental,basal
393,0,1,1,experimental,basal
393,0,1,1,experimental,basal
393,0,2,1,experimental,basal
393,0,2,1,experimental,basal
393,0,2,1,experimental,basal
393,0,1,1,experimental,basal
393,0,2,1,experimental,basal
393,0,1,1,experimental,basal
393,0,1,1,experimental,basal
393,0,1,1,experimental,basal
393,0,2,1,experimental,basal
393,0,2,1,experimental,basal
393,0,1,1,experimental,basal
393,0,1,1,experimental,basal
393,0,2,1,experimental,basal
393,0,1,1,experimental,basal
393,0,1,1,experimental,basal
393,0,1,1,experimental,basal
393,0,2,1,experimental,basal
393,0,2,1,experimental,basal
393,0,1,1,experimental,basal
393,0,1,1,experimental,basal
393,0,1,1,experimental,basal
393,0,2,1,experimental,basal
393,0,2,1,experimental,basal
393,0,2,1,experimental,basal
393,0,1,1,experimental,basal
393,0,1,1,experimental,basal
393,0,1,1,experimental,basal
393,0,2,1,experimental,basal
393,0,1,1,experimental,basal
393,0,1,1,experimental,basal
393,0,1,1,experimental,basal
393,0,2,1,experimental,basal
393,0,1,1,experimental,basal
393,0,2,1,experimental,basal
393,0,1,1,experimental,basal
393,0,2,1,experimental,basal
393,0,1,1,experimental,basal
393,0,2,1,experimental,basal
393,0,1,1,experimental,basal
393,0,1,1,experimental,basal
393,0,1,1,experimental,basal
393,0,1,1,experimental,basal
393,0,2,1,experimental,basal
393,0,1,1,experimental,basal
393,0,1,1,experimental,basal
393,0,2,1,experimental,basal
393,0,1,1,experimental,basal
393,0,1,1,experimental,basal
393,0,1,1,experimental,basal
393,1,1,1,experimental,basal
393,1,2,1,experimental,basal
393,1,1,1,experimental,basal
393,1,1,1,experimental,basal
393,1,2,1,experimental,basal
393,1,2,1,experimental,basal
393,1,1,1,experimental,basal
393,1,1,1,experimental,basal
393,1,2,1,experimental,basal
393,1,2,1,experimental,basal
393,1,1,1,experimental,basal
393,1,2,1,experimental,basal
393,1,1,1,experimental,basal
393,1,2,1,experimental,basal
393,1,1,1,experimental,basal
393,1,1,1,experimental,basal
393,1,2,1,experimental,basal
393,1,2,1,experimental,basal
393,1,1,1,experimental,basal
393,1,1,1,experimental,basal
393,1,2,1,experimental,basal
393,1,2,1,experimental,basal
393,1,1,1,experimental,basal
393,1,2,1,experimental,basal
393,1,2,1,experimental,basal
393,1,2,1,experimental,basal
393,1,2,1,experimental,basal
393,1,2,1,experimental,basal
393,1,1,1,experimental,basal
393,1,1,1,experimental,basal
393,1,1,1,experimental,basal
393,1,1,1,experimental,basal
393,1,2,1,experimental,basal
393,1,2,1,experimental,basal
393,1,1,1,experimental,basal
393,1,1,1,experimental,basal
393,1,2,1,experimental,basal
393,1,1,1,experimental,basal
393,1,2,1,experimental,basal
393,1,1,1,experimental,basal
393,1,2,1,experimental,basal
393,1,1,1,experimental,basal
393,1,1,1,experimental,basal
393,1,2,1,experimental,basal
393,1,1,1,experimental,basal
393,1,2,1,experimental,basal
393,1,1,1,experimental,basal
393,1,2,1,experimental,basal
393,1,1,1,experimental,basal
393,1,2,1,experimental,basal
393,1,1,1,experimental,basal
393,1,2,1,experimental,basal
393,1,1,1,experimental,basal
393,1,2,1,experimental,basal
393,1,1,1,experimental,basal
393,1,1,1,experimental,basal
393,1,2,1,experimental,basal
393,1,2,1,experimental,basal
393,1,2,1,experimental,basal
393,1,2,1,experimental,basal
393,1,1,1,experimental,basal
393,1,1,1,experimental,basal
393,1,1,1,experimental,basal
393,1,2,1,experimental,basal
393,1,2,1,experimental,basal
393,2,1,1,experimental,basal
393,2,2,1,experimental,basal
393,2,1,1,experimental,basal
393,2,2,1,experimental,basal
393,2,1,1,experimental,basal
393,2,1,1,experimental,basal
393,2,2,1,experimental,basal
393,2,1,1,experimental,basal
393,2,2,1,experimental,basal
393,2,1,1,experimental,basal
393,2,2,1,experimental,basal
393,2,2,1,experimental,basal
393,2,1,1,experimental,basal
393,2,2,1,experimental,basal
393,2,2,1,experimental,basal
393,2,1,1,experimental,basal
393,2,2,1,experimental,basal
393,2,1,1,experimental,basal
393,2,2,1,experimental,basal
393,2,1,1,experimental,basal
393,2,2,1,experimental,basal
393,2,2,1,experimental,basal
393,2,2,1,experimental,basal
393,2,1,1,experimental,basal
393,2,2,1,experimental,basal
393,2,1,1,experimental,basal
393,2,1,1,experimental,basal
393,2,2,1,experimental,basal
393,2,2,1,experimental,basal
393,2,1,1,experimental,basal
393,2,1,1,experimental,basal
393,2,2,1,experimental,basal
393,2,2,1,experimental,basal
393,2,2,1,experimental,basal
393,2,1,1,experimental,basal
393,2,2,1,experimental,basal
393,2,2,1,experimental,basal
393,2,2,1,experimental,basal
393,2,1,1,experimental,basal
393,2,2,1,experimental,basal
393,2,2,1,experimental,basal
393,2,2,1,experimental,basal
393,2,2,1,experimental,basal
393,2,2,1,experimental,basal
393,2,1,1,experimental,basal
393,2,1,1,experimental,basal
393,2,2,1,experimental,basal
393,2,1,1,experimental,basal
393,2,2,1,experimental,basal
393,2,2,1,experimental,basal
393,2,2,1,experimental,basal
393,2,2,1,experimental,basal
393,2,2,1,experimental,basal
393,2,2,1,experimental,basal
393,2,1,1,experimental,basal
393,2,2,1,experimental,basal
393,2,2,1,experimental,basal
393,3,2,1,experimental,basal
393,3,1,1,experimental,basal
393,3,2,1,experimental,basal
393,3,2,1,experimental,basal
393,3,1,1,experimental,basal
393,3,2,1,experimental,basal
393,3,1,1,experimental,basal
393,3,2,1,experimental,basal
393,3,1,1,experimental,basal
393,3,1,1,experimental,basal
393,3,2,1,experimental,basal
393,3,1,1,experimental,basal
393,3,2,1,experimental,basal
393,3,1,1,experimental,basal
393,3,2,1,experimental,basal
393,3,2,1,experimental,basal
393,3,2,1,experimental,basal
393,3,1,1,experimental,basal
393,3,2,1,experimental,basal
393,3,2,1,experimental,basal
393,3,1,1,experimental,basal
393,3,1,1,experimental,basal
393,3,1,1,experimental,basal
393,3,2,1,experimental,basal
393,3,2,1,experimental,basal
393,3,1,1,experimental,basal
393,3,1,1,experimental,basal
393,3,2,1,experimental,basal
393,3,1,1,experimental,basal
393,3,1,1,experimental,basal
393,3,2,1,experimental,basal
393,3,1,1,experimental,basal
393,3,2,1,experimental,basal
393,3,2,1,experimental,basal
393,3,1,1,experimental,basal
393,3,2,1,experimental,basal
393,3,1,1,experimental,basal
393,3,2,1,experimental,basal
393,3,2,1,experimental,basal
393,3,2,1,experimental,basal
393,3,2,1,experimental,basal
393,3,2,1,experimental,basal
393,3,1,1,experimental,basal
393,3,2,1,experimental,basal
393,3,2,1,experimental,basal
393,3,1,1,experimental,basal
393,3,2,1,experimental,basal
393,3,1,1,experimental,basal
393,3,2,1,experimental,basal
393,3,2,1,experimental,basal
393,3,2,1,experimental,basal
393,3,2,1,experimental,basal
393,3,1,1,experimental,basal
393,4,1,1,experimental,basal
393,4,1,1,experimental,basal
393,4,2,1,experimental,basal
393,4,1,1,experimental,basal
393,4,2,1,experimental,basal
393,4,1,1,experimental,basal
393,4,2,1,experimental,basal
393,4,1,1,experimental,basal
393,4,2,1,experimental,basal
393,4,2,1,experimental,basal
393,4,1,1,experimental,basal
393,4,2,1,experimental,basal
393,4,1,1,experimental,basal
393,4,2,1,experimental,basal
393,4,2,1,experimental,basal
393,4,2,1,experimental,basal
393,4,2,1,experimental,basal
393,4,2,1,experimental,basal
393,4,2,1,experimental,basal
393,4,2,1,experimental,basal
393,4,1,1,experimental,basal
393,4,2,1,experimental,basal
393,4,2,1,experimental,basal
393,4,2,1,experimental,basal
393,4,2,1,experimental,basal
393,4,2,1,experimental,basal
393,4,2,1,experimental,basal
393,4,2,1,experimental,basal
393,4,2,1,experimental,basal
393,4,1,1,experimental,basal
393,4,2,1,experimental,basal
393,4,2,1,experimental,basal
393,4,1,1,experimental,basal
393,4,2,1,experimental,basal
393,4,1,1,experimental,basal
393,4,2,1,experimental,basal
393,4,1,1,experimental,basal
393,4,1,1,experimental,basal
393,4,2,1,experimental,basal
393,4,2,1,experimental,basal
393,4,2,1,experimental,basal
393,4,2,1,experimental,basal
393,4,1,1,experimental,basal
393,4,2,1,experimental,basal
393,4,2,1,experimental,basal
393,4,2,1,experimental,basal
393,4,2,1,experimental,basal
393,4,1,1,experimental,basal
393,4,2,1,experimental,basal
393,4,2,1,experimental,basal
393,4,2,1,experimental,basal
393,4,1,1,experimental,basal
393,4,2,1,experimental,basal
393,4,2,1,experimental,basal
393,5,2,1,experimental,basal
393,5,2,1,experimental,basal
393,5,1,1,experimental,basal
393,5,1,1,experimental,basal
393,5,1,1,experimental,basal
393,5,2,1,experimental,basal
393,5,2,1,experimental,basal
393,5,2,1,experimental,basal
393,5,1,1,experimental,basal
393,5,1,1,experimental,basal
393,5,1,1,experimental,basal
393,5,2,1,experimental,basal
393,5,1,1,experimental,basal
393,5,2,1,experimental,basal
393,5,2,1,experimental,basal
393,5,2,1,experimental,basal
393,5,1,1,experimental,basal
393,5,2,1,experimental,basal
393,5,2,1,experimental,basal
393,5,1,1,experimental,basal
393,5,1,1,experimental,basal
393,5,2,1,experimental,basal
393,5,2,1,experimental,basal
393,5,1,1,experimental,basal
393,5,1,1,experimental,basal
393,5,2,1,experimental,basal
393,5,2,1,experimental,basal
393,5,2,1,experimental,basal
393,5,1,1,experimental,basal
393,5,2,1,experimental,basal
393,5,2,1,experimental,basal
393,5,1,1,experimental,basal
393,5,1,1,experimental,basal
393,5,2,1,experimental,basal
393,5,2,1,experimental,basal
393,5,1,1,experimental,basal
393,5,2,1,experimental,basal
393,5,2,1,experimental,basal
393,5,2,1,experimental,basal
393,5,2,1,experimental,basal
393,5,2,1,experimental,basal
393,5,2,1,experimental,basal
393,5,1,1,experimental,basal
393,5,2,1,experimental,basal
393,5,2,1,experimental,basal
393,5,2,1,experimental,basal
393,6,1,1,experimental,basal
393,6,2,1,experimental,basal
393,6,2,1,experimental,basal
393,6,1,1,experimental,basal
393,6,1,1,experimental,basal
393,6,2,1,experimental,basal
393,6,2,1,experimental,basal
393,6,2,1,experimental,basal
393,6,1,1,experimental,basal
393,6,2,1,experimental,basal
393,6,2,1,experimental,basal
393,6,2,1,experimental,basal
393,6,1,1,experimental,basal
393,6,2,1,experimental,basal
393,6,1,1,experimental,basal
393,6,2,1,experimental,basal
393,6,1,1,experimental,basal
393,6,2,1,experimental,basal
393,6,2,1,experimental,basal
393,6,2,1,experimental,basal
393,6,2,1,experimental,basal
393,6,2,1,experimental,basal
393,6,2,1,experimental,basal
393,6,2,1,experimental,basal
393,6,1,1,experimental,basal
393,6,2,1,experimental,basal
393,6,2,1,experimental,basal
393,6,1,1,experimental,basal
393,6,2,1,experimental,basal
393,6,1,1,experimental,basal
393,6,2,1,experimental,basal
393,6,1,1,experimental,basal
393,6,2,1,experimental,basal
393,6,2,1,experimental,basal
393,6,2,1,experimental,basal
393,6,2,1,experimental,basal
393,6,2,1,experimental,basal
393,6,2,1,experimental,basal
393,6,1,1,experimental,basal
393,6,2,1,experimental,basal
393,6,2,1,experimental,basal
393,6,1,1,experimental,basal
393,6,2,1,experimental,basal
393,6,2,1,experimental,basal
393,6,2,1,experimental,basal
393,6,2,1,experimental,basal
393,6,2,1,experimental,basal
393,6,2,1,experimental,basal
393,6,2,1,experimental,basal
393,7,2,1,experimental,basal
393,7,2,1,experimental,basal
393,7,2,1,experimental,basal
393,7,2,1,experimental,basal
393,7,1,1,experimental,basal
393,7,2,1,experimental,basal
393,7,1,1,experimental,basal
393,7,2,1,experimental,basal
393,7,2,1,experimental,basal
393,7,2,1,experimental,basal
393,7,2,1,experimental,basal
393,7,2,1,experimental,basal
393,7,2,1,experimental,basal
393,7,2,1,experimental,basal
393,7,1,1,experimental,basal
393,7,2,1,experimental,basal
393,7,2,1,experimental,basal
393,7,2,1,experimental,basal
393,7,2,1,experimental,basal
393,7,2,1,experimental,basal
393,7,2,1,experimental,basal
393,7,2,1,experimental,basal
393,7,2,1,experimental,basal
393,7,2,1,experimental,basal
393,7,1,1,experimental,basal
393,7,2,1,experimental,basal
393,7,2,1,experimental,basal
393,7,1,1,experimental,basal
393,7,2,1,experimental,basal
393,7,2,1,experimental,basal
393,7,2,1,experimental,basal
393,7,2,1,experimental,basal
393,7,2,1,experimental,basal
393,7,2,1,experimental,basal
393,7,2,1,experimental,basal
393,7,2,1,experimental,basal
393,7,2,1,experimental,basal
393,7,2,1,experimental,basal
393,8,2,1,experimental,basal
393,8,2,1,experimental,basal
393,8,2,1,experimental,basal
393,8,1,1,experimental,basal
393,8,1,1,experimental,basal
393,8,2,1,experimental,basal
393,8,2,1,experimental,basal
393,8,2,1,experimental,basal
393,8,1,1,experimental,basal
393,8,1,1,experimental,basal
393,8,2,1,experimental,basal
393,8,2,1,experimental,basal
393,8,2,1,experimental,basal
393,8,2,1,experimental,basal
393,8,2,1,experimental,basal
393,8,2,1,experimental,basal
393,8,1,1,experimental,basal
393,8,2,1,experimental,basal
393,8,1,1,experimental,basal
393,8,2,1,experimental,basal
393,8,1,1,experimental,basal
393,8,2,1,experimental,basal
393,8,1,1,experimental,basal
393,8,2,1,experimental,basal
393,8,2,1,experimental,basal
393,8,2,1,experimental,basal
393,8,1,1,experimental,basal
393,8,1,1,experimental,basal
393,8,2,1,experimental,basal
393,8,2,1,experimental,basal
393,8,2,1,experimental,basal
393,8,2,1,experimental,basal
393,8,2,1,experimental,basal
393,8,2,1,experimental,basal
393,8,2,1,experimental,basal
393,8,2,1,experimental,basal
393,8,2,1,experimental,basal
393,8,1,1,experimental,basal
393,8,2,1,experimental,basal
393,8,1,1,experimental,basal
393,8,2,1,experimental,basal
393,8,2,1,experimental,basal
393,8,2,1,experimental,basal
393,8,1,1,experimental,basal
393,8,1,1,experimental,basal
393,8,2,1,experimental,basal
393,8,2,1,experimental,basal
393,8,2,1,experimental,basal
393,8,2,1,experimental,basal
393,8,2,1,experimental,basal
393,8,2,1,experimental,basal
393,8,1,1,experimental,basal
393,8,2,1,experimental,basal
393,9,1,1,experimental,basal
393,9,2,1,experimental,basal
393,9,1,1,experimental,basal
393,9,2,1,experimental,basal
393,9,1,1,experimental,basal
393,9,1,1,experimental,basal
393,9,2,1,experimental,basal
393,9,1,1,experimental,basal
393,9,2,1,experimental,basal
393,9,1,1,experimental,basal
393,9,2,1,experimental,basal
393,9,1,1,experimental,basal
393,9,2,1,experimental,basal
393,9,1,1,experimental,basal
393,9,2,1,experimental,basal
393,9,2,1,experimental,basal
393,9,2,1,experimental,basal
393,9,2,1,experimental,basal
393,9,1,1,experimental,basal
393,9,2,1,experimental,basal
393,9,2,1,experimental,basal
393,9,2,1,experimental,basal
393,9,2,1,experimental,basal
393,9,1,1,experimental,basal
393,9,2,1,experimental,basal
393,9,2,1,experimental,basal
393,9,1,1,experimental,basal
393,9,2,1,experimental,basal
393,9,1,1,experimental,basal
393,9,2,1,experimental,basal
393,9,2,1,experimental,basal
393,9,2,1,experimental,basal
393,9,2,1,experimental,basal
393,9,1,1,experimental,basal
393,9,2,1,experimental,basal
393,9,2,1,experimental,basal
393,9,1,1,experimental,basal
393,9,2,1,experimental,basal
393,9,2,1,experimental,basal
393,9,2,1,experimental,basal
393,9,2,1,experimental,basal
393,9,2,1,experimental,basal
393,9,1,1,experimental,basal
393,9,1,1,experimental,basal
393,9,2,1,experimental,basal
393,9,1,1,experimental,basal
393,9,2,1,experimental,basal
393,9,2,1,experimental,basal
393,9,1,1,experimental,basal
393,9,2,1,experimental,basal
393,9,1,1,experimental,basal
393,9,2,1,experimental,basal
393,9,2,1,experimental,basal
393,10,1,1,experimental,basal
393,10,1,1,experimental,basal
393,10,2,1,experimental,basal
393,10,1,1,experimental,basal
393,10,2,1,experimental,basal
393,10,2,1,experimental,basal
393,10,2,1,experimental,basal
393,10,1,1,experimental,basal
393,10,2,1,experimental,basal
393,10,2,1,experimental,basal
393,10,2,1,experimental,basal
393,10,2,1,experimental,basal
393,10,1,1,experimental,basal
393,10,2,1,experimental,basal
393,10,1,1,experimental,basal
393,10,2,1,experimental,basal
393,10,1,1,experimental,basal
393,10,1,1,experimental,basal
393,10,1,1,experimental,basal
393,10,2,1,experimental,basal
393,10,2,1,experimental,basal
393,10,2,1,experimental,basal
393,10,2,1,experimental,basal
393,10,2,1,experimental,basal
393,10,2,1,experimental,basal
393,10,1,1,experimental,basal
393,10,2,1,experimental,basal
393,10,2,1,experimental,basal
393,10,2,1,experimental,basal
393,10,2,1,experimental,basal
393,10,2,1,experimental,basal
393,10,1,1,experimental,basal
393,10,1,1,experimental,basal
393,10,2,1,experimental,basal
393,10,1,1,experimental,basal
393,10,2,1,experimental,basal
393,10,1,1,experimental,basal
393,10,1,1,experimental,basal
393,10,2,1,experimental,basal
393,10,2,1,experimental,basal
393,10,2,1,experimental,basal
393,10,1,1,experimental,basal
393,10,2,1,experimental,basal
393,11,2,1,experimental,basal
393,11,2,1,experimental,basal
393,11,1,1,experimental,basal
393,11,1,1,experimental,basal
393,11,2,1,experimental,basal
393,11,2,1,experimental,basal
393,11,1,1,experimental,basal
393,11,2,1,experimental,basal
393,11,1,1,experimental,basal
393,11,2,1,experimental,basal
393,11,1,1,experimental,basal
393,11,2,1,experimental,basal
393,11,1,1,experimental,basal
393,11,1,1,experimental,basal
393,11,2,1,experimental,basal
393,11,2,1,experimental,basal
393,11,2,1,experimental,basal
393,11,2,1,experimental,basal
393,11,2,1,experimental,basal
393,11,1,1,experimental,basal
393,11,1,1,experimental,basal
393,11,2,1,experimental,basal
393,11,2,1,experimental,basal
393,11,1,1,experimental,basal
393,11,2,1,experimental,basal
393,11,2,1,experimental,basal
393,11,2,1,experimental,basal
393,11,2,1,experimental,basal
393,11,2,1,experimental,basal
393,11,2,1,experimental,basal
393,11,1,1,experimental,basal
393,11,2,1,experimental,basal
393,11,2,1,experimental,basal
393,11,2,1,experimental,basal
393,11,1,1,experimental,basal
393,11,2,1,experimental,basal
393,11,2,1,experimental,basal
393,11,2,1,experimental,basal
393,11,2,1,experimental,basal
393,11,2,1,experimental,basal
393,11,2,1,experimental,basal
393,11,2,1,experimental,basal
393,11,2,1,experimental,basal
393,11,2,1,experimental,basal
393,11,2,1,experimental,basal
393,12,2,1,experimental,experimental
393,12,1,0,experimental,experimental
393,12,2,1,experimental,experimental
393,12,1,1,experimental,experimental
393,12,2,1,experimental,experimental
393,12,2,1,experimental,experimental
393,12,1,1,experimental,experimental
393,12,2,1,experimental,experimental
393,12,2,1,experimental,experimental
393,12,1,0,experimental,experimental
393,12,2,1,experimental,experimental
393,12,2,1,experimental,experimental
393,12,1,1,experimental,experimental
393,12,1,1,experimental,experimental
393,12,2,1,experimental,experimental
393,12,2,1,experimental,experimental
393,12,2,1,experimental,experimental
393,12,1,0,experimental,experimental
393,12,1,1,experimental,experimental
393,12,2,1,experimental,experimental
393,12,2,1,experimental,experimental
393,12,1,0,experimental,experimental
393,12,1,0,experimental,experimental
393,12,2,1,experimental,experimental
393,12,1,1,experimental,experimental
393,12,2,1,experimental,experimental
393,12,1,0,experimental,experimental
393,12,2,1,experimental,experimental
393,12,2,1,experimental,experimental
393,12,1,0,experimental,experimental
393,12,1,0,experimental,experimental
393,12,2,1,experimental,experimental
393,12,1,1,experimental,experimental
393,12,1,0,experimental,experimental
393,12,2,1,experimental,experimental
393,12,1,0,experimental,experimental
393,12,1,0,experimental,experimental
393,12,1,0,experimental,experimental
393,12,2,1,experimental,experimental
393,12,1,0,experimental,experimental
393,12,1,0,experimental,experimental
393,12,2,1,experimental,experimental
393,12,1,0,experimental,experimental
393,12,2,1,experimental,experimental
393,12,2,1,experimental,experimental
393,12,2,1,experimental,experimental
393,12,1,1,experimental,experimental
393,12,1,0,experimental,experimental
393,12,2,1,experimental,experimental
393,12,2,1,experimental,experimental
393,12,1,0,experimental,experimental
393,12,2,1,experimental,experimental
393,12,2,1,experimental,experimental
393,12,1,1,experimental,experimental
393,12,2,1,experimental,experimental
393,12,2,1,experimental,experimental
393,12,2,1,experimental,experimental
393,12,1,1,experimental,experimental
393,12,2,1,experimental,experimental
393,13,1,1,experimental,experimental
393,13,2,0,experimental,experimental
393,13,1,1,experimental,experimental
393,13,1,1,experimental,experimental
393,13,2,1,experimental,experimental
393,13,2,1,experimental,experimental
393,13,1,1,experimental,experimental
393,13,2,1,experimental,experimental
393,13,2,0,experimental,experimental
393,13,2,0,experimental,experimental
393,13,1,1,experimental,experimental
393,13,1,1,experimental,experimental
393,13,2,1,experimental,experimental
393,13,2,1,experimental,experimental
393,13,1,1,experimental,experimental
393,13,2,0,experimental,experimental
393,13,1,1,experimental,experimental
393,13,2,0,experimental,experimental
393,13,1,1,experimental,experimental
393,13,1,1,experimental,experimental
393,13,1,1,experimental,experimental
393,13,2,0,experimental,experimental
393,13,2,0,experimental,experimental
393,13,2,0,experimental,experimental
393,13,2,1,experimental,experimental
393,13,1,1,experimental,experimental
393,13,2,0,experimental,experimental
393,13,2,1,experimental,experimental
393,13,2,1,experimental,experimental
393,13,1,1,experimental,experimental
393,13,1,1,experimental,experimental
393,13,2,1,experimental,experimental
393,13,2,1,experimental,experimental
393,13,1,1,experimental,experimental
393,13,1,1,experimental,experimental
393,13,2,0,experimental,experimental
393,13,2,0,experimental,experimental
393,13,2,0,experimental,experimental
393,13,1,1,experimental,experimental
393,13,2,0,experimental,experimental
393,13,1,1,experimental,experimental
393,13,2,1,experimental,experimental
393,13,2,0,experimental,experimental
393,13,2,1,experimental,experimental
393,13,1,1,experimental,experimental
393,13,2,0,experimental,experimental
393,13,2,1,experimental,experimental
393,13,2,0,experimental,experimental
393,13,1,1,experimental,experimental
393,13,2,0,experimental,experimental
393,13,1,1,experimental,experimental
393,13,2,0,experimental,experimental
393,13,2,1,experimental,experimental
393,13,1,1,experimental,experimental
393,13,2,1,experimental,experimental
393,13,1,1,experimental,experimental
393,13,2,1,experimental,experimental
393,13,2,1,experimental,experimental
393,13,2,1,experimental,experimental
393,13,2,0,experimental,experimental
393,13,1,1,experimental,experimental
393,13,2,1,experimental,experimental
393,13,2,0,experimental,experimental
393,13,2,1,experimental,experimental
393,13,1,1,experimental,experimental
393,13,2,0,experimental,experimental
393,13,1,1,experimental,experimental
393,13,2,1,experimental,experimental
393,13,2,1,experimental,experimental
393,13,2,0,experimental,experimental
393,13,2,1,experimental,experimental
393,13,2,0,experimental,experimental
393,13,2,0,experimental,experimental
393,13,1,1,experimental,experimental
393,13,2,0,experimental,experimental
393,13,2,1,experimental,experimental
393,13,2,0,experimental,experimental
393,13,2,1,experimental,experimental
393,13,2,0,experimental,experimental
393,13,2,0,experimental,experimental
393,13,1,1,experimental,experimental
393,14,2,1,experimental,experimental
393,14,1,0,experimental,experimental
393,14,2,1,experimental,experimental
393,14,1,1,experimental,experimental
393,14,2,1,experimental,experimental
393,14,1,1,experimental,experimental
393,14,1,1,experimental,experimental
393,14,2,1,experimental,experimental
393,14,2,1,experimental,experimental
393,14,1,0,experimental,experimental
393,14,1,1,experimental,experimental
393,14,1,0,experimental,experimental
393,14,2,1,experimental,experimental
393,14,1,1,experimental,experimental
393,14,2,1,experimental,experimental
393,14,2,1,experimental,experimental
393,14,2,1,experimental,experimental
393,14,2,1,experimental,experimental
393,14,2,1,experimental,experimental
393,14,2,1,experimental,experimental
393,14,1,0,experimental,experimental
393,14,1,0,experimental,experimental
393,14,2,1,experimental,experimental
393,14,2,1,experimental,experimental
393,14,1,1,experimental,experimental
393,14,1,0,experimental,experimental
393,14,2,1,experimental,experimental
393,14,1,1,experimental,experimental
393,14,2,1,experimental,experimental
393,14,1,0,experimental,experimental
393,14,2,1,experimental,experimental
393,14,1,1,experimental,experimental
393,14,2,1,experimental,experimental
393,14,1,0,experimental,experimental
393,14,1,1,experimental,experimental
393,14,1,0,experimental,experimental
393,14,1,0,experimental,experimental
393,14,2,1,experimental,experimental
393,14,2,1,experimental,experimental
393,14,1,0,experimental,experimental
393,14,2,1,experimental,experimental
393,14,1,1,experimental,experimental
393,14,2,1,experimental,experimental
393,14,1,1,experimental,experimental
393,14,1,0,experimental,experimental
393,14,1,0,experimental,experimental
393,14,2,1,experimental,experimental
393,14,1,0,experimental,experimental
393,14,1,1,experimental,experimental
393,14,1,0,experimental,experimental
393,14,2,1,experimental,experimental
393,14,2,1,experimental,experimental
393,14,1,1,experimental,experimental
393,14,2,1,experimental,experimental
393,14,2,1,experimental,experimental
393,14,1,1,experimental,experimental
393,14,2,1,experimental,experimental
393,15,2,0,experimental,experimental
393,15,1,1,experimental,experimental
393,15,2,0,experimental,experimental
393,15,1,1,experimental,experimental
393,15,1,1,experimental,experimental
393,15,2,1,experimental,experimental
393,15,2,1,experimental,experimental
393,15,2,1,experimental,experimental
393,15,1,1,experimental,experimental
393,15,2,0,experimental,experimental
393,15,2,1,experimental,experimental
393,15,1,1,experimental,experimental
393,15,2,1,experimental,experimental
393,15,1,1,experimental,experimental
393,15,2,0,experimental,experimental
393,15,1,1,experimental,experimental
393,15,2,0,experimental,experimental
393,15,1,1,experimental,experimental
393,15,2,1,experimental,experimental
393,15,1,1,experimental,experimental
393,15,1,1,experimental,experimental
393,15,2,0,experimental,experimental
393,15,1,1,experimental,experimental
393,15,2,0,experimental,experimental
393,15,2,1,experimental,experimental
393,15,2,0,experimental,experimental
393,15,1,1,experimental,experimental
393,15,1,1,experimental,experimental
393,15,2,1,experimental,experimental
393,15,2,0,experimental,experimental
393,15,2,0,experimental,experimental
393,15,2,1,experimental,experimental
393,15,2,1,experimental,experimental
393,15,2,0,experimental,experimental
393,15,1,1,experimental,experimental
393,15,2,0,experimental,experimental
393,15,1,1,experimental,experimental
393,15,2,0,experimental,experimental
393,15,2,0,experimental,experimental
393,15,2,0,experimental,experimental
393,15,1,1,experimental,experimental
393,15,2,1,experimental,experimental
393,15,2,0,experimental,experimental
393,15,2,1,experimental,experimental
393,15,2,0,experimental,experimental
393,15,2,0,experimental,experimental
393,15,1,1,experimental,experimental
393,15,2,0,experimental,experimental
393,15,1,1,experimental,experimental
393,15,2,0,experimental,experimental
393,15,2,0,experimental,experimental
393,15,1,1,experimental,experimental
393,15,2,1,experimental,experimental
393,15,2,1,experimental,experimental
393,15,2,1,experimental,experimental
393,15,2,1,experimental,experimental
393,15,1,1,experimental,experimental
393,15,1,1,experimental,experimental
393,15,2,1,experimental,experimental
393,16,1,0,experimental,experimental
393,16,1,0,experimental,experimental
393,16,2,1,experimental,experimental
393,16,1,1,experimental,experimental
393,16,2,1,experimental,experimental
393,16,2,1,experimental,experimental
393,16,1,1,experimental,experimental
393,16,1,1,experimental,experimental
393,16,2,1,experimental,experimental
393,16,2,1,experimental,experimental
393,16,2,1,experimental,experimental
393,16,2,1,experimental,experimental
393,16,1,1,experimental,experimental
393,16,2,1,experimental,experimental
393,16,1,0,experimental,experimental
393,16,1,0,experimental,experimental
393,16,2,1,experimental,experimental
393,16,2,1,experimental,experimental
393,16,2,1,experimental,experimental
393,16,1,1,experimental,experimental
393,16,2,1,experimental,experimental
393,16,1,0,experimental,experimental
393,16,1,0,experimental,experimental
393,16,2,1,experimental,experimental
393,16,1,1,experimental,experimental
393,16,2,1,experimental,experimental
393,16,1,0,experimental,experimental
393,16,2,1,experimental,experimental
393,16,2,1,experimental,experimental
393,16,2,1,experimental,experimental
393,16,1,0,experimental,experimental
393,16,2,1,experimental,experimental
393,16,1,1,experimental,experimental
393,16,1,0,experimental,experimental
393,16,1,1,experimental,experimental
393,16,2,1,experimental,experimental
393,16,1,0,experimental,experimental
393,16,2,1,experimental,experimental
393,16,2,1,experimental,experimental
393,16,1,0,experimental,experimental
393,16,2,1,experimental,experimental
393,16,2,1,experimental,experimental
393,16,2,1,experimental,experimental
393,16,1,1,experimental,experimental
393,16,1,0,experimental,experimental
393,16,1,0,experimental,experimental
393,16,2,1,experimental,experimental
393,16,2,1,experimental,experimental
393,16,2,1,experimental,experimental
393,16,1,0,experimental,experimental
393,16,2,1,experimental,experimental
393,16,1,0,experimental,experimental
393,16,1,1,experimental,experimental
393,16,2,1,experimental,experimental
393,16,2,1,experimental,experimental
393,16,2,1,experimental,experimental
393,16,1,1,experimental,experimental
393,16,2,1,experimental,experimental
393,16,1,1,experimental,experimental
393,16,2,1,experimental,experimental
393,16,1,1,experimental,experimental
393,16,2,1,experimental,experimental
393,16,1,0,experimental,experimental
393,16,2,1,experimental,experimental
393,16,2,1,experimental,experimental
393,16,2,1,experimental,experimental
393,16,2,1,experimental,experimental
393,16,1,1,experimental,experimental
393,16,1,1,experimental,experimental
393,16,2,1,experimental,experimental
393,16,1,1,experimental,experimental
393,17,1,1,experimental,experimental
393,17,2,0,experimental,experimental
393,17,2,0,experimental,experimental
393,17,1,1,experimental,experimental
393,17,2,1,experimental,experimental
393,17,1,1,experimental,experimental
393,17,2,1,experimental,experimental
393,17,1,1,experimental,experimental
393,17,2,0,experimental,experimental
393,17,1,1,experimental,experimental
393,17,2,1,experimental,experimental
393,17,1,1,experimental,experimental
393,17,1,1,experimental,experimental
393,17,2,1,experimental,experimental
393,17,2,0,experimental,experimental
393,17,2,0,experimental,experimental
393,17,1,1,experimental,experimental
393,17,2,0,experimental,experimental
393,17,2,1,experimental,experimental
393,17,1,1,experimental,experimental
393,17,2,0,experimental,experimental
393,17,2,0,experimental,experimental
393,17,1,1,experimental,experimental
393,17,1,1,experimental,experimental
393,17,1,1,experimental,experimental
393,17,2,0,experimental,experimental
393,17,1,1,experimental,experimental
393,17,2,1,experimental,experimental
393,17,2,1,experimental,experimental
393,17,2,0,experimental,experimental
393,17,1,1,experimental,experimental
393,17,2,1,experimental,experimental
393,17,2,1,experimental,experimental
393,17,2,0,experimental,experimental
393,17,2,1,experimental,experimental
393,17,2,0,experimental,experimental
393,17,2,0,experimental,experimental
393,17,2,0,experimental,experimental
393,17,1,1,experimental,experimental
393,17,2,0,experimental,experimental
393,17,2,0,experimental,experimental
393,17,2,1,experimental,experimental
393,17,1,1,experimental,experimental
393,17,2,1,experimental,experimental
393,17,2,0,experimental,experimental
393,17,2,0,experimental,experimental
393,17,2,1,experimental,experimental
393,17,1,1,experimental,experimental
393,17,2,1,experimental,experimental
393,17,2,0,experimental,experimental
393,17,2,0,experimental,experimental
393,17,2,0,experimental,experimental
393,17,1,1,experimental,experimental
393,17,2,1,experimental,experimental
393,17,2,1,experimental,experimental
393,17,2,1,experimental,experimental
393,17,2,1,experimental,experimental
393,17,2,1,experimental,experimental
393,17,1,1,experimental,experimental
393,17,2,0,experimental,experimental
393,17,2,1,experimental,experimental
393,17,2,1,experimental,experimental
393,17,2,0,experimental,experimental
393,17,2,1,experimental,experimental
393,17,1,1,experimental,experimental
393,17,2,0,experimental,experimental
393,17,2,0,experimental,experimental
393,17,2,1,experimental,experimental
393,17,2,1,experimental,experimental
393,17,2,0,experimental,experimental
393,18,1,0,experimental,experimental
393,18,2,1,experimental,experimental
393,18,1,0,experimental,experimental
393,18,2,1,experimental,experimental
393,18,1,1,experimental,experimental
393,18,2,1,experimental,experimental
393,18,1,1,experimental,experimental
393,18,2,1,experimental,experimental
393,18,1,0,experimental,experimental
393,18,1,0,experimental,experimental
393,18,1,1,experimental,experimental
393,18,2,1,experimental,experimental
393,18,1,1,experimental,experimental
393,18,2,1,experimental,experimental
393,18,1,0,experimental,experimental
393,18,2,1,experimental,experimental
393,18,1,0,experimental,experimental
393,18,1,0,experimental,experimental
393,18,1,1,experimental,experimental
393,18,2,1,experimental,experimental
393,18,1,0,experimental,experimental
393,18,1,0,experimental,experimental
393,18,2,1,experimental,experimental
393,18,1,0,experimental,experimental
393,18,2,1,experimental,experimental
393,18,1,0,experimental,experimental
393,18,2,1,experimental,experimental
393,18,1,1,experimental,experimental
393,18,1,1,experimental,experimental
393,18,2,1,experimental,experimental
393,18,2,1,experimental,experimental
393,18,1,1,experimental,experimental
393,18,1,1,experimental,experimental
393,18,2,1,experimental,experimental
393,18,2,1,experimental,experimental
393,18,1,0,experimental,experimental
393,18,2,1,experimental,experimental
393,18,1,0,experimental,experimental
393,18,1,0,experimental,experimental
393,18,1,0,experimental,experimental
393,18,2,1,experimental,experimental
393,18,1,1,experimental,experimental
393,18,2,1,experimental,experimental
393,18,1,1,experimental,experimental
393,18,2,1,experimental,experimental
393,18,2,1,experimental,experimental
393,18,1,1,experimental,experimental
393,18,1,0,experimental,experimental
393,18,2,1,experimental,experimental
393,18,2,1,experimental,experimental
393,18,1,0,experimental,experimental
393,18,2,1,experimental,experimental
393,18,1,1,experimental,experimental
393,18,2,1,experimental,experimental
393,18,2,1,experimental,experimental
393,18,1,1,experimental,experimental
393,18,2,1,experimental,experimental
393,18,1,1,experimental,experimental
393,18,1,1,experimental,experimental
393,18,2,1,experimental,experimental
393,18,1,1,experimental,experimental
393,18,1,1,experimental,experimental
393,18,1,0,experimental,experimental
393,18,2,1,experimental,experimental
393,18,2,1,experimental,experimental
393,18,2,1,experimental,experimental
393,18,1,0,experimental,experimental
393,18,1,1,experimental,experimental
393,18,2,1,experimental,experimental
393,18,1,0,experimental,experimental
393,18,1,1,experimental,experimental
393,18,2,1,experimental,experimental
393,18,2,1,experimental,experimental
393,19,1,1,experimental,experimental
393,19,1,1,experimental,experimental
393,19,2,0,experimental,experimental
393,19,1,1,experimental,experimental
393,19,1,1,experimental,experimental
393,19,2,1,experimental,experimental
393,19,1,1,experimental,experimental
393,19,2,1,experimental,experimental
393,19,1,1,experimental,experimental
393,19,2,0,experimental,experimental
393,19,2,1,experimental,experimental
393,19,2,0,experimental,experimental
393,19,2,1,experimental,experimental
393,19,1,1,experimental,experimental
393,19,1,1,experimental,experimental
393,19,2,0,experimental,experimental
393,19,1,1,experimental,experimental
393,19,1,1,experimental,experimental
393,19,1,1,experimental,experimental
393,19,1,1,experimental,experimental
393,19,2,0,experimental,experimental
393,19,1,1,experimental,experimental
393,19,2,0,experimental,experimental
393,19,2,0,experimental,experimental
393,19,1,1,experimental,experimental
393,19,1,1,experimental,experimental
393,19,2,0,experimental,experimental
393,19,1,1,experimental,experimental
393,19,1,1,experimental,experimental
393,19,2,0,experimental,experimental
393,19,2,0,experimental,experimental
393,19,2,1,experimental,experimental
393,19,2,1,experimental,experimental
393,19,2,0,experimental,experimental
393,19,1,1,experimental,experimental
393,19,1,1,experimental,experimental
393,19,2,0,experimental,experimental
393,19,1,1,experimental,experimental
393,19,1,1,experimental,experimental
393,19,2,0,experimental,experimental
393,19,2,0,experimental,experimental
393,19,2,1,experimental,experimental
393,19,2,0,experimental,experimental
393,19,2,1,experimental,experimental
393,19,2,0,experimental,experimental
393,19,2,0,experimental,experimental
393,19,1,1,experimental,experimental
393,19,2,0,experimental,experimental
393,19,2,1,experimental,experimental
393,19,2,0,experimental,experimental
393,19,1,1,experimental,experimental
393,19,1,1,experimental,experimental
393,19,2,1,experimental,experimental
393,19,1,1,experimental,experimental
393,19,2,1,experimental,experimental
393,19,2,1,experimental,experimental
393,19,2,1,experimental,experimental
393,19,2,1,experimental,experimental
393,19,2,1,experimental,experimental
393,19,1,1,experimental,experimental
393,19,2,1,experimental,experimental
393,19,2,1,experimental,experimental
393,19,1,1,experimental,experimental
393,19,1,1,experimental,experimental
393,19,2,0,experimental,experimental
393,19,1,1,experimental,experimental
393,19,2,0,experimental,experimental
393,19,2,1,experimental,experimental
393,19,1,1,experimental,experimental
393,19,2,0,experimental,experimental
393,19,2,1,experimental,experimental
393,19,1,1,experimental,experimental
393,19,1,1,experimental,experimental
393,19,2,0,experimental,experimental
393,19,1,1,experimental,experimental
393,19,2,1,experimental,experimental
393,20,2,1,experimental,experimental
393,20,1,0,experimental,experimental
393,20,2,1,experimental,experimental
393,20,1,1,experimental,experimental
393,20,2,1,experimental,experimental
393,20,1,1,experimental,experimental
393,20,2,1,experimental,experimental
393,20,1,1,experimental,experimental
393,20,1,0,experimental,experimental
393,20,2,1,experimental,experimental
393,20,2,1,experimental,experimental
393,20,1,0,experimental,experimental
393,20,1,1,experimental,experimental
393,20,1,1,experimental,experimental
393,20,2,1,experimental,experimental
393,20,1,0,experimental,experimental
393,20,1,0,experimental,experimental
393,20,1,0,experimental,experimental
393,20,2,1,experimental,experimental
393,20,1,1,experimental,experimental
393,20,1,0,experimental,experimental
393,20,2,1,experimental,experimental
393,20,1,0,experimental,experimental
393,20,2,1,experimental,experimental
393,20,2,1,experimental,experimental
393,20,1,0,experimental,experimental
393,20,2,1,experimental,experimental
393,20,2,1,experimental,experimental
393,20,1,1,experimental,experimental
393,20,2,1,experimental,experimental
393,20,2,1,experimental,experimental
393,20,2,1,experimental,experimental
393,20,1,1,experimental,experimental
393,20,2,1,experimental,experimental
393,20,2,1,experimental,experimental
393,20,1,0,experimental,experimental
393,20,2,1,experimental,experimental
393,20,2,1,experimental,experimental
393,20,2,1,experimental,experimental
393,20,1,0,experimental,experimental
393,20,1,0,experimental,experimental
393,20,2,1,experimental,experimental
393,20,2,1,experimental,experimental
393,20,2,1,experimental,experimental
393,20,2,1,experimental,experimental
393,20,2,1,experimental,experimental
393,20,2,1,experimental,experimental
393,20,1,0,experimental,experimental
393,20,2,1,experimental,experimental
393,20,2,1,experimental,experimental
393,20,2,1,experimental,experimental
393,20,1,0,experimental,experimental
393,20,2,1,experimental,experimental
393,20,2,1,experimental,experimental
393,20,2,1,experimental,experimental
393,20,2,1,experimental,experimental
393,20,2,1,experimental,experimental
393,20,2,1,experimental,experimental
393,20,1,1,experimental,experimental
393,20,1,0,experimental,experimental
393,20,2,1,experimental,experimental
393,20,2,1,experimental,experimental
393,20,2,1,experimental,experimental
393,20,1,1,experimental,experimental
393,20,2,1,experimental,experimental
393,20,1,0,experimental,experimental
393,20,2,1,experimental,experimental
393,20,1,1,experimental,experimental
393,21,1,1,experimental,experimental
393,21,2,0,experimental,experimental
393,21,1,1,experimental,experimental
393,21,2,1,experimental,experimental
393,21,1,1,experimental,experimental
393,21,1,1,experimental,experimental
393,21,2,1,experimental,experimental
393,21,2,1,experimental,experimental
393,21,2,0,experimental,experimental
393,21,2,0,experimental,experimental
393,21,1,1,experimental,experimental
393,21,2,0,experimental,experimental
393,21,1,1,experimental,experimental
393,21,1,1,experimental,experimental
393,21,2,0,experimental,experimental
393,21,1,1,experimental,experimental
393,21,2,0,experimental,experimental
393,21,1,1,experimental,experimental
393,21,2,1,experimental,experimental
393,21,1,1,experimental,experimental
393,21,2,0,experimental,experimental
393,21,2,0,experimental,experimental
393,21,1,1,experimental,experimental
393,21,1,1,experimental,experimental
393,21,1,1,experimental,experimental
393,21,1,1,experimental,experimental
393,21,2,0,experimental,experimental
393,21,2,1,experimental,experimental
393,21,1,1,experimental,experimental
393,21,1,1,experimental,experimental
393,21,2,0,experimental,experimental
393,21,1,1,experimental,experimental
393,21,1,1,experimental,experimental
393,21,1,1,experimental,experimental
393,21,2,1,experimental,experimental
393,21,2,0,experimental,experimental
393,21,1,1,experimental,experimental
393,21,2,0,experimental,experimental
393,21,1,1,experimental,experimental
393,21,1,1,experimental,experimental
393,21,1,1,experimental,experimental
393,21,2,1,experimental,experimental
393,21,1,1,experimental,experimental
393,21,1,1,experimental,experimental
393,21,2,0,experimental,experimental
393,21,2,0,experimental,experimental
393,21,1,1,experimental,experimental
393,21,2,0,experimental,experimental
393,21,1,1,experimental,experimental
393,21,1,1,experimental,experimental
393,21,2,0,experimental,experimental
393,21,1,1,experimental,experimental
393,21,2,1,experimental,experimental
393,21,1,1,experimental,experimental
393,21,1,1,experimental,experimental
393,21,2,1,experimental,experimental
393,21,2,1,experimental,experimental
393,21,2,1,experimental,experimental
393,21,1,1,experimental,experimental
393,21,2,0,experimental,experimental
393,21,1,1,experimental,experimental
393,21,2,1,experimental,experimental
393,21,2,0,experimental,experimental
393,21,2,1,experimental,experimental
393,21,1,1,experimental,experimental
393,21,1,1,experimental,experimental
393,21,2,0,experimental,experimental
393,21,2,1,experimental,experimental
393,21,2,1,experimental,experimental
393,21,2,0,experimental,experimental
393,21,2,1,experimental,experimental
393,21,1,1,experimental,experimental
393,21,1,1,experimental,experimental
393,21,2,0,experimental,experimental
393,21,2,0,experimental,experimental
393,22,1,0,experimental,experimental
393,22,2,1,experimental,experimental
393,22,1,0,experimental,experimental
393,22,2,1,experimental,experimental
393,22,1,1,experimental,experimental
393,22,1,1,experimental,experimental
393,22,2,1,experimental,experimental
393,22,1,1,experimental,experimental
393,22,2,1,experimental,experimental
393,22,1,0,experimental,experimental
393,22,2,1,experimental,experimental
393,22,2,1,experimental,experimental
393,22,1,1,experimental,experimental
393,22,2,1,experimental,experimental
393,22,1,0,experimental,experimental
393,22,1,0,experimental,experimental
393,22,2,1,experimental,experimental
393,22,1,0,experimental,experimental
393,22,1,1,experimental,experimental
393,22,1,1,experimental,experimental
393,22,2,1,experimental,experimental
393,22,1,0,experimental,experimental
393,22,1,0,experimental,experimental
393,22,2,1,experimental,experimental
393,22,1,1,experimental,experimental
393,22,2,1,experimental,experimental
393,22,1,0,experimental,experimental
393,22,1,1,experimental,experimental
393,22,2,1,experimental,experimental
393,22,2,1,experimental,experimental
393,22,1,0,experimental,experimental
393,22,1,1,experimental,experimental
393,22,2,1,experimental,experimental
393,22,1,0,experimental,experimental
393,22,1,1,experimental,experimental
393,22,1,0,experimental,experimental
393,22,2,1,experimental,experimental
393,22,1,0,experimental,experimental
393,22,1,0,experimental,experimental
393,22,2,1,experimental,experimental
393,22,1,0,experimental,experimental
393,22,2,1,experimental,experimental
393,22,2,1,experimental,experimental
393,22,1,1,experimental,experimental
393,22,1,0,experimental,experimental
393,22,2,1,experimental,experimental
393,22,1,1,experimental,experimental
393,22,2,1,experimental,experimental
393,22,2,1,experimental,experimental
393,22,1,0,experimental,experimental
393,22,2,1,experimental,experimental
393,22,2,1,experimental,experimental
393,22,1,1,experimental,experimental
393,22,2,1,experimental,experimental
393,22,1,1,experimental,experimental
393,22,2,1,experimental,experimental
393,22,2,1,experimental,experimental
393,22,2,1,experimental,experimental
393,22,2,1,experimental,experimental
393,22,1,0,experimental,experimental
393,22,2,1,experimental,experimental
393,22,1,1,experimental,experimental
393,22,2,1,experimental,experimental
393,22,2,1,experimental,experimental
393,22,2,1,experimental,experimental
393,22,1,0,experimental,experimental
393,22,2,1,experimental,experimental
393,22,2,1,experimental,experimental
393,22,2,1,experimental,experimental
393,22,1,0,experimental,experimental
393,22,2,1,experimental,experimental
393,22,2,1,experimental,experimental
393,22,2,1,experimental,experimental
393,22,1,0,experimental,experimental
393,22,2,1,experimental,experimental
393,22,2,1,experimental,experimental
393,22,1,0,experimental,experimental
393,22,2,1,experimental,experimental
393,22,2,1,experimental,experimental
393,22,1,0,experimental,experimental
393,22,2,1,experimental,experimental
393,22,1,1,experimental,experimental
393,22,2,1,experimental,experimental
393,22,1,0,experimental,experimental
393,22,2,1,experimental,experimental
393,23,1,1,experimental,experimental
393,23,2,0,experimental,experimental
393,23,1,1,experimental,experimental
393,23,2,1,experimental,experimental
393,23,1,1,experimental,experimental
393,23,2,1,experimental,experimental
393,23,1,1,experimental,experimental
393,23,2,1,experimental,experimental
393,23,1,1,experimental,experimental
393,23,2,0,experimental,experimental
393,23,1,1,experimental,experimental
393,23,2,0,experimental,experimental
393,23,1,1,experimental,experimental
393,23,2,1,experimental,experimental
393,23,2,0,experimental,experimental
393,23,1,1,experimental,experimental
393,23,1,1,experimental,experimental
393,23,1,1,experimental,experimental
393,23,2,1,experimental,experimental
393,23,2,1,experimental,experimental
393,23,2,0,experimental,experimental
393,23,1,1,experimental,experimental
393,23,2,0,experimental,experimental
393,23,1,1,experimental,experimental
393,23,2,1,experimental,experimental
393,23,1,1,experimental,experimental
393,23,2,0,experimental,experimental
393,23,1,1,experimental,experimental
393,23,1,1,experimental,experimental
393,23,2,0,experimental,experimental
393,23,1,1,experimental,experimental
393,23,2,1,experimental,experimental
393,23,1,1,experimental,experimental
393,23,2,0,experimental,experimental
393,23,1,1,experimental,experimental
393,23,2,0,experimental,experimental
393,23,2,0,experimental,experimental
393,23,2,0,experimental,experimental
393,23,1,1,experimental,experimental
393,23,1,1,experimental,experimental
393,23,2,0,experimental,experimental
393,23,1,1,experimental,experimental
393,23,1,1,experimental,experimental
393,23,1,1,experimental,experimental
393,23,2,0,experimental,experimental
393,23,1,1,experimental,experimental
393,23,1,1,experimental,experimental
393,23,1,1,experimental,experimental
393,23,1,1,experimental,experimental
393,23,2,0,experimental,experimental
393,23,1,1,experimental,experimental
393,23,1,1,experimental,experimental
393,23,2,1,experimental,experimental
393,23,1,1,experimental,experimental
393,23,2,1,experimental,experimental
393,23,2,1,experimental,experimental
393,23,1,1,experimental,experimental
393,23,1,1,experimental,experimental
393,23,2,1,experimental,experimental
393,23,1,1,experimental,experimental
393,23,2,1,experimental,experimental
393,23,2,1,experimental,experimental
393,23,1,1,experimental,experimental
393,23,2,1,experimental,experimental
393,23,2,0,experimental,experimental
393,23,1,1,experimental,experimental
393,23,1,1,experimental,experimental
393,23,2,1,experimental,experimental
393,23,2,1,experimental,experimental
393,23,2,0,experimental,experimental
393,23,1,1,experimental,experimental
393,23,2,0,experimental,experimental
393,23,1,1,experimental,experimental
393,23,2,0,experimental,experimental
393,24,1,0,experimental,experimental
393,24,2,1,experimental,experimental
393,24,2,1,experimental,experimental
393,24,1,1,experimental,experimental
393,24,2,1,experimental,experimental
393,24,1,1,experimental,experimental
393,24,1,1,experimental,experimental
393,24,2,1,experimental,experimental
393,24,1,0,experimental,experimental
393,24,2,1,experimental,experimental
393,24,1,1,experimental,experimental
393,24,1,0,experimental,experimental
393,24,2,1,experimental,experimental
393,24,1,1,experimental,experimental
393,24,2,1,experimental,experimental
393,24,2,1,experimental,experimental
393,24,1,0,experimental,experimental
393,24,2,1,experimental,experimental
393,24,2,1,experimental,experimental
393,24,1,1,experimental,experimental
393,24,1,0,experimental,experimental
393,24,2,1,experimental,experimental
393,24,1,0,experimental,experimental
393,24,2,1,experimental,experimental
393,24,2,1,experimental,experimental
393,24,2,1,experimental,experimental
393,24,2,1,experimental,experimental
393,24,1,1,experimental,experimental
393,24,2,1,experimental,experimental
393,24,2,1,experimental,experimental
393,24,1,0,experimental,experimental
393,24,2,1,experimental,experimental
393,24,1,1,experimental,experimental
393,24,2,1,experimental,experimental
393,24,1,1,experimental,experimental
393,24,2,1,experimental,experimental
393,24,1,0,experimental,experimental
393,24,2,1,experimental,experimental
393,24,2,1,experimental,experimental
393,24,1,0,experimental,experimental
393,24,1,0,experimental,experimental
393,24,2,1,experimental,experimental
393,24,2,1,experimental,experimental
393,24,1,1,experimental,experimental
393,24,2,1,experimental,experimental
393,24,2,1,experimental,experimental
393,24,1,1,experimental,experimental
393,24,2,1,experimental,experimental
393,24,2,1,experimental,experimental
393,24,1,0,experimental,experimental
393,24,2,1,experimental,experimental
393,24,2,1,experimental,experimental
393,24,1,1,experimental,experimental
393,24,2,1,experimental,experimental
393,24,2,1,experimental,experimental
393,24,1,1,experimental,experimental
393,24,2,1,experimental,experimental
393,24,2,1,experimental,experimental
393,24,2,1,experimental,experimental
393,24,1,0,experimental,experimental
393,24,2,1,experimental,experimental
393,24,1,1,experimental,experimental
393,24,2,1,experimental,experimental
393,24,1,1,experimental,experimental
393,24,2,1,experimental,experimental
393,24,1,0,experimental,experimental
393,24,2,1,experimental,experimental
393,24,2,1,experimental,experimental
393,24,2,1,experimental,experimental
393,24,2,1,experimental,experimental
393,24,1,1,experimental,experimental
393,26,2,1,experimental,experimental
393,26,1,0,experimental,experimental
393,26,2,1,experimental,experimental
393,26,1,1,experimental,experimental
393,26,2,1,experimental,experimental
393,26,1,1,experimental,experimental
393,26,2,1,experimental,experimental
393,26,1,1,experimental,experimental
393,26,1,0,experimental,experimental
393,26,2,1,experimental,experimental
393,26,1,1,experimental,experimental
393,26,2,1,experimental,experimental
393,26,1,1,experimental,experimental
393,26,2,1,experimental,experimental
393,26,1,0,experimental,experimental
393,26,2,1,experimental,experimental
393,26,1,0,experimental,experimental
393,26,2,1,experimental,experimental
393,26,1,1,experimental,experimental
393,26,1,1,experimental,experimental
393,26,1,0,experimental,experimental
393,26,2,1,experimental,experimental
393,26,1,0,experimental,experimental
393,26,1,0,experimental,experimental
393,26,1,1,experimental,experimental
393,26,1,0,experimental,experimental
393,26,2,1,experimental,experimental
393,26,2,1,experimental,experimental
393,26,1,1,experimental,experimental
393,26,2,1,experimental,experimental
393,26,2,1,experimental,experimental
393,26,1,1,experimental,experimental
393,26,2,1,experimental,experimental
393,26,1,0,experimental,experimental
393,26,2,1,experimental,experimental
393,26,2,1,experimental,experimental
393,26,2,1,experimental,experimental
393,26,1,0,experimental,experimental
393,26,2,1,experimental,experimental
393,26,1,0,experimental,experimental
393,26,2,1,experimental,experimental
393,26,1,1,experimental,experimental
393,26,2,1,experimental,experimental
393,26,1,1,experimental,experimental
393,26,2,1,experimental,experimental
393,26,2,1,experimental,experimental
393,26,2,1,experimental,experimental
393,26,1,0,experimental,experimental
393,26,2,1,experimental,experimental
393,26,1,0,experimental,experimental
393,26,2,1,experimental,experimental
393,26,1,0,experimental,experimental
393,26,2,1,experimental,experimental
393,26,2,1,experimental,experimental
393,26,2,1,experimental,experimental
393,26,2,1,experimental,experimental
393,26,2,1,experimental,experimental
393,26,1,1,experimental,experimental
393,26,2,1,experimental,experimental
393,26,1,0,experimental,experimental
393,26,2,1,experimental,experimental
393,26,2,1,experimental,experimental
393,26,2,1,experimental,experimental
393,26,1,1,experimental,experimental
393,26,2,1,experimental,experimental
393,26,2,1,experimental,experimental
393,26,1,0,experimental,experimental
393,26,2,1,experimental,experimental
393,26,2,1,experimental,experimental
393,26,2,1,experimental,experimental
393,26,2,1,experimental,experimental
393,26,2,1,experimental,experimental
393,26,1,0,experimental,experimental
393,26,2,1,experimental,experimental
393,27,2,0,experimental,experimental
393,27,1,1,experimental,experimental
393,27,1,1,experimental,experimental
393,27,2,1,experimental,experimental
393,27,1,1,experimental,experimental
393,27,1,1,experimental,experimental
393,27,2,1,experimental,experimental
393,27,1,1,experimental,experimental
393,27,2,0,experimental,experimental
393,27,1,1,experimental,experimental
393,27,2,1,experimental,experimental
393,27,1,1,experimental,experimental
393,27,1,1,experimental,experimental
393,27,1,1,experimental,experimental
393,27,1,1,experimental,experimental
393,27,2,0,experimental,experimental
393,27,1,1,experimental,experimental
393,27,2,0,experimental,experimental
393,27,2,1,experimental,experimental
393,27,1,1,experimental,experimental
393,27,1,1,experimental,experimental
393,27,2,0,experimental,experimental
393,27,1,1,experimental,experimental
393,27,2,0,experimental,experimental
393,27,2,1,experimental,experimental
393,27,1,1,experimental,experimental
393,27,2,0,experimental,experimental
393,27,1,1,experimental,experimental
393,27,2,1,experimental,experimental
393,27,1,1,experimental,experimental
393,27,2,0,experimental,experimental
393,27,2,1,experimental,experimental
393,27,2,1,experimental,experimental
393,27,1,1,experimental,experimental
393,27,2,1,experimental,experimental
393,27,1,1,experimental,experimental
393,27,2,0,experimental,experimental
393,27,2,0,experimental,experimental
393,27,1,1,experimental,experimental
393,27,2,0,experimental,experimental
393,27,2,0,experimental,experimental
393,27,2,1,experimental,experimental
393,27,2,0,experimental,experimental
393,27,2,1,experimental,experimental
393,27,2,0,experimental,experimental
393,27,1,1,experimental,experimental
393,27,2,1,experimental,experimental
393,27,1,1,experimental,experimental
393,27,2,1,experimental,experimental
393,27,2,0,experimental,experimental
393,27,2,0,experimental,experimental
393,27,2,0,experimental,experimental
393,27,2,1,experimental,experimental
393,27,2,1,experimental,experimental
393,27,2,1,experimental,experimental
393,27,2,1,experimental,experimental
393,27,2,1,experimental,experimental
393,27,1,1,experimental,experimental
393,27,2,1,experimental,experimental
393,27,2,0,experimental,experimental
393,27,2,1,experimental,experimental
393,27,2,1,experimental,experimental
393,27,2,0,experimental,experimental
393,27,2,1,experimental,experimental
393,27,2,0,experimental,experimental
393,27,2,0,experimental,experimental
393,27,2,0,experimental,experimental
393,27,2,1,experimental,experimental
393,27,2,1,experimental,experimental
393,27,2,0,experimental,experimental
393,27,2,1,experimental,experimental
393,27,2,0,experimental,experimental
393,27,2,0,experimental,experimental
393,27,2,0,experimental,experimental
393,27,2,0,experimental,experimental
393,27,2,1,experimental,experimental
393,27,2,0,experimental,experimental
393,27,1,1,experimental,experimental
393,27,2,0,experimental,experimental
393,27,2,0,experimental,experimental
393,27,2,0,experimental,experimental
394,0,2,1,experimental,basal
394,0,2,1,experimental,basal
394,0,2,1,experimental,basal
394,0,2,1,experimental,basal
394,0,2,1,experimental,basal
394,0,1,1,experimental,basal
394,0,1,1,experimental,basal
394,0,2,1,experimental,basal
394,0,2,1,experimental,basal
394,0,1,1,experimental,basal
394,0,2,1,experimental,basal
394,0,1,1,experimental,basal
394,0,2,1,experimental,basal
394,0,2,1,experimental,basal
394,0,2,1,experimental,basal
394,0,2,1,experimental,basal
394,0,1,1,experimental,basal
394,0,2,1,experimental,basal
394,0,2,1,experimental,basal
394,0,1,1,experimental,basal
394,0,2,1,experimental,basal
394,0,1,1,experimental,basal
394,0,2,1,experimental,basal
394,0,2,1,experimental,basal
394,0,1,1,experimental,basal
394,0,2,1,experimental,basal
394,0,1,1,experimental,basal
394,0,1,1,experimental,basal
394,0,2,1,experimental,basal
394,0,2,1,experimental,basal
394,0,2,1,experimental,basal
394,1,1,1,experimental,basal
394,1,2,1,experimental,basal
394,1,1,1,experimental,basal
394,1,2,1,experimental,basal
394,1,2,1,experimental,basal
394,1,2,1,experimental,basal
394,1,1,1,experimental,basal
394,1,2,1,experimental,basal
394,1,2,1,experimental,basal
394,1,2,1,experimental,basal
394,1,1,1,experimental,basal
394,1,1,1,experimental,basal
394,1,1,1,experimental,basal
394,1,2,1,experimental,basal
394,1,1,1,experimental,basal
394,1,2,1,experimental,basal
394,1,2,1,experimental,basal
394,1,1,1,experimental,basal
394,1,1,1,experimental,basal
394,1,2,1,experimental,basal
394,1,1,1,experimental,basal
394,1,2,1,experimental,basal
394,1,2,1,experimental,basal
394,1,1,1,experimental,basal
394,1,2,1,experimental,basal
394,1,1,1,experimental,basal
394,1,1,1,experimental,basal
394,1,2,1,experimental,basal
394,1,1,1,experimental,basal
394,1,2,1,experimental,basal
394,1,1,1,experimental,basal
394,1,1,1,experimental,basal
394,1,2,1,experimental,basal
394,1,2,1,experimental,basal
394,1,1,1,experimental,basal
394,1,1,1,experimental,basal
394,1,1,1,experimental,basal
394,1,1,1,experimental,basal
394,1,2,1,experimental,basal
394,1,1,1,experimental,basal
394,1,2,1,experimental,basal
394,1,1,1,experimental,basal
394,1,1,1,experimental,basal
394,1,1,1,experimental,basal
394,1,2,1,experimental,basal
394,1,1,1,experimental,basal
394,1,1,1,experimental,basal
394,1,2,1,experimental,basal
394,1,1,1,experimental,basal
394,1,1,1,experimental,basal
394,1,1,1,experimental,basal
394,1,1,1,experimental,basal
394,1,1,1,experimental,basal
394,1,1,1,experimental,basal
394,1,2,1,experimental,basal
394,1,1,1,experimental,basal
394,1,1,1,experimental,basal
394,1,1,1,experimental,basal
394,1,1,1,experimental,basal
394,2,1,1,experimental,basal
394,2,2,1,experimental,basal
394,2,1,1,experimental,basal
394,2,2,1,experimental,basal
394,2,1,1,experimental,basal
394,2,2,1,experimental,basal
394,2,1,1,experimental,basal
394,2,1,1,experimental,basal
394,2,2,1,experimental,basal
394,2,1,1,experimental,basal
394,2,1,1,experimental,basal
394,2,2,1,experimental,basal
394,2,1,1,experimental,basal
394,2,2,1,experimental,basal
394,2,1,1,experimental,basal
394,2,2,1,experimental,basal
394,2,1,1,experimental,basal
394,2,2,1,experimental,basal
394,2,1,1,experimental,basal
394,2,1,1,experimental,basal
394,2,1,1,experimental,basal
394,2,2,1,experimental,basal
394,2,1,1,experimental,basal
394,2,2,1,experimental,basal
394,2,1,1,experimental,basal
394,2,1,1,experimental,basal
394,2,1,1,experimental,basal
394,2,2,1,experimental,basal
394,2,1,1,experimental,basal
394,2,1,1,experimental,basal
394,2,2,1,experimental,basal
394,2,1,1,experimental,basal
394,2,1,1,experimental,basal
394,2,1,1,experimental,basal
394,2,2,1,experimental,basal
394,2,1,1,experimental,basal
394,2,1,1,experimental,basal
394,2,1,1,experimental,basal
394,2,2,1,experimental,basal
394,2,1,1,experimental,basal
394,2,2,1,experimental,basal
394,2,1,1,experimental,basal
394,2,1,1,experimental,basal
394,2,1,1,experimental,basal
394,2,2,1,experimental,basal
394,2,1,1,experimental,basal
394,2,2,1,experimental,basal
394,2,2,1,experimental,basal
394,2,1,1,experimental,basal
394,2,1,1,experimental,basal
394,2,2,1,experimental,basal
394,2,2,1,experimental,basal
394,3,1,1,experimental,basal
394,3,1,1,experimental,basal
394,3,1,1,experimental,basal
394,3,1,1,experimental,basal
394,3,2,1,experimental,basal
394,3,1,1,experimental,basal
394,3,2,1,experimental,basal
394,3,2,1,experimental,basal
394,3,2,1,experimental,basal
394,3,1,1,experimental,basal
394,3,2,1,experimental,basal
394,3,2,1,experimental,basal
394,3,1,1,experimental,basal
394,3,2,1,experimental,basal
394,3,1,1,experimental,basal
394,3,2,1,experimental,basal
394,3,1,1,experimental,basal
394,3,2,1,experimental,basal
394,3,2,1,experimental,basal
394,3,2,1,experimental,basal
394,3,1,1,experimental,basal
394,3,2,1,experimental,basal
394,3,1,1,experimental,basal
394,3,2,1,experimental,basal
394,3,1,1,experimental,basal
394,3,2,1,experimental,basal
394,3,1,1,experimental,basal
394,3,1,1,experimental,basal
394,3,1,1,experimental,basal
394,3,1,1,experimental,basal
394,3,2,1,experimental,basal
394,3,1,1,experimental,basal
394,3,2,1,experimental,basal
394,3,1,1,experimental,basal
394,3,2,1,experimental,basal
394,3,1,1,experimental,basal
394,3,1,1,experimental,basal
394,3,2,1,experimental,basal
394,3,2,1,experimental,basal
394,3,2,1,experimental,basal
394,3,1,1,experimental,basal
394,3,2,1,experimental,basal
394,3,2,1,experimental,basal
394,3,2,1,experimental,basal
394,3,1,1,experimental,basal
394,3,2,1,experimental,basal
394,3,1,1,experimental,basal
394,3,2,1,experimental,basal
394,3,2,1,experimental,basal
394,3,1,1,experimental,basal
394,3,1,1,experimental,basal
394,3,2,1,experimental,basal
394,3,2,1,experimental,basal
394,3,1,1,experimental,basal
394,3,2,1,experimental,basal
394,3,2,1,experimental,basal
394,3,1,1,experimental,basal
394,3,2,1,experimental,basal
394,3,2,1,experimental,basal
394,3,1,1,experimental,basal
394,3,2,1,experimental,basal
394,3,2,1,experimental,basal
394,4,2,1,experimental,basal
394,4,1,1,experimental,basal
394,4,2,1,experimental,basal
394,4,1,1,experimental,basal
394,4,1,1,experimental,basal
394,4,2,1,experimental,basal
394,4,2,1,experimental,basal
394,4,2,1,experimental,basal
394,4,1,1,experimental,basal
394,4,1,1,experimental,basal
394,4,2,1,experimental,basal
394,4,1,1,experimental,basal
394,4,1,1,experimental,basal
394,4,1,1,experimental,basal
394,4,2,1,experimental,basal
394,4,1,1,experimental,basal
394,4,1,1,experimental,basal
394,4,1,1,experimental,basal
394,4,2,1,experimental,basal
394,4,1,1,experimental,basal
394,4,2,1,experimental,basal
394,4,2,1,experimental,basal
394,4,1,1,experimental,basal
394,4,2,1,experimental,basal
394,4,1,1,experimental,basal
394,4,2,1,experimental,basal
394,4,2,1,experimental,basal
394,4,1,1,experimental,basal
394,4,1,1,experimental,basal
394,4,2,1,experimental,basal
394,4,1,1,experimental,basal
394,4,2,1,experimental,basal
394,4,1,1,experimental,basal
394,4,1,1,experimental,basal
394,4,1,1,experimental,basal
394,4,1,1,experimental,basal
394,4,1,1,experimental,basal
394,4,2,1,experimental,basal
394,4,2,1,experimental,basal
394,4,2,1,experimental,basal
394,4,1,1,experimental,basal
394,4,1,1,experimental,basal
394,4,1,1,experimental,basal
394,4,2,1,experimental,basal
394,4,1,1,experimental,basal
394,4,1,1,experimental,basal
394,4,2,1,experimental,basal
394,4,1,1,experimental,basal
394,4,2,1,experimental,basal
394,4,1,1,experimental,basal
394,4,1,1,experimental,basal
394,4,2,1,experimental,basal
394,4,2,1,experimental,basal
394,4,1,1,experimental,basal
394,4,1,1,experimental,basal
394,4,2,1,experimental,basal
394,5,2,1,experimental,basal
394,5,1,1,experimental,basal
394,5,2,1,experimental,basal
394,5,2,1,experimental,basal
394,5,1,1,experimental,basal
394,5,2,1,experimental,basal
394,5,1,1,experimental,basal
394,5,2,1,experimental,basal
394,5,1,1,experimental,basal
394,5,1,1,experimental,basal
394,5,1,1,experimental,basal
394,5,2,1,experimental,basal
394,5,1,1,experimental,basal
394,5,2,1,experimental,basal
394,5,1,1,experimental,basal
394,5,1,1,experimental,basal
394,5,2,1,experimental,basal
394,5,1,1,experimental,basal
394,5,1,1,experimental,basal
394,5,2,1,experimental,basal
394,5,1,1,experimental,basal
394,5,2,1,experimental,basal
394,5,2,1,experimental,basal
394,5,1,1,experimental,basal
394,5,2,1,experimental,basal
394,5,1,1,experimental,basal
394,5,1,1,experimental,basal
394,5,1,1,experimental,basal
394,5,2,1,experimental,basal
394,5,2,1,experimental,basal
394,5,2,1,experimental,basal
394,5,2,1,experimental,basal
394,5,1,1,experimental,basal
394,5,1,1,experimental,basal
394,5,2,1,experimental,basal
394,5,2,1,experimental,basal
394,5,2,1,experimental,basal
394,5,2,1,experimental,basal
394,5,2,1,experimental,basal
394,5,1,1,experimental,basal
394,5,2,1,experimental,basal
394,5,2,1,experimental,basal
394,5,1,1,experimental,basal
394,5,2,1,experimental,basal
394,5,2,1,experimental,basal
394,5,1,1,experimental,basal
394,5,1,1,experimental,basal
394,5,2,1,experimental,basal
394,5,2,1,experimental,basal
394,5,2,1,experimental,basal
394,5,1,1,experimental,basal
394,5,2,1,experimental,basal
394,5,1,1,experimental,basal
394,5,1,1,experimental,basal
394,5,2,1,experimental,basal
394,5,1,1,experimental,basal
394,5,2,1,experimental,basal
394,5,2,1,experimental,basal
394,5,1,1,experimental,basal
394,6,1,1,experimental,basal
394,6,1,1,experimental,basal
394,6,1,1,experimental,basal
394,6,2,1,experimental,basal
394,6,1,1,experimental,basal
394,6,2,1,experimental,basal
394,6,1,1,experimental,basal
394,6,2,1,experimental,basal
394,6,1,1,experimental,basal
394,6,1,1,experimental,basal
394,6,2,1,experimental,basal
394,6,2,1,experimental,basal
394,6,2,1,experimental,basal
394,6,1,1,experimental,basal
394,6,2,1,experimental,basal
394,6,2,1,experimental,basal
394,6,2,1,experimental,basal
394,6,1,1,experimental,basal
394,6,1,1,experimental,basal
394,6,2,1,experimental,basal
394,6,2,1,experimental,basal
394,6,2,1,experimental,basal
394,6,1,1,experimental,basal
394,6,1,1,experimental,basal
394,6,2,1,experimental,basal
394,6,2,1,experimental,basal
394,6,2,1,experimental,basal
394,6,1,1,experimental,basal
394,6,2,1,experimental,basal
394,6,1,1,experimental,basal
394,6,2,1,experimental,basal
394,6,2,1,experimental,basal
394,6,1,1,experimental,basal
394,6,2,1,experimental,basal
394,6,2,1,experimental,basal
394,6,1,1,experimental,basal
394,6,1,1,experimental,basal
394,6,2,1,experimental,basal
394,6,2,1,experimental,basal
394,6,1,1,experimental,basal
394,6,2,1,experimental,basal
394,6,2,1,experimental,basal
394,6,1,1,experimental,basal
394,6,2,1,experimental,basal
394,6,2,1,experimental,basal
394,6,1,1,experimental,basal
394,6,1,1,experimental,basal
394,6,2,1,experimental,basal
394,6,1,1,experimental,basal
394,6,2,1,experimental,basal
394,6,2,1,experimental,basal
394,6,2,1,experimental,basal
394,6,1,1,experimental,basal
394,6,2,1,experimental,basal
394,6,1,1,experimental,basal
394,6,2,1,experimental,basal
394,6,2,1,experimental,basal
394,6,2,1,experimental,basal
394,6,1,1,experimental,basal
394,6,1,1,experimental,basal
394,6,2,1,experimental,basal
394,6,1,1,experimental,basal
394,6,1,1,experimental,basal
394,6,2,1,experimental,basal
394,7,2,1,experimental,basal
394,7,1,1,experimental,basal
394,7,2,1,experimental,basal
394,7,1,1,experimental,basal
394,7,1,1,experimental,basal
394,7,2,1,experimental,basal
394,7,1,1,experimental,basal
394,7,2,1,experimental,basal
394,7,2,1,experimental,basal
394,7,1,1,experimental,basal
394,7,1,1,experimental,basal
394,7,2,1,experimental,basal
394,7,2,1,experimental,basal
394,7,1,1,experimental,basal
394,7,1,1,experimental,basal
394,7,2,1,experimental,basal
394,7,2,1,experimental,basal
394,7,2,1,experimental,basal
394,7,1,1,experimental,basal
394,7,1,1,experimental,basal
394,7,1,1,experimental,basal
394,7,1,1,experimental,basal
394,7,2,1,experimental,basal
394,7,1,1,experimental,basal
394,7,1,1,experimental,basal
394,7,2,1,experimental,basal
394,7,2,1,experimental,basal
394,7,1,1,experimental,basal
394,7,1,1,experimental,basal
394,7,1,1,experimental,basal
394,7,1,1,experimental,basal
394,7,2,1,experimental,basal
394,7,1,1,experimental,basal
394,7,1,1,experimental,basal
394,7,2,1,experimental,basal
394,7,1,1,experimental,basal
394,7,1,1,experimental,basal
394,7,1,1,experimental,basal
394,7,1,1,experimental,basal
394,7,2,1,experimental,basal
394,7,1,1,experimental,basal
394,7,2,1,experimental,basal
394,7,1,1,experimental,basal
394,7,2,1,experimental,basal
394,7,1,1,experimental,basal
394,7,1,1,experimental,basal
394,7,2,1,experimental,basal
394,7,1,1,experimental,basal
394,7,1,1,experimental,basal
394,7,2,1,experimental,basal
394,7,1,1,experimental,basal
394,7,1,1,experimental,basal
394,7,1,1,experimental,basal
394,8,1,1,experimental,basal
394,8,1,1,experimental,basal
394,8,1,1,experimental,basal
394,8,2,1,experimental,basal
394,8,2,1,experimental,basal
394,8,1,1,experimental,basal
394,8,2,1,experimental,basal
394,8,2,1,experimental,basal
394,8,1,1,experimental,basal
394,8,1,1,experimental,basal
394,8,1,1,experimental,basal
394,8,2,1,experimental,basal
394,8,1,1,experimental,basal
394,8,2,1,experimental,basal
394,8,1,1,experimental,basal
394,8,2,1,experimental,basal
394,8,2,1,experimental,basal
394,8,2,1,experimental,basal
394,8,1,1,experimental,basal
394,8,1,1,experimental,basal
394,8,1,1,experimental,basal
394,8,1,1,experimental,basal
394,8,1,1,experimental,basal
394,8,1,1,experimental,basal
394,8,1,1,experimental,basal
394,8,2,1,experimental,basal
394,8,1,1,experimental,basal
394,8,1,1,experimental,basal
394,8,1,1,experimental,basal
394,8,2,1,experimental,basal
394,8,1,1,experimental,basal
394,8,2,1,experimental,basal
394,8,1,1,experimental,basal
394,8,2,1,experimental,basal
394,8,1,1,experimental,basal
394,8,1,1,experimental,basal
394,8,2,1,experimental,basal
394,8,1,1,experimental,basal
394,8,1,1,experimental,basal
394,8,1,1,experimental,basal
394,8,2,1,experimental,basal
394,8,1,1,experimental,basal
394,8,2,1,experimental,basal
394,8,1,1,experimental,basal
394,8,1,1,experimental,basal
394,8,1,1,experimental,basal
394,8,1,1,experimental,basal
394,8,1,1,experimental,basal
394,8,1,1,experimental,basal
394,8,1,1,experimental,basal
394,8,1,1,experimental,basal
394,8,2,1,experimental,basal
394,8,1,1,experimental,basal
394,8,2,1,experimental,basal
394,8,1,1,experimental,basal
394,8,1,1,experimental,basal
394,8,2,1,experimental,basal
394,8,1,1,experimental,basal
394,8,1,1,experimental,basal
394,9,1,1,experimental,basal
394,9,2,1,experimental,basal
394,9,1,1,experimental,basal
394,9,1,1,experimental,basal
394,9,2,1,experimental,basal
394,9,1,1,experimental,basal
394,9,2,1,experimental,basal
394,9,1,1,experimental,basal
394,9,1,1,experimental,basal
394,9,2,1,experimental,basal
394,9,1,1,experimental,basal
394,9,2,1,experimental,basal
394,9,1,1,experimental,basal
394,9,2,1,experimental,basal
394,9,1,1,experimental,basal
394,9,1,1,experimental,basal
394,9,1,1,experimental,basal
394,9,2,1,experimental,basal
394,9,2,1,experimental,basal
394,9,1,1,experimental,basal
394,9,1,1,experimental,basal
394,9,1,1,experimental,basal
394,9,1,1,experimental,basal
394,9,2,1,experimental,basal
394,9,2,1,experimental,basal
394,9,1,1,experimental,basal
394,9,2,1,experimental,basal
394,9,2,1,experimental,basal
394,9,1,1,experimental,basal
394,9,1,1,experimental,basal
394,9,2,1,experimental,basal
394,9,2,1,experimental,basal
394,9,1,1,experimental,basal
394,9,1,1,experimental,basal
394,9,2,1,experimental,basal
394,9,1,1,experimental,basal
394,9,1,1,experimental,basal
394,9,1,1,experimental,basal
394,9,2,1,experimental,basal
394,9,1,1,experimental,basal
394,9,2,1,experimental,basal
394,9,1,1,experimental,basal
394,9,1,1,experimental,basal
394,9,2,1,experimental,basal
394,9,1,1,experimental,basal
394,9,2,1,experimental,basal
394,9,1,1,experimental,basal
394,9,1,1,experimental,basal
394,9,1,1,experimental,basal
394,9,1,1,experimental,basal
394,9,2,1,experimental,basal
394,9,1,1,experimental,basal
394,9,1,1,experimental,basal
394,9,1,1,experimental,basal
394,9,1,1,experimental,basal
394,9,1,1,experimental,basal
394,9,2,1,experimental,basal
394,9,1,1,experimental,basal
394,9,1,1,experimental,basal
394,10,1,1,experimental,basal
394,10,2,1,experimental,basal
394,10,1,1,experimental,basal
394,10,1,1,experimental,basal
394,10,2,1,experimental,basal
394,10,1,1,experimental,basal
394,10,2,1,experimental,basal
394,10,1,1,experimental,basal
394,10,1,1,experimental,basal
394,10,2,1,experimental,basal
394,10,2,1,experimental,basal
394,10,2,1,experimental,basal
394,10,1,1,experimental,basal
394,10,1,1,experimental,basal
394,10,2,1,experimental,basal
394,10,2,1,experimental,basal
394,10,1,1,experimental,basal
394,10,2,1,experimental,basal
394,10,1,1,experimental,basal
394,10,2,1,experimental,basal
394,10,2,1,experimental,basal
394,10,1,1,experimental,basal
394,10,1,1,experimental,basal
394,10,1,1,experimental,basal
394,10,1,1,experimental,basal
394,10,2,1,experimental,basal
394,10,2,1,experimental,basal
394,10,1,1,experimental,basal
394,10,2,1,experimental,basal
394,10,1,1,experimental,basal
394,10,1,1,experimental,basal
394,10,2,1,experimental,basal
394,10,1,1,experimental,basal
394,10,2,1,experimental,basal
394,10,1,1,experimental,basal
394,10,1,1,experimental,basal
394,10,1,1,experimental,basal
394,10,1,1,experimental,basal
394,10,1,1,experimental,basal
394,10,2,1,experimental,basal
394,10,2,1,experimental,basal
394,10,1,1,experimental,basal
394,10,2,1,experimental,basal
394,10,2,1,experimental,basal
394,10,1,1,experimental,basal
394,11,1,1,experimental,basal
394,11,2,1,experimental,basal
394,11,1,1,experimental,basal
394,11,1,1,experimental,basal
394,11,2,1,experimental,basal
394,11,1,1,experimental,basal
394,11,2,1,experimental,basal
394,11,2,1,experimental,basal
394,11,1,1,experimental,basal
394,11,2,1,experimental,basal
394,11,1,1,experimental,basal
394,11,2,1,experimental,basal
394,11,1,1,experimental,basal
394,11,2,1,experimental,basal
394,11,1,1,experimental,basal
394,11,1,1,experimental,basal
394,11,2,1,experimental,basal
394,11,1,1,experimental,basal
394,11,2,1,experimental,basal
394,11,2,1,experimental,basal
394,11,2,1,experimental,basal
394,11,1,1,experimental,basal
394,11,1,1,experimental,basal
394,11,1,1,experimental,basal
394,11,2,1,experimental,basal
394,11,1,1,experimental,basal
394,11,2,1,experimental,basal
394,11,1,1,experimental,basal
394,11,2,1,experimental,basal
394,11,2,1,experimental,basal
394,11,1,1,experimental,basal
394,11,2,1,experimental,basal
394,11,1,1,experimental,basal
394,11,1,1,experimental,basal
394,11,2,1,experimental,basal
394,11,1,1,experimental,basal
394,11,2,1,experimental,basal
394,11,1,1,experimental,basal
394,11,2,1,experimental,basal
394,11,1,1,experimental,basal
394,11,2,1,experimental,basal
394,11,2,1,experimental,basal
394,11,1,1,experimental,basal
394,11,2,1,experimental,basal
394,11,1,1,experimental,basal
394,11,2,1,experimental,basal
394,11,2,1,experimental,basal
394,11,1,1,experimental,basal
394,11,2,1,experimental,basal
394,11,1,1,experimental,basal
394,11,1,1,experimental,basal
394,11,1,1,experimental,basal
394,11,2,1,experimental,basal
394,11,1,1,experimental,basal
394,11,1,1,experimental,basal
394,11,2,1,experimental,basal
394,11,2,1,experimental,basal
394,11,1,1,experimental,basal
394,11,1,1,experimental,basal
394,11,1,1,experimental,basal
394,11,2,1,experimental,basal
394,11,1,1,experimental,basal
394,11,1,1,experimental,basal
394,11,1,1,experimental,basal
394,12,2,1,experimental,experimental
394,12,1,0,experimental,experimental
394,12,1,0,experimental,experimental
394,12,2,1,experimental,experimental
394,12,2,1,experimental,experimental
394,12,1,1,experimental,experimental
394,12,2,1,experimental,experimental
394,12,1,1,experimental,experimental
394,12,1,0,experimental,experimental
394,12,1,0,experimental,experimental
394,12,1,1,experimental,experimental
394,12,1,0,experimental,experimental
394,12,1,1,experimental,experimental
394,12,1,1,experimental,experimental
394,12,1,0,experimental,experimental
394,12,1,0,experimental,experimental
394,12,1,0,experimental,experimental
394,12,1,0,experimental,experimental
394,12,1,1,experimental,experimental
394,12,2,1,experimental,experimental
394,12,1,0,experimental,experimental
394,12,1,0,experimental,experimental
394,12,1,0,experimental,experimental
394,12,1,0,experimental,experimental
394,12,2,1,experimental,experimental
394,12,1,0,experimental,experimental
394,12,1,0,experimental,experimental
394,12,2,1,experimental,experimental
394,12,2,1,experimental,experimental
394,12,2,1,experimental,experimental
394,12,1,0,experimental,experimental
394,12,2,1,experimental,experimental
394,12,2,1,experimental,experimental
394,12,1,0,experimental,experimental
394,12,2,1,experimental,experimental
394,12,1,0,experimental,experimental
394,12,1,0,experimental,experimental
394,12,1,0,experimental,experimental
394,12,1,0,experimental,experimental
394,12,2,1,experimental,experimental
394,12,1,0,experimental,experimental
394,12,2,1,experimental,experimental
394,12,1,0,experimental,experimental
394,12,2,1,experimental,experimental
394,12,2,1,experimental,experimental
394,12,2,1,experimental,experimental
394,12,2,1,experimental,experimental
394,12,2,1,experimental,experimental
394,12,2,1,experimental,experimental
394,12,1,0,experimental,experimental
394,12,2,1,experimental,experimental
394,12,2,1,experimental,experimental
394,12,2,1,experimental,experimental
394,12,2,1,experimental,experimental
394,12,1,1,experimental,experimental
394,12,2,1,experimental,experimental
394,12,2,1,experimental,experimental
394,12,1,1,experimental,experimental
394,12,2,1,experimental,experimental
394,12,2,1,experimental,experimental
394,12,1,1,experimental,experimental
394,12,1,1,experimental,experimental
394,12,1,0,experimental,experimental
394,12,1,1,experimental,experimental
394,12,2,1,experimental,experimental
394,12,1,0,experimental,experimental
394,12,1,0,experimental,experimental
394,12,2,1,experimental,experimental
394,12,2,1,experimental,experimental
394,12,2,1,experimental,experimental
394,12,1,1,experimental,experimental
394,12,1,0,experimental,experimental
394,12,2,1,experimental,experimental
394,13,1,1,experimental,experimental
394,13,1,1,experimental,experimental
394,13,2,0,experimental,experimental
394,13,2,1,experimental,experimental
394,13,1,1,experimental,experimental
394,13,2,1,experimental,experimental
394,13,2,1,experimental,experimental
394,13,1,1,experimental,experimental
394,13,2,0,experimental,experimental
394,13,1,1,experimental,experimental
394,13,2,1,experimental,experimental
394,13,1,1,experimental,experimental
394,13,2,1,experimental,experimental
394,13,2,1,experimental,experimental
394,13,1,1,experimental,experimental
394,13,1,1,experimental,experimental
394,13,2,0,experimental,experimental
394,13,2,0,experimental,experimental
394,13,1,1,experimental,experimental
394,13,1,1,experimental,experimental
394,13,2,0,experimental,experimental
394,13,1,1,experimental,experimental
394,13,1,1,experimental,experimental
394,13,2,0,experimental,experimental
394,13,1,1,experimental,experimental
394,13,1,1,experimental,experimental
394,13,2,0,experimental,experimental
394,13,1,1,experimental,experimental
394,13,2,1,experimental,experimental
394,13,1,1,experimental,experimental
394,13,2,0,experimental,experimental
394,13,1,1,experimental,experimental
394,13,2,1,experimental,experimental
394,13,2,0,experimental,experimental
394,13,1,1,experimental,experimental
394,13,2,0,experimental,experimental
394,13,2,0,experimental,experimental
394,13,1,1,experimental,experimental
394,13,1,1,experimental,experimental
394,13,1,1,experimental,experimental
394,13,1,1,experimental,experimental
394,13,2,1,experimental,experimental
394,13,1,1,experimental,experimental
394,13,1,1,experimental,experimental
394,13,2,0,experimental,experimental
394,13,1,1,experimental,experimental
394,13,2,1,experimental,experimental
394,13,1,1,experimental,experimental
394,13,2,1,experimental,experimental
394,13,1,1,experimental,experimental
394,13,1,1,experimental,experimental
394,13,2,0,experimental,experimental
394,13,2,1,experimental,experimental
394,13,1,1,experimental,experimental
394,13,2,1,experimental,experimental
394,13,2,1,experimental,experimental
394,13,1,1,experimental,experimental
394,13,1,1,experimental,experimental
394,13,2,1,experimental,experimental
394,13,1,1,experimental,experimental
394,13,1,1,experimental,experimental
394,13,1,1,experimental,experimental
394,13,1,1,experimental,experimental
394,13,1,1,experimental,experimental
394,13,1,1,experimental,experimental
394,13,1,1,experimental,experimental
394,13,1,1,experimental,experimental
394,13,1,1,experimental,experimental
394,13,2,1,experimental,experimental
394,13,1,1,experimental,experimental
394,13,1,1,experimental,experimental
394,13,1,1,experimental,experimental
394,13,2,0,experimental,experimental
394,13,1,1,experimental,experimental
394,13,2,0,experimental,experimental
394,13,1,1,experimental,experimental
394,13,2,0,experimental,experimental
394,13,1,1,experimental,experimental
394,13,2,0,experimental,experimental
394,14,1,0,experimental,experimental
394,14,2,1,experimental,experimental
394,14,1,1,experimental,experimental
394,14,2,1,experimental,experimental
394,14,1,1,experimental,experimental
394,14,2,1,experimental,experimental
394,14,1,1,experimental,experimental
394,14,1,0,experimental,experimental
394,14,2,1,experimental,experimental
394,14,1,1,experimental,experimental
394,14,1,0,experimental,experimental
394,14,1,1,experimental,experimental
394,14,1,1,experimental,experimental
394,14,1,0,experimental,experimental
394,14,1,0,experimental,experimental
394,14,1,0,experimental,experimental
394,14,1,0,experimental,experimental
394,14,2,1,experimental,experimental
394,14,1,1,experimental,experimental
394,14,2,1,experimental,experimental
394,14,1,0,experimental,experimental
394,14,1,0,experimental,experimental
394,14,2,1,experimental,experimental
394,14,2,1,experimental,experimental
394,14,2,1,experimental,experimental
394,14,1,0,experimental,experimental
394,14,2,1,experimental,experimental
394,14,2,1,experimental,experimental
394,14,1,0,experimental,experimental
394,14,1,0,experimental,experimental
394,14,2,1,experimental,experimental
394,14,2,1,experimental,experimental
394,14,2,1,experimental,experimental
394,14,2,1,experimental,experimental
394,14,1,0,experimental,experimental
394,14,1,0,experimental,experimental
394,14,2,1,experimental,experimental
394,14,2,1,experimental,experimental
394,14,2,1,experimental,experimental
394,14,1,0,experimental,experimental
394,14,1,1,experimental,experimental
394,14,2,1,experimental,experimental
394,14,1,1,experimental,experimental
394,14,2,1,experimental,experimental
394,14,2,1,experimental,experimental
394,14,1,1,experimental,experimental
394,14,1,0,experimental,experimental
394,14,1,1,experimental,experimental
394,14,2,1,experimental,experimental
394,14,2,1,experimental,experimental
394,14,2,1,experimental,experimental
394,14,1,1,experimental,experimental
394,14,1,1,experimental,experimental
394,14,1,1,experimental,experimental
394,14,1,1,experimental,experimental
394,14,1,1,experimental,experimental
394,14,2,1,experimental,experimental
394,14,1,1,experimental,experimental
394,14,1,0,experimental,experimental
394,14,1,1,experimental,experimental
394,14,1,1,experimental,experimental
394,14,1,0,experimental,experimental
394,14,2,1,experimental,experimental
394,14,1,0,experimental,experimental
394,14,1,0,experimental,experimental
394,14,2,1,experimental,experimental
394,14,2,1,experimental,experimental
394,14,1,1,experimental,experimental
394,14,1,0,experimental,experimental
394,14,1,1,experimental,experimental
394,14,1,0,experimental,experimental
394,14,1,0,experimental,experimental
394,14,1,0,experimental,experimental
394,14,2,1,experimental,experimental
394,14,2,1,experimental,experimental
394,14,2,1,experimental,experimental
394,14,1,1,experimental,experimental
394,14,2,1,experimental,experimental
394,15,1,1,experimental,experimental
394,15,1,1,experimental,experimental
394,15,1,1,experimental,experimental
394,15,1,1,experimental,experimental
394,15,1,1,experimental,experimental
394,15,1,1,experimental,experimental
394,15,1,1,experimental,experimental
394,15,1,1,experimental,experimental
394,15,1,1,experimental,experimental
394,15,2,0,experimental,experimental
394,15,1,1,experimental,experimental
394,15,1,1,experimental,experimental
394,15,2,1,experimental,experimental
394,15,1,1,experimental,experimental
394,15,1,1,experimental,experimental
394,15,2,0,experimental,experimental
394,15,1,1,experimental,experimental
394,15,1,1,experimental,experimental
394,15,2,1,experimental,experimental
394,15,1,1,experimental,experimental
394,15,2,0,experimental,experimental
394,15,1,1,experimental,experimental
394,15,2,0,experimental,experimental
394,15,2,0,experimental,experimental
394,15,1,1,experimental,experimental
394,15,1,1,experimental,experimental
394,15,2,0,experimental,experimental
394,15,1,1,experimental,experimental
394,15,2,1,experimental,experimental
394,15,2,0,experimental,experimental
394,15,2,0,experimental,experimental
394,15,1,1,experimental,experimental
394,15,2,1,experimental,experimental
394,15,1,1,experimental,experimental
394,15,2,1,experimental,experimental
394,15,1,1,experimental,experimental
394,15,2,0,experimental,experimental
394,15,1,1,experimental,experimental
394,15,1,1,experimental,experimental
394,15,2,0,experimental,experimental
394,15,1,1,experimental,experimental
394,15,2,1,experimental,experimental
394,15,1,1,experimental,experimental
394,15,2,1,experimental,experimental
394,15,1,1,experimental,experimental
394,15,2,0,experimental,experimental
394,15,1,1,experimental,experimental
394,15,2,0,experimental,experimental
394,15,1,1,experimental,experimental
394,15,1,1,experimental,experimental
394,15,2,0,experimental,experimental
394,15,1,1,experimental,experimental
394,15,2,1,experimental,experimental
394,15,2,1,experimental,experimental
394,15,1,1,experimental,experimental
394,15,1,1,experimental,experimental
394,15,2,1,experimental,experimental
394,15,1,1,experimental,experimental
394,15,2,1,experimental,experimental
394,15,1,1,experimental,experimental
394,15,2,1,experimental,experimental
394,15,1,1,experimental,experimental
394,15,2,0,experimental,experimental
394,15,1,1,experimental,experimental
394,15,2,0,experimental,experimental
394,15,1,1,experimental,experimental
394,15,2,0,experimental,experimental
394,15,1,1,experimental,experimental
394,15,2,1,experimental,experimental
394,16,1,0,experimental,experimental
394,16,2,1,experimental,experimental
394,16,1,0,experimental,experimental
394,16,2,1,experimental,experimental
394,16,1,1,experimental,experimental
394,17,2,0,experimental,experimental
394,17,1,1,experimental,experimental
394,17,2,0,experimental,experimental
394,17,1,1,experimental,experimental
394,17,2,1,experimental,experimental
394,17,1,1,experimental,experimental
394,17,2,1,experimental,experimental
394,17,2,1,experimental,experimental
394,17,1,1,experimental,experimental
394,17,1,1,experimental,experimental
394,17,2,1,experimental,experimental
394,17,1,1,experimental,experimental
394,17,2,1,experimental,experimental
394,17,2,1,experimental,experimental
394,17,2,0,experimental,experimental
394,17,1,1,experimental,experimental
394,17,1,1,experimental,experimental
394,17,2,0,experimental,experimental
394,17,1,1,experimental,experimental
394,17,2,1,experimental,experimental
394,17,1,1,experimental,experimental
394,17,1,1,experimental,experimental
394,17,1,1,experimental,experimental
394,17,2,0,experimental,experimental
394,17,2,1,experimental,experimental
394,17,1,1,experimental,experimental
394,17,1,1,experimental,experimental
394,17,2,1,experimental,experimental
394,17,1,1,experimental,experimental
394,17,2,0,experimental,experimental
394,17,1,1,experimental,experimental
394,17,2,1,experimental,experimental
394,17,1,1,experimental,experimental
394,17,1,1,experimental,experimental
394,17,2,1,experimental,experimental
394,17,1,1,experimental,experimental
394,17,1,1,experimental,experimental
394,17,1,1,experimental,experimental
394,17,2,0,experimental,experimental
394,17,1,1,experimental,experimental
394,17,2,0,experimental,experimental
394,17,2,1,experimental,experimental
394,17,1,1,experimental,experimental
394,17,1,1,experimental,experimental
394,17,2,0,experimental,experimental
394,17,2,0,experimental,experimental
394,17,2,1,experimental,experimental
394,17,2,0,experimental,experimental
394,17,1,1,experimental,experimental
394,17,1,1,experimental,experimental
394,17,2,0,experimental,experimental
394,17,2,0,experimental,experimental
394,17,1,1,experimental,experimental
394,17,2,1,experimental,experimental
394,17,2,1,experimental,experimental
394,17,2,1,experimental,experimental
394,17,1,1,experimental,experimental
394,17,1,1,experimental,experimental
394,17,1,1,experimental,experimental
394,17,2,0,experimental,experimental
394,17,2,1,experimental,experimental
394,17,1,1,experimental,experimental
394,17,2,0,experimental,experimental
394,17,1,1,experimental,experimental
394,17,1,1,experimental,experimental
394,17,2,0,experimental,experimental
394,17,1,1,experimental,experimental
394,17,2,1,experimental,experimental
394,17,1,1,experimental,experimental
394,17,1,1,experimental,experimental
394,17,2,1,experimental,experimental
394,17,2,0,experimental,experimental
394,17,1,1,experimental,experimental
394,18,1,0,experimental,experimental
394,18,2,1,experimental,experimental
394,18,1,0,experimental,experimental
394,18,2,1,experimental,experimental
394,18,2,1,experimental,experimental
394,18,1,1,experimental,experimental
394,18,1,1,experimental,experimental
394,18,2,1,experimental,experimental
394,18,1,0,experimental,experimental
394,18,2,1,experimental,experimental
394,18,1,1,experimental,experimental
394,18,2,1,experimental,experimental
394,18,1,1,experimental,experimental
394,18,1,1,experimental,experimental
394,18,1,0,experimental,experimental
394,18,2,1,experimental,experimental
394,18,2,1,experimental,experimental
394,18,2,1,experimental,experimental
394,18,2,1,experimental,experimental
394,18,1,1,experimental,experimental
394,18,1,0,experimental,experimental
394,18,2,1,experimental,experimental
394,18,2,1,experimental,experimental
394,18,1,0,experimental,experimental
394,18,2,1,experimental,experimental
394,18,1,0,experimental,experimental
394,18,2,1,experimental,experimental
394,18,1,1,experimental,experimental
394,18,1,1,experimental,experimental
394,18,1,0,experimental,experimental
394,18,1,0,experimental,experimental
394,18,2,1,experimental,experimental
394,18,2,1,experimental,experimental
394,18,2,1,experimental,experimental
394,18,1,1,experimental,experimental
394,18,2,1,experimental,experimental
394,18,2,1,experimental,experimental
394,18,1,0,experimental,experimental
394,18,2,1,experimental,experimental
394,18,2,1,experimental,experimental
394,18,1,0,experimental,experimental
394,18,1,1,experimental,experimental
394,18,2,1,experimental,experimental
394,18,1,1,experimental,experimental
394,18,2,1,experimental,experimental
394,18,2,1,experimental,experimental
394,18,1,1,experimental,experimental
394,18,1,0,experimental,experimental
394,18,2,1,experimental,experimental
394,18,1,0,experimental,experimental
394,18,1,0,experimental,experimental
394,18,1,0,experimental,experimental
394,18,2,1,experimental,experimental
394,18,2,1,experimental,experimental
394,18,1,1,experimental,experimental
394,18,1,1,experimental,experimental
394,18,1,1,experimental,experimental
394,18,2,1,experimental,experimental
394,18,1,1,experimental,experimental
394,18,2,1,experimental,experimental
394,18,2,1,experimental,experimental
394,18,1,1,experimental,experimental
394,18,1,0,experimental,experimental
394,18,1,1,experimental,experimental
394,18,2,1,experimental,experimental
394,18,2,1,experimental,experimental
394,18,1,0,experimental,experimental
394,19,2,0,experimental,experimental
394,19,1,1,experimental,experimental
394,19,1,1,experimental,experimental
394,19,2,1,experimental,experimental
394,19,2,1,experimental,experimental
394,19,1,1,experimental,experimental
394,19,2,1,experimental,experimental
394,19,2,1,experimental,experimental
394,19,2,0,experimental,experimental
394,19,1,1,experimental,experimental
394,19,2,1,experimental,experimental
394,19,2,0,experimental,experimental
394,19,2,1,experimental,experimental
394,19,2,1,experimental,experimental
394,19,2,0,experimental,experimental
394,19,2,0,experimental,experimental
394,19,1,1,experimental,experimental
394,19,2,0,experimental,experimental
394,19,2,1,experimental,experimental
394,19,2,1,experimental,experimental
394,19,2,0,experimental,experimental
394,19,1,1,experimental,experimental
394,19,1,1,experimental,experimental
394,19,2,0,experimental,experimental
394,19,1,1,experimental,experimental
394,19,2,0,experimental,experimental
394,19,2,0,experimental,experimental
394,19,1,1,experimental,experimental
394,19,2,1,experimental,experimental
394,19,2,0,experimental,experimental
394,19,2,0,experimental,experimental
394,19,1,1,experimental,experimental
394,19,2,1,experimental,experimental
394,19,2,0,experimental,experimental
394,19,1,1,experimental,experimental
394,19,1,1,experimental,experimental
394,19,2,0,experimental,experimental
394,19,2,0,experimental,experimental
394,19,2,0,experimental,experimental
394,19,2,0,experimental,experimental
394,19,1,1,experimental,experimental
394,19,2,1,experimental,experimental
394,19,1,1,experimental,experimental
394,19,2,1,experimental,experimental
394,19,1,1,experimental,experimental
394,19,2,0,experimental,experimental
394,19,1,1,experimental,experimental
394,19,1,1,experimental,experimental
394,19,2,1,experimental,experimental
394,19,1,1,experimental,experimental
394,19,1,1,experimental,experimental
394,19,2,0,experimental,experimental
394,19,1,1,experimental,experimental
394,19,2,1,experimental,experimental
394,19,1,1,experimental,experimental
394,19,1,1,experimental,experimental
394,19,2,1,experimental,experimental
394,19,1,1,experimental,experimental
394,19,1,1,experimental,experimental
394,19,2,0,experimental,experimental
394,19,1,1,experimental,experimental
394,19,1,1,experimental,experimental
394,19,2,0,experimental,experimental
394,19,1,1,experimental,experimental
394,19,2,0,experimental,experimental
394,19,2,0,experimental,experimental
394,19,1,1,experimental,experimental
394,19,1,1,experimental,experimental
394,19,1,1,experimental,experimental
394,19,2,0,experimental,experimental
394,19,1,1,experimental,experimental
394,19,1,1,experimental,experimental
394,19,1,1,experimental,experimental
394,19,1,1,experimental,experimental
394,19,2,0,experimental,experimental
394,19,1,1,experimental,experimental
394,19,1,1,experimental,experimental
394,19,2,1,experimental,experimental
394,19,1,1,experimental,experimental
394,19,2,0,experimental,experimental
394,19,1,1,experimental,experimental
394,19,1,1,experimental,experimental
394,19,1,1,experimental,experimental
394,19,1,1,experimental,experimental
394,19,1,1,experimental,experimental
394,19,1,1,experimental,experimental
394,20,1,0,experimental,experimental
394,20,2,1,experimental,experimental
394,20,1,0,experimental,experimental
394,20,1,1,experimental,experimental
394,20,2,1,experimental,experimental
394,20,1,1,experimental,experimental
394,20,2,1,experimental,experimental
394,20,2,1,experimental,experimental
394,20,1,0,experimental,experimental
394,20,2,1,experimental,experimental
394,20,1,1,experimental,experimental
394,20,2,1,experimental,experimental
394,20,2,1,experimental,experimental
394,20,1,1,experimental,experimental
394,20,2,1,experimental,experimental
394,20,1,0,experimental,experimental
394,20,1,0,experimental,experimental
394,20,2,1,experimental,experimental
394,20,1,1,experimental,experimental
394,20,1,1,experimental,experimental
394,20,1,0,experimental,experimental
394,20,2,1,experimental,experimental
394,20,1,0,experimental,experimental
394,20,2,1,experimental,experimental
394,20,2,1,experimental,experimental
394,20,1,0,experimental,experimental
394,20,2,1,experimental,experimental
394,20,1,1,experimental,experimental
394,20,1,1,experimental,experimental
394,20,2,1,experimental,experimental
394,20,1,0,experimental,experimental
394,20,2,1,experimental,experimental
394,20,1,1,experimental,experimental
394,20,2,1,experimental,experimental
394,20,1,1,experimental,experimental
394,20,1,0,experimental,experimental
394,20,2,1,experimental,experimental
394,20,2,1,experimental,experimental
394,20,1,0,experimental,experimental
394,20,2,1,experimental,experimental
394,20,1,0,experimental,experimental
394,20,2,1,experimental,experimental
394,20,1,0,experimental,experimental
394,20,2,1,experimental,experimental
394,20,2,1,experimental,experimental
394,20,1,0,experimental,experimental
394,20,1,1,experimental,experimental
394,20,2,1,experimental,experimental
394,20,1,1,experimental,experimental
394,20,2,1,experimental,experimental
394,20,1,0,experimental,experimental
394,20,1,0,experimental,experimental
394,20,1,1,experimental,experimental
394,20,1,1,experimental,experimental
394,20,1,1,experimental,experimental
394,20,2,1,experimental,experimental
394,20,1,1,experimental,experimental
394,20,2,1,experimental,experimental
394,20,1,1,experimental,experimental
394,20,2,1,experimental,experimental
394,20,1,1,experimental,experimental
394,20,1,1,experimental,experimental
394,20,1,0,experimental,experimental
394,20,1,1,experimental,experimental
394,20,1,0,experimental,experimental
394,20,1,0,experimental,experimental
394,20,1,0,experimental,experimental
394,20,1,1,experimental,experimental
394,20,1,1,experimental,experimental
394,20,2,1,experimental,experimental
394,20,1,1,experimental,experimental
394,20,2,1,experimental,experimental
394,20,1,0,experimental,experimental
394,20,1,0,experimental,experimental
394,20,2,1,experimental,experimental
394,20,1,1,experimental,experimental
394,20,1,0,experimental,experimental
394,20,2,1,experimental,experimental
394,20,2,1,experimental,experimental
394,20,1,0,experimental,experimental
394,20,2,1,experimental,experimental
394,20,2,1,experimental,experimental
394,20,1,0,experimental,experimental
394,20,2,1,experimental,experimental
394,20,1,0,experimental,experimental
394,20,2,1,experimental,experimental
394,20,1,0,experimental,experimental
394,20,1,1,experimental,experimental
394,20,1,0,experimental,experimental
394,20,2,1,experimental,experimental
394,21,2,0,experimental,experimental
394,21,2,0,experimental,experimental
394,21,1,1,experimental,experimental
394,21,1,1,experimental,experimental
394,21,2,1,experimental,experimental
394,21,1,1,experimental,experimental
394,21,2,1,experimental,experimental
394,21,1,1,experimental,experimental
394,21,1,1,experimental,experimental
394,21,2,0,experimental,experimental
394,21,2,1,experimental,experimental
394,21,1,1,experimental,experimental
394,21,2,1,experimental,experimental
394,21,1,1,experimental,experimental
394,21,2,0,experimental,experimental
394,21,1,1,experimental,experimental
394,21,1,1,experimental,experimental
394,21,1,1,experimental,experimental
394,21,1,1,experimental,experimental
394,21,1,1,experimental,experimental
394,21,2,0,experimental,experimental
394,21,2,0,experimental,experimental
394,21,1,1,experimental,experimental
394,21,1,1,experimental,experimental
394,21,2,1,experimental,experimental
394,21,1,1,experimental,experimental
394,21,2,0,experimental,experimental
394,21,2,1,experimental,experimental
394,21,1,1,experimental,experimental
394,21,2,0,experimental,experimental
394,21,1,1,experimental,experimental
394,21,2,1,experimental,experimental
394,21,1,1,experimental,experimental
394,21,1,1,experimental,experimental
394,21,2,1,experimental,experimental
394,21,2,0,experimental,experimental
394,21,1,1,experimental,experimental
394,21,2,0,experimental,experimental
394,21,2,0,experimental,experimental
394,21,1,1,experimental,experimental
394,21,1,1,experimental,experimental
394,21,2,1,experimental,experimental
394,21,2,0,experimental,experimental
394,21,1,1,experimental,experimental
394,21,1,1,experimental,experimental
394,21,2,0,experimental,experimental
394,21,1,1,experimental,experimental
394,21,1,1,experimental,experimental
394,21,2,1,experimental,experimental
394,21,2,0,experimental,experimental
394,21,1,1,experimental,experimental
394,21,1,1,experimental,experimental
394,21,1,1,experimental,experimental
394,21,2,1,experimental,experimental
394,21,1,1,experimental,experimental
394,21,1,1,experimental,experimental
394,21,2,1,experimental,experimental
394,21,1,1,experimental,experimental
394,21,2,1,experimental,experimental
394,21,1,1,experimental,experimental
394,21,1,1,experimental,experimental
394,21,1,1,experimental,experimental
394,21,2,0,experimental,experimental
394,21,2,1,experimental,experimental
394,21,2,0,experimental,experimental
394,21,1,1,experimental,experimental
394,21,2,0,experimental,experimental
394,21,2,1,experimental,experimental
394,21,1,1,experimental,experimental
394,21,1,1,experimental,experimental
394,21,2,1,experimental,experimental
394,21,2,0,experimental,experimental
394,21,1,1,experimental,experimental
394,21,2,0,experimental,experimental
394,21,1,1,experimental,experimental
394,21,2,1,experimental,experimental
394,21,1,1,experimental,experimental
394,21,2,1,experimental,experimental
394,21,2,0,experimental,experimental
394,22,1,0,experimental,experimental
394,22,2,1,experimental,experimental
394,22,1,0,experimental,experimental
394,22,1,1,experimental,experimental
394,22,2,1,experimental,experimental
394,22,1,1,experimental,experimental
394,22,2,1,experimental,experimental
394,22,1,1,experimental,experimental
394,22,2,1,experimental,experimental
394,22,1,0,experimental,experimental
394,22,2,1,experimental,experimental
394,22,1,0,experimental,experimental
394,22,1,1,experimental,experimental
394,22,2,1,experimental,experimental
394,22,2,1,experimental,experimental
394,22,1,0,experimental,experimental
394,22,1,0,experimental,experimental
394,22,2,1,experimental,experimental
394,22,2,1,experimental,experimental
394,22,2,1,experimental,experimental
394,22,1,0,experimental,experimental
394,22,2,1,experimental,experimental
394,22,1,0,experimental,experimental
394,22,2,1,experimental,experimental
394,22,1,1,experimental,experimental
394,22,1,0,experimental,experimental
394,22,2,1,experimental,experimental
394,22,2,1,experimental,experimental
394,22,1,1,experimental,experimental
394,22,1,0,experimental,experimental
394,22,2,1,experimental,experimental
394,22,2,1,experimental,experimental
394,22,2,1,experimental,experimental
394,22,1,0,experimental,experimental
394,22,2,1,experimental,experimental
394,22,1,0,experimental,experimental
394,22,2,1,experimental,experimental
394,22,1,0,experimental,experimental
394,22,2,1,experimental,experimental
394,22,2,1,experimental,experimental
394,22,1,0,experimental,experimental
394,22,2,1,experimental,experimental
394,22,2,1,experimental,experimental
394,22,1,1,experimental,experimental
394,22,2,1,experimental,experimental
394,22,2,1,experimental,experimental
394,22,2,1,experimental,experimental
394,22,2,1,experimental,experimental
394,22,1,1,experimental,experimental
394,22,1,0,experimental,experimental
394,22,1,0,experimental,experimental
394,22,1,0,experimental,experimental
394,22,1,1,experimental,experimental
394,22,1,1,experimental,experimental
394,22,2,1,experimental,experimental
394,22,1,1,experimental,experimental
394,22,2,1,experimental,experimental
394,22,2,1,experimental,experimental
394,22,1,1,experimental,experimental
394,22,2,1,experimental,experimental
394,22,1,1,experimental,experimental
394,22,2,1,experimental,experimental
394,22,1,0,experimental,experimental
394,22,2,1,experimental,experimental
394,22,1,0,experimental,experimental
394,22,2,1,experimental,experimental
394,22,1,0,experimental,experimental
394,22,1,1,experimental,experimental
394,22,1,1,experimental,experimental
394,22,2,1,experimental,experimental
394,22,1,1,experimental,experimental
394,22,2,1,experimental,experimental
394,22,1,0,experimental,experimental
394,22,1,0,experimental,experimental
394,22,1,0,experimental,experimental
394,22,1,1,experimental,experimental
394,22,2,1,experimental,experimental
394,23,1,1,experimental,experimental
394,23,2,0,experimental,experimental
394,23,1,1,experimental,experimental
394,23,2,1,experimental,experimental
394,23,1,1,experimental,experimental
394,23,2,1,experimental,experimental
394,23,1,1,experimental,experimental
394,23,2,1,experimental,experimental
394,23,1,1,experimental,experimental
394,23,2,0,experimental,experimental
394,23,1,1,experimental,experimental
394,23,1,1,experimental,experimental
394,23,2,1,experimental,experimental
394,23,1,1,experimental,experimental
394,23,2,0,experimental,experimental
394,23,1,1,experimental,experimental
394,23,2,0,experimental,experimental
394,23,1,1,experimental,experimental
394,23,2,1,experimental,experimental
394,23,1,1,experimental,experimental
394,23,2,0,experimental,experimental
394,23,1,1,experimental,experimental
394,23,2,0,experimental,experimental
394,23,1,1,experimental,experimental
394,23,2,1,experimental,experimental
394,23,1,1,experimental,experimental
394,23,2,0,experimental,experimental
394,23,1,1,experimental,experimental
394,23,2,1,experimental,experimental
394,23,1,1,experimental,experimental
394,23,2,0,experimental,experimental
394,23,1,1,experimental,experimental
394,23,1,1,experimental,experimental
394,23,2,0,experimental,experimental
394,23,1,1,experimental,experimental
394,23,2,0,experimental,experimental
394,23,1,1,experimental,experimental
394,23,2,0,experimental,experimental
394,23,1,1,experimental,experimental
394,23,2,0,experimental,experimental
394,23,1,1,experimental,experimental
394,23,2,1,experimental,experimental
394,23,2,0,experimental,experimental
394,23,2,1,experimental,experimental
394,23,1,1,experimental,experimental
394,23,2,0,experimental,experimental
394,23,1,1,experimental,experimental
394,23,2,0,experimental,experimental
394,23,1,1,experimental,experimental
394,23,2,0,experimental,experimental
394,23,1,1,experimental,experimental
394,23,2,0,experimental,experimental
394,23,2,1,experimental,experimental
394,23,1,1,experimental,experimental
394,23,1,1,experimental,experimental
394,23,2,1,experimental,experimental
394,23,1,1,experimental,experimental
394,23,2,1,experimental,experimental
394,23,2,1,experimental,experimental
394,23,1,1,experimental,experimental
394,23,2,1,experimental,experimental
394,23,1,1,experimental,experimental
394,23,2,0,experimental,experimental
394,23,2,1,experimental,experimental
394,23,1,1,experimental,experimental
394,23,1,1,experimental,experimental
394,23,2,0,experimental,experimental
394,23,2,1,experimental,experimental
394,23,2,1,experimental,experimental
394,23,1,1,experimental,experimental
394,23,2,1,experimental,experimental
394,23,1,1,experimental,experimental
394,23,1,1,experimental,experimental
394,23,1,1,experimental,experimental
394,23,2,0,experimental,experimental
394,23,2,1,experimental,experimental
394,23,2,0,experimental,experimental
394,23,1,1,experimental,experimental
394,23,1,1,experimental,experimental
394,23,2,0,experimental,experimental
394,23,2,0,experimental,experimental
394,23,1,1,experimental,experimental
394,23,2,0,experimental,experimental
394,23,2,0,experimental,experimental
394,24,2,1,experimental,experimental
394,24,1,0,experimental,experimental
394,24,2,1,experimental,experimental
394,24,1,1,experimental,experimental
394,24,2,1,experimental,experimental
394,24,1,1,experimental,experimental
394,24,1,1,experimental,experimental
394,24,2,1,experimental,experimental
394,24,2,1,experimental,experimental
394,24,1,0,experimental,experimental
394,24,1,1,experimental,experimental
394,24,1,0,experimental,experimental
394,24,2,1,experimental,experimental
394,24,1,1,experimental,experimental
394,24,2,1,experimental,experimental
394,24,2,1,experimental,experimental
394,24,1,0,experimental,experimental
394,24,2,1,experimental,experimental
394,24,1,1,experimental,experimental
394,24,2,1,experimental,experimental
394,24,1,0,experimental,experimental
394,24,2,1,experimental,experimental
394,24,2,1,experimental,experimental
394,24,2,1,experimental,experimental
394,24,1,1,experimental,experimental
394,24,1,0,experimental,experimental
394,24,2,1,experimental,experimental
394,24,1,1,experimental,experimental
394,24,2,1,experimental,experimental
394,24,1,0,experimental,experimental
394,24,1,0,experimental,experimental
394,24,2,1,experimental,experimental
394,24,1,1,experimental,experimental
394,24,2,1,experimental,experimental
394,24,2,1,experimental,experimental
394,24,1,0,experimental,experimental
394,24,1,0,experimental,experimental
394,24,2,1,experimental,experimental
394,24,2,1,experimental,experimental
394,24,2,1,experimental,experimental
394,24,2,1,experimental,experimental
394,24,2,1,experimental,experimental
394,24,2,1,experimental,experimental
394,24,1,1,experimental,experimental
394,24,2,1,experimental,experimental
394,24,1,0,experimental,experimental
394,24,2,1,experimental,experimental
394,24,1,0,experimental,experimental
394,24,2,1,experimental,experimental
394,24,2,1,experimental,experimental
394,24,2,1,experimental,experimental
394,24,2,1,experimental,experimental
394,24,1,1,experimental,experimental
394,24,2,1,experimental,experimental
394,24,2,1,experimental,experimental
394,24,2,1,experimental,experimental
394,24,1,1,experimental,experimental
394,24,2,1,experimental,experimental
394,24,1,1,experimental,experimental
394,24,2,1,experimental,experimental
394,24,2,1,experimental,experimental
394,24,1,1,experimental,experimental
394,24,2,1,experimental,experimental
394,24,1,1,experimental,experimental
394,24,1,0,experimental,experimental
394,24,2,1,experimental,experimental
394,24,1,0,experimental,experimental
394,24,2,1,experimental,experimental
394,24,2,1,experimental,experimental
394,24,1,0,experimental,experimental
394,24,1,1,experimental,experimental
394,24,1,0,experimental,experimental
394,24,2,1,experimental,experimental
394,24,1,0,experimental,experimental
394,24,2,1,experimental,experimental
394,24,2,1,experimental,experimental
394,24,1,0,experimental,experimental
394,24,2,1,experimental,experimental
394,26,1,0,experimental,experimental
394,26,1,0,experimental,experimental
394,26,2,1,experimental,experimental
394,26,1,1,experimental,experimental
394,26,2,1,experimental,experimental
394,26,2,1,experimental,experimental
394,26,2,1,experimental,experimental
394,26,2,1,experimental,experimental
394,26,1,0,experimental,experimental
394,26,2,1,experimental,experimental
394,26,1,1,experimental,experimental
394,26,1,0,experimental,experimental
394,26,2,1,experimental,experimental
394,26,2,1,experimental,experimental
394,26,2,1,experimental,experimental
394,26,2,1,experimental,experimental
394,26,2,1,experimental,experimental
394,26,2,1,experimental,experimental
394,26,2,1,experimental,experimental
394,26,1,1,experimental,experimental
394,26,2,1,experimental,experimental
394,26,2,1,experimental,experimental
394,26,2,1,experimental,experimental
394,26,2,1,experimental,experimental
394,26,1,1,experimental,experimental
394,26,2,1,experimental,experimental
394,26,2,1,experimental,experimental
394,26,1,1,experimental,experimental
394,26,2,1,experimental,experimental
394,26,1,0,experimental,experimental
394,26,2,1,experimental,experimental
394,26,2,1,experimental,experimental
394,26,1,1,experimental,experimental
394,26,1,0,experimental,experimental
394,26,2,1,experimental,experimental
394,26,1,0,experimental,experimental
394,26,2,1,experimental,experimental
394,26,1,0,experimental,experimental
394,26,1,0,experimental,experimental
394,26,2,1,experimental,experimental
394,26,2,1,experimental,experimental
394,26,2,1,experimental,experimental
394,26,2,1,experimental,experimental
394,26,2,1,experimental,experimental
394,26,1,0,experimental,experimental
394,26,2,1,experimental,experimental
394,26,1,1,experimental,experimental
394,26,2,1,experimental,experimental
394,26,2,1,experimental,experimental
394,26,2,1,experimental,experimental
394,26,1,0,experimental,experimental
394,26,2,1,experimental,experimental
394,26,1,1,experimental,experimental
394,26,2,1,experimental,experimental
394,26,2,1,experimental,experimental
394,26,1,1,experimental,experimental
394,26,1,1,experimental,experimental
394,26,2,1,experimental,experimental
394,26,2,1,experimental,experimental
394,26,1,0,experimental,experimental
394,26,2,1,experimental,experimental
394,26,2,1,experimental,experimental
394,26,1,0,experimental,experimental
394,26,2,1,experimental,experimental
394,26,2,1,experimental,experimental
394,26,1,0,experimental,experimental
394,26,1,0,experimental,experimental
394,26,1,1,experimental,experimental
394,26,2,1,experimental,experimental
394,26,2,1,experimental,experimental
394,26,2,1,experimental,experimental
394,26,1,0,experimental,experimental
394,26,2,1,experimental,experimental
394,26,2,1,experimental,experimental
394,26,2,1,experimental,experimental
394,26,2,1,experimental,experimental
394,26,2,1,experimental,experimental
394,26,1,1,experimental,experimental
394,26,2,1,experimental,experimental
394,26,2,1,experimental,experimental
394,26,1,0,experimental,experimental
394,26,2,1,experimental,experimental
394,26,1,0,experimental,experimental
394,26,1,0,experimental,experimental
394,26,2,1,experimental,experimental
394,26,2,1,experimental,experimental
394,27,1,1,experimental,experimental
394,27,2,0,experimental,experimental
394,27,2,0,experimental,experimental
394,27,1,1,experimental,experimental
394,27,1,1,experimental,experimental
394,27,2,1,experimental,experimental
394,27,2,1,experimental,experimental
394,27,2,1,experimental,experimental
394,27,1,1,experimental,experimental
394,27,1,1,experimental,experimental
394,27,2,1,experimental,experimental
394,27,1,1,experimental,experimental
394,27,2,1,experimental,experimental
394,27,2,1,experimental,experimental
394,27,1,1,experimental,experimental
394,27,1,1,experimental,experimental
394,27,1,1,experimental,experimental
394,27,2,0,experimental,experimental
394,27,2,1,experimental,experimental
394,27,2,1,experimental,experimental
394,27,1,1,experimental,experimental
394,27,2,0,experimental,experimental
394,27,2,0,experimental,experimental
394,27,1,1,experimental,experimental
394,27,2,1,experimental,experimental
394,27,2,0,experimental,experimental
394,27,2,0,experimental,experimental
394,27,1,1,experimental,experimental
394,27,2,1,experimental,experimental
394,27,1,1,experimental,experimental
394,27,2,0,experimental,experimental
394,27,2,1,experimental,experimental
394,27,2,1,experimental,experimental
394,27,2,0,experimental,experimental
394,27,1,1,experimental,experimental
394,27,1,1,experimental,experimental
394,27,2,0,experimental,experimental
394,27,2,0,experimental,experimental
394,27,1,1,experimental,experimental
394,27,2,0,experimental,experimental
394,27,2,0,experimental,experimental
394,27,1,1,experimental,experimental
394,27,2,0,experimental,experimental
394,27,2,1,experimental,experimental
394,27,2,0,experimental,experimental
394,27,1,1,experimental,experimental
394,27,1,1,experimental,experimental
394,27,2,0,experimental,experimental
394,27,1,1,experimental,experimental
394,27,1,1,experimental,experimental
394,27,1,1,experimental,experimental
394,27,1,1,experimental,experimental
394,27,2,1,experimental,experimental
394,27,2,1,experimental,experimental
394,27,2,1,experimental,experimental
394,27,1,1,experimental,experimental
394,27,1,1,experimental,experimental
394,27,1,1,experimental,experimental
394,27,2,1,experimental,experimental
394,27,2,0,experimental,experimental
394,27,1,1,experimental,experimental
394,27,2,1,experimental,experimental
394,27,2,0,experimental,experimental
394,27,1,1,experimental,experimental
394,27,2,0,experimental,experimental
394,27,2,0,experimental,experimental
394,27,2,0,experimental,experimental
394,27,1,1,experimental,experimental
394,27,2,1,experimental,experimental
394,27,2,0,experimental,experimental
395,0,1,1,control,basal
395,0,2,1,control,basal
395,0,2,1,control,basal
395,0,1,1,control,basal
395,0,2,1,control,basal
395,0,1,1,control,basal
395,0,1,1,control,basal
395,0,2,1,control,basal
395,0,1,1,control,basal
395,0,2,1,control,basal
395,0,2,1,control,basal
395,0,1,1,control,basal
395,0,1,1,control,basal
395,0,1,1,control,basal
395,0,1,1,control,basal
395,0,2,1,control,basal
395,0,1,1,control,basal
395,0,2,1,control,basal
395,1,2,1,control,basal
395,1,2,1,control,basal
395,1,1,1,control,basal
395,1,2,1,control,basal
395,1,1,1,control,basal
395,1,2,1,control,basal
395,1,1,1,control,basal
395,1,2,1,control,basal
395,1,1,1,control,basal
395,1,1,1,control,basal
395,1,2,1,control,basal
395,1,1,1,control,basal
395,1,2,1,control,basal
395,1,1,1,control,basal
395,1,2,1,control,basal
395,1,1,1,control,basal
395,1,1,1,control,basal
395,1,2,1,control,basal
395,1,1,1,control,basal
395,1,1,1,control,basal
395,1,1,1,control,basal
395,1,1,1,control,basal
395,1,1,1,control,basal
395,1,1,1,control,basal
395,1,1,1,control,basal
395,1,2,1,control,basal
395,1,1,1,control,basal
395,1,1,1,control,basal
395,1,1,1,control,basal
395,1,1,1,control,basal
395,1,2,1,control,basal
395,1,1,1,control,basal
395,1,1,1,control,basal
395,1,1,1,control,basal
395,1,2,1,control,basal
395,1,1,1,control,basal
395,1,1,1,control,basal
395,1,1,1,control,basal
395,1,2,1,control,basal
395,1,1,1,control,basal
395,1,1,1,control,basal
395,1,1,1,control,basal
395,1,1,1,control,basal
395,1,1,1,control,basal
395,1,1,1,control,basal
395,1,2,1,control,basal
395,1,1,1,control,basal
395,1,1,1,control,basal
395,1,2,1,control,basal
395,1,1,1,control,basal
395,1,1,1,control,basal
395,1,2,1,control,basal
395,1,1,1,control,basal
395,2,1,1,control,basal
395,2,2,1,control,basal
395,2,1,1,control,basal
395,2,1,1,control,basal
395,2,2,1,control,basal
395,2,1,1,control,basal
395,2,2,1,control,basal
395,2,1,1,control,basal
395,2,1,1,control,basal
395,2,2,1,control,basal
395,2,1,1,control,basal
395,2,2,1,control,basal
395,2,1,1,control,basal
395,2,2,1,control,basal
395,2,2,1,control,basal
395,2,1,1,control,basal
395,2,1,1,control,basal
395,2,2,1,control,basal
395,2,1,1,control,basal
395,2,1,1,control,basal
395,2,2,1,control,basal
395,2,2,1,control,basal
395,2,1,1,control,basal
395,2,1,1,control,basal
395,2,1,1,control,basal
395,2,1,1,control,basal
395,2,2,1,control,basal
395,2,1,1,control,basal
395,2,1,1,control,basal
395,2,2,1,control,basal
395,2,1,1,control,basal
395,2,1,1,control,basal
395,2,1,1,control,basal
395,2,1,1,control,basal
395,2,1,1,control,basal
395,2,2,1,control,basal
395,2,2,1,control,basal
395,2,2,1,control,basal
395,2,2,1,control,basal
395,2,1,1,control,basal
395,2,1,1,control,basal
395,2,1,1,control,basal
395,2,2,1,control,basal
395,2,1,1,control,basal
395,2,1,1,control,basal
395,2,1,1,control,basal
395,2,1,1,control,basal
395,3,2,1,control,basal
395,3,1,1,control,basal
395,3,2,1,control,basal
395,3,2,1,control,basal
395,3,1,1,control,basal
395,3,1,1,control,basal
395,3,1,1,control,basal
395,3,1,1,control,basal
395,3,2,1,control,basal
395,3,1,1,control,basal
395,3,2,1,control,basal
395,3,1,1,control,basal
395,3,2,1,control,basal
395,3,1,1,control,basal
395,3,1,1,control,basal
395,3,1,1,control,basal
395,3,2,1,control,basal
395,3,2,1,control,basal
395,3,1,1,control,basal
395,3,2,1,control,basal
395,3,1,1,control,basal
395,3,1,1,control,basal
395,3,1,1,control,basal
395,3,2,1,control,basal
395,3,1,1,control,basal
395,3,2,1,control,basal
395,3,1,1,control,basal
395,3,2,1,control,basal
395,3,2,1,control,basal
395,3,2,1,control,basal
395,3,1,1,control,basal
395,3,2,1,control,basal
395,3,2,1,control,basal
395,4,1,1,control,basal
395,4,2,1,control,basal
395,4,1,1,control,basal
395,4,2,1,control,basal
395,4,1,1,control,basal
395,4,2,1,control,basal
395,4,1,1,control,basal
395,4,1,1,control,basal
395,4,2,1,control,basal
395,4,1,1,control,basal
395,4,2,1,control,basal
395,4,1,1,control,basal
395,4,1,1,control,basal
395,4,2,1,control,basal
395,4,2,1,control,basal
395,4,1,1,control,basal
395,4,1,1,control,basal
395,4,2,1,control,basal
395,4,1,1,control,basal
395,4,2,1,control,basal
395,4,1,1,control,basal
395,4,2,1,control,basal
395,4,1,1,control,basal
395,4,2,1,control,basal
395,4,1,1,control,basal
395,4,2,1,control,basal
395,4,1,1,control,basal
395,4,2,1,control,basal
395,4,1,1,control,basal
395,4,2,1,control,basal
395,4,2,1,control,basal
395,5,1,1,control,basal
395,5,2,1,control,basal
395,5,1,1,control,basal
395,5,2,1,control,basal
395,5,1,1,control,basal
395,5,2,1,control,basal
395,5,2,1,control,basal
395,5,1,1,control,basal
395,5,2,1,control,basal
395,5,1,1,control,basal
395,5,1,1,control,basal
395,5,2,1,control,basal
395,5,1,1,control,basal
395,5,2,1,control,basal
395,5,1,1,control,basal
395,5,2,1,control,basal
395,5,1,1,control,basal
395,5,2,1,control,basal
395,5,1,1,control,basal
395,5,1,1,control,basal
395,5,1,1,control,basal
395,5,2,1,control,basal
395,5,2,1,control,basal
395,5,2,1,control,basal
395,5,1,1,control,basal
395,5,2,1,control,basal
395,5,1,1,control,basal
395,5,2,1,control,basal
395,5,2,1,control,basal
395,5,1,1,control,basal
395,5,2,1,control,basal
395,5,2,1,control,basal
395,5,1,1,control,basal
395,5,2,1,control,basal
395,5,2,1,control,basal
395,5,2,1,control,basal
395,5,1,1,control,basal
395,5,2,1,control,basal
395,5,2,1,control,basal
395,5,2,1,control,basal
395,5,1,1,control,basal
395,5,2,1,control,basal
395,5,2,1,control,basal
395,6,2,1,control,basal
395,6,1,1,control,basal
395,6,2,1,control,basal
395,6,1,1,control,basal
395,6,2,1,control,basal
395,6,1,1,control,basal
395,6,2,1,control,basal
395,6,2,1,control,basal
395,6,1,1,control,basal
395,6,1,1,control,basal
395,6,2,1,control,basal
395,6,2,1,control,basal
395,6,1,1,control,basal
395,6,2,1,control,basal
395,6,1,1,control,basal
395,6,2,1,control,basal
395,6,2,1,control,basal
395,6,1,1,control,basal
395,6,1,1,control,basal
395,6,2,1,control,basal
395,6,1,1,control,basal
395,6,2,1,control,basal
395,6,2,1,control,basal
395,6,1,1,control,basal
395,6,2,1,control,basal
395,6,2,1,control,basal
395,6,1,1,control,basal
395,6,1,1,control,basal
395,6,2,1,control,basal
395,6,2,1,control,basal
395,6,1,1,control,basal
395,6,2,1,control,basal
395,6,1,1,control,basal
395,6,2,1,control,basal
395,6,1,1,control,basal
395,7,2,1,control,basal
395,7,1,1,control,basal
395,7,2,1,control,basal
395,7,1,1,control,basal
395,7,2,1,control,basal
395,7,1,1,control,basal
395,7,2,1,control,basal
395,7,1,1,control,basal
395,7,2,1,control,basal
395,7,1,1,control,basal
395,7,1,1,control,basal
395,7,2,1,control,basal
395,7,1,1,control,basal
395,7,2,1,control,basal
395,7,1,1,control,basal
395,7,2,1,control,basal
395,7,2,1,control,basal
395,7,1,1,control,basal
395,7,2,1,control,basal
395,7,1,1,control,basal
395,7,1,1,control,basal
395,7,2,1,control,basal
395,7,1,1,control,basal
395,7,2,1,control,basal
395,7,1,1,control,basal
395,7,2,1,control,basal
395,7,1,1,control,basal
395,7,1,1,control,basal
395,7,1,1,control,basal
395,7,2,1,control,basal
395,7,1,1,control,basal
395,7,2,1,control,basal
395,7,2,1,control,basal
395,7,1,1,control,basal
395,7,1,1,control,basal
395,7,2,1,control,basal
395,7,1,1,control,basal
395,7,2,1,control,basal
395,7,1,1,control,basal
395,7,1,1,control,basal
395,7,2,1,control,basal
395,8,2,1,control,basal
395,8,1,1,control,basal
395,8,2,1,control,basal
395,8,1,1,control,basal
395,8,2,1,control,basal
395,8,1,1,control,basal
395,8,1,1,control,basal
395,8,1,1,control,basal
395,8,2,1,control,basal
395,8,1,1,control,basal
395,8,1,1,control,basal
395,8,2,1,control,basal
395,8,1,1,control,basal
395,8,1,1,control,basal
395,8,1,1,control,basal
395,8,1,1,control,basal
395,8,1,1,control,basal
395,8,2,1,control,basal
395,8,1,1,control,basal
395,8,1,1,control,basal
395,8,2,1,control,basal
395,8,1,1,control,basal
395,8,1,1,control,basal
395,8,1,1,control,basal
395,8,2,1,control,basal
395,8,1,1,control,basal
395,8,1,1,control,basal
395,8,2,1,control,basal
395,8,1,1,control,basal
395,8,1,1,control,basal
395,8,1,1,control,basal
395,8,2,1,control,basal
395,8,1,1,control,basal
395,8,2,1,control,basal
395,8,1,1,control,basal
395,8,1,1,control,basal
395,8,2,1,control,basal
395,8,1,1,control,basal
395,8,2,1,control,basal
395,8,1,1,control,basal
395,9,1,1,control,basal
395,9,1,1,control,basal
395,9,1,1,control,basal
395,9,2,1,control,basal
395,9,1,1,control,basal
395,9,2,1,control,basal
395,9,1,1,control,basal
395,9,1,1,control,basal
395,9,2,1,control,basal
395,9,2,1,control,basal
395,9,1,1,control,basal
395,9,2,1,control,basal
395,9,2,1,control,basal
395,9,1,1,control,basal
395,9,1,1,control,basal
395,9,2,1,control,basal
395,9,2,1,control,basal
395,9,1,1,control,basal
395,9,2,1,control,basal
395,9,1,1,control,basal
395,9,2,1,control,basal
395,9,1,1,control,basal
395,9,2,1,control,basal
395,9,2,1,control,basal
395,9,1,1,control,basal
395,9,1,1,control,basal
395,9,2,1,control,basal
395,9,1,1,control,basal
395,9,2,1,control,basal
395,9,1,1,control,basal
395,9,2,1,control,basal
395,9,1,1,control,basal
395,9,1,1,control,basal
395,9,2,1,control,basal
395,9,1,1,control,basal
395,9,1,1,control,basal
395,9,2,1,control,basal
395,9,1,1,control,basal
395,9,2,1,control,basal
395,9,2,1,control,basal
395,9,1,1,control,basal
395,9,1,1,control,basal
395,9,1,1,control,basal
395,9,2,1,control,basal
395,9,2,1,control,basal
395,9,1,1,control,basal
395,9,2,1,control,basal
395,10,1,1,control,basal
395,10,1,1,control,basal
395,10,2,1,control,basal
395,10,1,1,control,basal
395,10,2,1,control,basal
395,10,1,1,control,basal
395,10,1,1,control,basal
395,10,2,1,control,basal
395,10,1,1,control,basal
395,10,1,1,control,basal
395,10,1,1,control,basal
395,10,1,1,control,basal
395,10,1,1,control,basal
395,10,2,1,control,basal
395,10,1,1,control,basal
395,10,1,1,control,basal
395,10,2,1,control,basal
395,10,2,1,control,basal
395,10,1,1,control,basal
395,10,1,1,control,basal
395,10,1,1,control,basal
395,10,2,1,control,basal
395,10,1,1,control,basal
395,10,1,1,control,basal
395,10,1,1,control,basal
395,10,2,1,control,basal
395,10,1,1,control,basal
395,10,2,1,control,basal
395,10,2,1,control,basal
395,10,1,1,control,basal
395,10,2,1,control,basal
395,10,1,1,control,basal
395,10,1,1,control,basal
395,10,2,1,control,basal
395,10,1,1,control,basal
395,10,1,1,control,basal
395,10,2,1,control,basal
395,11,1,1,control,basal
395,11,1,1,control,basal
395,11,2,1,control,basal
395,11,1,1,control,basal
395,11,2,1,control,basal
395,11,1,1,control,basal
395,11,2,1,control,basal
395,11,1,1,control,basal
395,11,1,1,control,basal
395,11,1,1,control,basal
395,11,1,1,control,basal
395,11,2,1,control,basal
395,11,1,1,control,basal
395,11,2,1,control,basal
395,11,1,1,control,basal
395,11,2,1,control,basal
395,11,1,1,control,basal
395,11,1,1,control,basal
395,11,2,1,control,basal
395,11,2,1,control,basal
395,11,1,1,control,basal
395,11,1,1,control,basal
395,11,1,1,control,basal
395,11,2,1,control,basal
395,11,1,1,control,basal
395,11,2,1,control,basal
395,11,1,1,control,basal
395,11,2,1,control,basal
395,11,1,1,control,basal
395,11,1,1,control,basal
395,11,2,1,control,basal
395,11,1,1,control,basal
395,11,2,1,control,basal
395,11,1,1,control,basal
395,11,1,1,control,basal
395,11,2,1,control,basal
395,11,1,1,control,basal
395,11,1,1,control,basal
395,11,2,1,control,basal
395,11,1,1,control,basal
395,11,1,1,control,basal
395,11,1,1,control,basal
395,11,1,1,control,basal
395,11,2,1,control,basal
395,11,1,1,control,basal
395,11,2,1,control,basal
395,11,1,1,control,basal
395,11,1,1,control,basal
395,12,2,1,control,experimental
395,12,1,1,control,experimental
395,12,1,1,control,experimental
395,12,1,1,control,experimental
395,12,1,1,control,experimental
395,12,1,1,control,experimental
395,12,1,1,control,experimental
395,12,1,1,control,experimental
395,12,1,1,control,experimental
395,12,1,1,control,experimental
395,12,1,1,control,experimental
395,12,2,1,control,experimental
395,12,1,1,control,experimental
395,12,1,1,control,experimental
395,12,1,1,control,experimental
395,12,1,1,control,experimental
395,12,1,1,control,experimental
395,12,2,1,control,experimental
395,12,1,1,control,experimental
395,12,1,1,control,experimental
395,12,1,1,control,experimental
395,12,1,1,control,experimental
395,12,1,1,control,experimental
395,12,1,1,control,experimental
395,12,1,1,control,experimental
395,12,2,1,control,experimental
395,12,1,1,control,experimental
395,12,1,1,control,experimental
395,12,1,1,control,experimental
395,12,1,1,control,experimental
395,12,2,1,control,experimental
395,12,1,1,control,experimental
395,12,1,1,control,experimental
395,12,1,1,control,experimental
395,12,2,1,control,experimental
395,12,1,1,control,experimental
395,12,1,1,control,experimental
395,12,1,1,control,experimental
395,12,1,1,control,experimental
395,12,1,1,control,experimental
395,13,2,1,control,experimental
395,13,1,1,control,experimental
395,13,1,1,control,experimental
395,13,1,1,control,experimental
395,13,1,1,control,experimental
395,13,2,1,control,experimental
395,13,2,1,control,experimental
395,13,1,1,control,experimental
395,13,1,1,control,experimental
395,13,2,1,control,experimental
395,13,1,1,control,experimental
395,13,1,1,control,experimental
395,13,2,1,control,experimental
395,13,1,1,control,experimental
395,13,2,1,control,experimental
395,13,1,1,control,experimental
395,13,2,1,control,experimental
395,13,2,1,control,experimental
395,13,1,1,control,experimental
395,13,1,1,control,experimental
395,13,2,1,control,experimental
395,13,1,1,control,experimental
395,13,1,1,control,experimental
395,13,1,1,control,experimental
395,13,1,1,control,experimental
395,13,1,1,control,experimental
395,13,1,1,control,experimental
395,13,2,1,control,experimental
395,13,1,1,control,experimental
395,13,1,1,control,experimental
395,13,1,1,control,experimental
395,13,1,1,control,experimental
395,13,1,1,control,experimental
395,13,2,1,control,experimental
395,13,1,1,control,experimental
395,13,2,1,control,experimental
395,13,1,1,control,experimental
395,13,1,1,control,experimental
395,13,2,1,control,experimental
395,13,2,1,control,experimental
395,13,1,1,control,experimental
395,13,1,1,control,experimental
395,13,2,1,control,experimental
395,13,1,1,control,experimental
395,13,1,1,control,experimental
395,13,2,1,control,experimental
395,13,1,1,control,experimental
395,13,1,1,control,experimental
395,13,1,1,control,experimental
395,14,1,1,control,experimental
395,14,2,1,control,experimental
395,14,1,1,control,experimental
395,14,1,1,control,experimental
395,14,1,1,control,experimental
395,14,2,1,control,experimental
395,14,1,1,control,experimental
395,14,2,1,control,experimental
395,14,1,1,control,experimental
395,14,1,1,control,experimental
395,14,2,1,control,experimental
395,14,2,1,control,experimental
395,14,1,1,control,experimental
395,14,2,1,control,experimental
395,14,1,1,control,experimental
395,14,2,1,control,experimental
395,14,1,1,control,experimental
395,14,2,1,control,experimental
395,14,2,1,control,experimental
395,14,1,1,control,experimental
395,14,1,1,control,experimental
395,14,1,1,control,experimental
395,14,2,1,control,experimental
395,14,1,1,control,experimental
395,14,1,1,control,experimental
395,14,1,1,control,experimental
395,14,1,1,control,experimental
395,14,2,1,control,experimental
395,14,1,1,control,experimental
395,14,1,1,control,experimental
395,14,1,1,control,experimental
395,14,1,1,control,experimental
395,14,1,1,control,experimental
395,14,2,1,control,experimental
395,14,1,1,control,experimental
395,14,2,1,control,experimental
395,14,1,1,control,experimental
395,14,1,1,control,experimental
395,14,2,1,control,experimental
395,14,1,1,control,experimental
395,14,2,1,control,experimental
395,14,1,1,control,experimental
395,14,1,1,control,experimental
395,15,1,1,control,experimental
395,15,1,1,control,experimental
395,15,1,1,control,experimental
395,15,2,1,control,experimental
395,15,1,1,control,experimental
395,15,1,1,control,experimental
395,15,1,1,control,experimental
395,15,2,1,control,experimental
395,15,2,1,control,experimental
395,15,1,1,control,experimental
395,15,2,1,control,experimental
395,15,1,1,control,experimental
395,15,1,1,control,experimental
395,15,2,1,control,experimental
395,15,2,1,control,experimental
395,15,1,1,control,experimental
395,15,1,1,control,experimental
395,15,2,1,control,experimental
395,15,2,1,control,experimental
395,15,1,1,control,experimental
395,15,2,1,control,experimental
395,15,1,1,control,experimental
395,15,1,1,control,experimental
395,15,1,1,control,experimental
395,15,1,1,control,experimental
395,15,1,1,control,experimental
395,15,1,1,control,experimental
395,15,1,1,control,experimental
395,15,2,1,control,experimental
395,15,1,1,control,experimental
395,15,1,1,control,experimental
395,15,1,1,control,experimental
395,15,1,1,control,experimental
395,15,2,1,control,experimental
395,15,1,1,control,experimental
395,15,2,1,control,experimental
395,15,1,1,control,experimental
395,15,1,1,control,experimental
395,15,2,1,control,experimental
395,15,1,1,control,experimental
395,15,1,1,control,experimental
395,15,1,1,control,experimental
395,16,1,1,control,experimental
395,16,1,1,control,experimental
395,16,1,1,control,experimental
395,16,2,1,control,experimental
395,16,1,1,control,experimental
395,16,2,1,control,experimental
395,16,2,1,control,experimental
395,16,1,1,control,experimental
395,16,1,1,control,experimental
395,16,1,1,control,experimental
395,16,2,1,control,experimental
395,16,1,1,control,experimental
395,16,1,1,control,experimental
395,16,2,1,control,experimental
395,16,1,1,control,experimental
395,16,1,1,control,experimental
395,16,1,1,control,experimental
395,16,1,1,control,experimental
395,16,2,1,control,experimental
395,16,1,1,control,experimental
395,16,1,1,control,experimental
395,16,1,1,control,experimental
395,16,2,1,control,experimental
395,16,2,1,control,experimental
395,16,1,1,control,experimental
395,16,1,1,control,experimental
395,16,1,1,control,experimental
395,16,1,1,control,experimental
395,16,2,1,control,experimental
395,16,1,1,control,experimental
395,16,1,1,control,experimental
395,16,1,1,control,experimental
395,16,1,1,control,experimental
395,16,1,1,control,experimental
395,16,2,1,control,experimental
395,16,1,1,control,experimental
395,16,1,1,control,experimental
395,16,1,1,control,experimental
395,16,2,1,control,experimental
395,16,1,1,control,experimental
395,16,1,1,control,experimental
395,16,1,1,control,experimental
395,16,2,1,control,experimental
395,16,1,1,control,experimental
395,17,1,1,control,experimental
395,17,2,1,control,experimental
395,17,1,1,control,experimental
395,17,2,1,control,experimental
395,17,1,1,control,experimental
395,17,2,1,control,experimental
395,17,1,1,control,experimental
395,17,1,1,control,experimental
395,17,1,1,control,experimental
395,17,1,1,control,experimental
395,17,2,1,control,experimental
395,17,1,1,control,experimental
395,17,2,1,control,experimental
395,17,1,1,control,experimental
395,17,1,1,control,experimental
395,17,1,1,control,experimental
395,17,1,1,control,experimental
395,17,1,1,control,experimental
395,17,2,1,control,experimental
395,17,1,1,control,experimental
395,17,2,1,control,experimental
395,17,1,1,control,experimental
395,17,1,1,control,experimental
395,17,2,1,control,experimental
395,17,1,1,control,experimental
395,17,1,1,control,experimental
395,17,2,1,control,experimental
395,17,1,1,control,experimental
395,17,2,1,control,experimental
395,17,1,1,control,experimental
395,17,1,1,control,experimental
395,17,1,1,control,experimental
395,17,1,1,control,experimental
395,17,2,1,control,experimental
395,17,1,1,control,experimental
395,17,1,1,control,experimental
395,17,2,1,control,experimental
395,17,1,1,control,experimental
395,17,1,1,control,experimental
395,17,1,1,control,experimental
395,17,1,1,control,experimental
395,17,1,1,control,experimental
395,17,1,1,control,experimental
395,17,2,1,control,experimental
395,17,2,1,control,experimental
395,17,1,1,control,experimental
395,17,1,1,control,experimental
395,18,1,1,control,experimental
395,18,2,1,control,experimental
395,18,1,1,control,experimental
395,18,1,1,control,experimental
395,18,2,1,control,experimental
395,18,1,1,control,experimental
395,18,2,1,control,experimental
395,18,1,1,control,experimental
395,18,1,1,control,experimental
395,18,1,1,control,experimental
395,18,1,1,control,experimental
395,18,2,1,control,experimental
395,18,1,1,control,experimental
395,18,1,1,control,experimental
395,18,2,1,control,experimental
395,18,1,1,control,experimental
395,18,2,1,control,experimental
395,18,1,1,control,experimental
395,18,2,1,control,experimental
395,18,1,1,control,experimental
395,18,2,1,control,experimental
395,18,1,1,control,experimental
395,18,1,1,control,experimental
395,18,1,1,control,experimental
395,18,2,1,control,experimental
395,18,2,1,control,experimental
395,18,1,1,control,experimental
395,18,1,1,control,experimental
395,18,1,1,control,experimental
395,18,1,1,control,experimental
395,18,1,1,control,experimental
395,18,2,1,control,experimental
395,18,1,1,control,experimental
395,18,2,1,control,experimental
395,18,1,1,control,experimental
395,18,1,1,control,experimental
395,18,1,1,control,experimental
395,18,2,1,control,experimental
395,18,1,1,control,experimental
395,18,2,1,control,experimental
395,18,1,1,control,experimental
395,18,1,1,control,experimental
395,18,2,1,control,experimental
395,18,1,1,control,experimental
395,18,1,1,control,experimental
395,18,2,1,control,experimental
395,18,1,1,control,experimental
395,18,1,1,control,experimental
395,19,1,1,control,experimental
395,19,2,1,control,experimental
395,19,1,1,control,experimental
395,19,2,1,control,experimental
395,19,1,1,control,experimental
395,19,2,1,control,experimental
395,19,1,1,control,experimental
395,19,2,1,control,experimental
395,19,1,1,control,experimental
395,19,2,1,control,experimental
395,19,1,1,control,experimental
395,19,2,1,control,experimental
395,19,1,1,control,experimental
395,19,2,1,control,experimental
395,19,1,1,control,experimental
395,19,1,1,control,experimental
395,19,1,1,control,experimental
395,19,1,1,control,experimental
395,19,2,1,control,experimental
395,19,1,1,control,experimental
395,19,1,1,control,experimental
395,19,1,1,control,experimental
395,19,1,1,control,experimental
395,19,1,1,control,experimental
395,19,2,1,control,experimental
395,19,2,1,control,experimental
395,19,1,1,control,experimental
395,19,2,1,control,experimental
395,19,1,1,control,experimental
395,19,1,1,control,experimental
395,19,2,1,control,experimental
395,19,1,1,control,experimental
395,19,1,1,control,experimental
395,19,1,1,control,experimental
395,19,2,1,control,experimental
395,19,2,1,control,experimental
395,19,1,1,control,experimental
395,19,1,1,control,experimental
395,19,1,1,control,experimental
395,19,2,1,control,experimental
395,19,1,1,control,experimental
395,19,1,1,control,experimental
395,19,2,1,control,experimental
395,19,1,1,control,experimental
395,19,1,1,control,experimental
395,19,2,1,control,experimental
395,19,1,1,control,experimental
395,19,2,1,control,experimental
395,19,1,1,control,experimental
395,20,1,1,control,experimental
395,20,1,1,control,experimental
395,20,2,1,control,experimental
395,20,2,1,control,experimental
395,20,1,1,control,experimental
395,20,1,1,control,experimental
395,20,1,1,control,experimental
395,20,1,1,control,experimental
395,20,2,1,control,experimental
395,20,1,1,control,experimental
395,20,1,1,control,experimental
395,20,1,1,control,experimental
395,20,2,1,control,experimental
395,20,1,1,control,experimental
395,20,2,1,control,experimental
395,20,2,1,control,experimental
395,20,1,1,control,experimental
395,20,1,1,control,experimental
395,20,2,1,control,experimental
395,20,1,1,control,experimental
395,20,2,1,control,experimental
395,20,1,1,control,experimental
395,20,1,1,control,experimental
395,20,2,1,control,experimental
395,20,2,1,control,experimental
395,20,2,1,control,experimental
395,20,1,1,control,experimental
395,20,2,1,control,experimental
395,20,1,1,control,experimental
395,20,1,1,control,experimental
395,20,2,1,control,experimental
395,20,1,1,control,experimental
395,20,2,1,control,experimental
395,20,2,1,control,experimental
395,20,1,1,control,experimental
395,20,2,1,control,experimental
395,20,1,1,control,experimental
395,20,2,1,control,experimental
395,20,1,1,control,experimental
395,20,2,1,control,experimental
395,20,1,1,control,experimental
395,20,1,1,control,experimental
395,20,2,1,control,experimental
395,20,2,1,control,experimental
395,20,2,1,control,experimental
395,20,2,1,control,experimental
395,20,1,1,control,experimental
395,20,2,1,control,experimental
395,20,1,1,control,experimental
395,20,1,1,control,experimental
395,20,2,1,control,experimental
395,20,1,1,control,experimental
395,20,1,1,control,experimental
395,20,2,1,control,experimental
395,20,1,1,control,experimental
395,20,2,1,control,experimental
395,20,1,1,control,experimental
395,20,2,1,control,experimental
395,20,1,1,control,experimental
395,20,2,1,control,experimental
395,21,2,1,control,experimental
395,21,1,1,control,experimental
395,21,2,1,control,experimental
395,21,1,1,control,experimental
395,21,1,1,control,experimental
395,21,1,1,control,experimental
395,21,1,1,control,experimental
395,21,2,1,control,experimental
395,21,1,1,control,experimental
395,21,2,1,control,experimental
395,21,1,1,control,experimental
395,21,1,1,control,experimental
395,21,2,1,control,experimental
395,21,2,1,control,experimental
395,21,1,1,control,experimental
395,21,1,1,control,experimental
395,21,2,1,control,experimental
395,21,1,1,control,experimental
395,21,2,1,control,experimental
395,21,2,1,control,experimental
395,21,1,1,control,experimental
395,21,1,1,control,experimental
395,21,2,1,control,experimental
395,21,1,1,control,experimental
395,21,2,1,control,experimental
395,21,2,1,control,experimental
395,21,1,1,control,experimental
395,21,1,1,control,experimental
395,21,2,1,control,experimental
395,21,1,1,control,experimental
395,21,2,1,control,experimental
395,21,1,1,control,experimental
395,21,2,1,control,experimental
395,21,1,1,control,experimental
395,21,1,1,control,experimental
395,21,2,1,control,experimental
395,21,1,1,control,experimental
395,21,1,1,control,experimental
395,21,2,1,control,experimental
395,21,1,1,control,experimental
395,21,1,1,control,experimental
395,21,2,1,control,experimental
395,21,2,1,control,experimental
395,21,1,1,control,experimental
395,21,1,1,control,experimental
395,21,2,1,control,experimental
395,21,1,1,control,experimental
395,21,2,1,control,experimental
395,22,2,1,control,experimental
395,22,1,1,control,experimental
395,22,2,1,control,experimental
395,22,2,1,control,experimental
395,22,2,1,control,experimental
395,22,1,1,control,experimental
395,22,1,1,control,experimental
395,22,2,1,control,experimental
395,22,1,1,control,experimental
395,22,1,1,control,experimental
395,22,2,1,control,experimental
395,22,2,1,control,experimental
395,22,1,1,control,experimental
395,22,2,1,control,experimental
395,22,1,1,control,experimental
395,22,1,1,control,experimental
395,22,2,1,control,experimental
395,22,1,1,control,experimental
395,22,2,1,control,experimental
395,22,1,1,control,experimental
395,22,2,1,control,experimental
395,22,2,1,control,experimental
395,22,1,1,control,experimental
395,22,1,1,control,experimental
395,22,1,1,control,experimental
395,22,2,1,control,experimental
395,22,1,1,control,experimental
395,22,1,1,control,experimental
395,22,1,1,control,experimental
395,22,2,1,control,experimental
395,22,1,1,control,experimental
395,22,2,1,control,experimental
395,22,1,1,control,experimental
395,22,1,1,control,experimental
395,22,1,1,control,experimental
395,22,1,1,control,experimental
395,22,1,1,control,experimental
395,22,1,1,control,experimental
395,22,2,1,control,experimental
395,22,2,1,control,experimental
395,22,1,1,control,experimental
395,22,2,1,control,experimental
395,22,1,1,control,experimental
395,22,2,1,control,experimental
395,22,2,1,control,experimental
395,22,1,1,control,experimental
395,22,2,1,control,experimental
395,22,2,1,control,experimental
395,22,1,1,control,experimental
395,22,1,1,control,experimental
395,22,2,1,control,experimental
395,22,2,1,control,experimental
395,22,1,1,control,experimental
395,23,1,1,control,experimental
395,23,2,1,control,experimental
395,23,1,1,control,experimental
395,23,2,1,control,experimental
395,23,1,1,control,experimental
395,23,2,1,control,experimental
395,23,1,1,control,experimental
395,23,2,1,control,experimental
395,23,2,1,control,experimental
395,23,1,1,control,experimental
395,23,2,1,control,experimental
395,23,1,1,control,experimental
395,23,2,1,control,experimental
395,23,1,1,control,experimental
395,23,1,1,control,experimental
395,23,1,1,control,experimental
395,23,2,1,control,experimental
395,23,1,1,control,experimental
395,23,2,1,control,experimental
395,23,1,1,control,experimental
395,23,2,1,control,experimental
395,23,1,1,control,experimental
395,23,1,1,control,experimental
395,23,1,1,control,experimental
395,23,2,1,control,experimental
395,23,1,1,control,experimental
395,23,1,1,control,experimental
395,23,2,1,control,experimental
395,23,1,1,control,experimental
395,23,1,1,control,experimental
395,23,2,1,control,experimental
395,23,1,1,control,experimental
395,23,2,1,control,experimental
395,23,1,1,control,experimental
395,23,1,1,control,experimental
395,23,1,1,control,experimental
395,23,2,1,control,experimental
395,23,2,1,control,experimental
395,23,1,1,control,experimental
395,23,1,1,control,experimental
395,23,1,1,control,experimental
395,23,2,1,control,experimental
395,23,1,1,control,experimental
395,23,2,1,control,experimental
395,23,1,1,control,experimental
395,24,1,1,control,experimental
395,24,2,1,control,experimental
395,24,1,1,control,experimental
395,24,2,1,control,experimental
395,24,2,1,control,experimental
395,24,2,1,control,experimental
395,24,1,1,control,experimental
395,24,2,1,control,experimental
395,24,1,1,control,experimental
395,24,1,1,control,experimental
395,24,2,1,control,experimental
395,24,1,1,control,experimental
395,24,2,1,control,experimental
395,24,1,1,control,experimental
395,24,1,1,control,experimental
395,24,2,1,control,experimental
395,24,1,1,control,experimental
395,24,2,1,control,experimental
395,24,1,1,control,experimental
395,24,2,1,control,experimental
395,24,1,1,control,experimental
395,24,1,1,control,experimental
395,24,2,1,control,experimental
395,24,2,1,control,experimental
395,24,2,1,control,experimental
395,24,1,1,control,experimental
395,24,1,1,control,experimental
395,24,2,1,control,experimental
395,24,1,1,control,experimental
395,24,1,1,control,experimental
395,24,2,1,control,experimental
395,24,2,1,control,experimental
395,24,1,1,control,experimental
395,24,1,1,control,experimental
395,24,1,1,control,experimental
395,24,1,1,control,experimental
395,24,1,1,control,experimental
395,24,2,1,control,experimental
395,24,2,1,control,experimental
395,24,1,1,control,experimental
395,24,1,1,control,experimental
395,24,2,1,control,experimental
395,24,2,1,control,experimental
395,24,2,1,control,experimental
395,24,1,1,control,experimental
395,24,2,1,control,experimental
395,24,1,1,control,experimental
395,24,1,1,control,experimental
395,24,1,1,control,experimental
395,24,2,1,control,experimental
395,24,1,1,control,experimental
395,24,2,1,control,experimental
395,26,2,1,control,experimental
395,26,1,1,control,experimental
395,26,2,1,control,experimental
395,26,1,1,control,experimental
395,26,1,1,control,experimental
395,26,2,1,control,experimental
395,26,1,1,control,experimental
395,26,1,1,control,experimental
395,26,2,1,control,experimental
395,26,1,1,control,experimental
395,26,2,1,control,experimental
395,26,1,1,control,experimental
395,26,1,1,control,experimental
395,26,1,1,control,experimental
395,26,2,1,control,experimental
395,26,1,1,control,experimental
395,26,1,1,control,experimental
395,26,2,1,control,experimental
395,26,1,1,control,experimental
395,26,2,1,control,experimental
395,26,1,1,control,experimental
395,26,2,1,control,experimental
395,26,2,1,control,experimental
395,26,1,1,control,experimental
395,26,1,1,control,experimental
395,26,2,1,control,experimental
395,26,1,1,control,experimental
395,26,2,1,control,experimental
395,26,1,1,control,experimental
395,26,1,1,control,experimental
395,26,2,1,control,experimental
395,26,1,1,control,experimental
395,26,2,1,control,experimental
395,26,2,1,control,experimental
395,26,1,1,control,experimental
395,26,1,1,control,experimental
395,26,2,1,control,experimental
395,26,2,1,control,experimental
395,26,1,1,control,experimental
395,26,2,1,control,experimental
395,26,1,1,control,experimental
395,26,1,1,control,experimental
395,26,2,1,control,experimental
395,26,1,1,control,experimental
395,26,2,1,control,experimental
395,26,1,1,control,experimental
395,26,1,1,control,experimental
395,26,2,1,control,experimental
395,26,2,1,control,experimental
395,26,1,1,control,experimental
395,26,2,1,control,experimental
395,27,2,1,control,experimental
395,27,1,1,control,experimental
395,27,1,1,control,experimental
395,27,2,1,control,experimental
395,27,1,1,control,experimental
395,27,2,1,control,experimental
395,27,1,1,control,experimental
395,27,2,1,control,experimental
395,27,1,1,control,experimental
395,27,2,1,control,experimental
395,27,1,1,control,experimental
395,27,1,1,control,experimental
395,27,1,1,control,experimental
395,27,1,1,control,experimental
395,27,2,1,control,experimental
395,27,1,1,control,experimental
395,27,1,1,control,experimental
395,27,2,1,control,experimental
395,27,2,1,control,experimental
395,27,1,1,control,experimental
395,27,1,1,control,experimental
395,27,2,1,control,experimental
395,27,2,1,control,experimental
395,27,1,1,control,experimental
395,27,1,1,control,experimental
395,27,2,1,control,experimental
395,27,1,1,control,experimental
395,27,2,1,control,experimental
395,27,1,1,control,experimental
395,27,1,1,control,experimental
395,27,2,1,control,experimental
395,27,1,1,control,experimental
395,27,2,1,control,experimental
395,27,1,1,control,experimental
395,27,1,1,control,experimental
395,27,1,1,control,experimental
395,27,1,1,control,experimental
395,27,2,1,control,experimental
395,27,1,1,control,experimental
395,27,2,1,control,experimental
395,27,1,1,control,experimental
396,0,1,1,control,basal
396,0,2,1,control,basal
396,0,1,1,control,basal
396,0,2,1,control,basal
396,0,1,1,control,basal
396,0,1,1,control,basal
396,0,2,1,control,basal
396,0,1,1,control,basal
396,0,1,1,control,basal
396,0,2,1,control,basal
396,0,1,1,control,basal
396,0,1,1,control,basal
396,0,2,1,control,basal
396,0,2,1,control,basal
396,0,1,1,control,basal
396,0,2,1,control,basal
396,0,1,1,control,basal
396,0,1,1,control,basal
396,0,2,1,control,basal
396,0,1,1,control,basal
396,0,1,1,control,basal
396,0,2,1,control,basal
396,0,1,1,control,basal
396,0,2,1,control,basal
396,0,1,1,control,basal
396,0,1,1,control,basal
396,0,1,1,control,basal
396,0,2,1,control,basal
396,0,1,1,control,basal
396,0,1,1,control,basal
396,0,1,1,control,basal
396,0,1,1,control,basal
396,0,2,1,control,basal
396,0,2,1,control,basal
396,0,1,1,control,basal
396,0,1,1,control,basal
396,0,1,1,control,basal
396,0,1,1,control,basal
396,0,2,1,control,basal
396,0,1,1,control,basal
396,0,1,1,control,basal
396,0,1,1,control,basal
396,0,2,1,control,basal
396,0,1,1,control,basal
396,0,1,1,control,basal
396,0,1,1,control,basal
396,0,1,1,control,basal
396,0,2,1,control,basal
396,0,1,1,control,basal
396,0,1,1,control,basal
396,0,1,1,control,basal
396,0,2,1,control,basal
396,0,1,1,control,basal
396,0,1,1,control,basal
396,0,1,1,control,basal
396,0,1,1,control,basal
396,0,2,1,control,basal
396,0,1,1,control,basal
396,0,1,1,control,basal
396,0,1,1,control,basal
396,0,2,1,control,basal
396,0,1,1,control,basal
396,0,2,1,control,basal
396,0,1,1,control,basal
396,0,1,1,control,basal
396,0,1,1,control,basal
396,0,2,1,control,basal
396,0,1,1,control,basal
396,1,2,1,control,basal
396,1,2,1,control,basal
396,1,1,1,control,basal
396,1,2,1,control,basal
396,1,1,1,control,basal
396,1,2,1,control,basal
396,1,1,1,control,basal
396,1,1,1,control,basal
396,1,2,1,control,basal
396,1,1,1,control,basal
396,1,2,1,control,basal
396,1,1,1,control,basal
396,1,2,1,control,basal
396,1,1,1,control,basal
396,1,1,1,control,basal
396,1,2,1,control,basal
396,1,1,1,control,basal
396,1,2,1,control,basal
396,1,2,1,control,basal
396,1,1,1,control,basal
396,1,2,1,control,basal
396,1,2,1,control,basal
396,1,1,1,control,basal
396,1,1,1,control,basal
396,1,2,1,control,basal
396,1,1,1,control,basal
396,1,2,1,control,basal
396,1,1,1,control,basal
396,1,1,1,control,basal
396,1,2,1,control,basal
396,1,1,1,control,basal
396,1,2,1,control,basal
396,1,1,1,control,basal
396,1,2,1,control,basal
396,1,1,1,control,basal
396,1,2,1,control,basal
396,1,1,1,control,basal
396,1,1,1,control,basal
396,1,1,1,control,basal
396,1,2,1,control,basal
396,1,1,1,control,basal
396,1,1,1,control,basal
396,1,1,1,control,basal
396,1,1,1,control,basal
396,1,2,1,control,basal
396,1,1,1,control,basal
396,1,1,1,control,basal
396,1,1,1,control,basal
396,1,2,1,control,basal
396,1,2,1,control,basal
396,1,1,1,control,basal
396,1,1,1,control,basal
396,1,1,1,control,basal
396,1,1,1,control,basal
396,1,1,1,control,basal
396,1,1,1,control,basal
396,1,1,1,control,basal
396,1,2,1,control,basal
396,1,1,1,control,basal
396,1,1,1,control,basal
396,1,1,1,control,basal
396,1,1,1,control,basal
396,1,1,1,control,basal
396,1,2,1,control,basal
396,1,1,1,control,basal
396,1,2,1,control,basal
396,2,1,1,control,basal
396,2,1,1,control,basal
396,2,2,1,control,basal
396,2,1,1,control,basal
396,2,1,1,control,basal
396,2,2,1,control,basal
396,2,1,1,control,basal
396,2,1,1,control,basal
396,2,1,1,control,basal
396,2,2,1,control,basal
396,2,1,1,control,basal
396,2,1,1,control,basal
396,2,1,1,control,basal
396,2,1,1,control,basal
396,2,2,1,control,basal
396,2,1,1,control,basal
396,2,1,1,control,basal
396,2,1,1,control,basal
396,2,2,1,control,basal
396,2,1,1,control,basal
396,2,1,1,control,basal
396,2,1,1,control,basal
396,2,1,1,control,basal
396,2,1,1,control,basal
396,2,2,1,control,basal
396,2,1,1,control,basal
396,2,1,1,control,basal
396,2,2,1,control,basal
396,2,1,1,control,basal
396,2,1,1,control,basal
396,2,2,1,control,basal
396,2,1,1,control,basal
396,2,1,1,control,basal
396,2,1,1,control,basal
396,2,1,1,control,basal
396,2,1,1,control,basal
396,2,1,1,control,basal
396,2,2,1,control,basal
396,2,1,1,control,basal
396,2,1,1,control,basal
396,2,1,1,control,basal
396,2,1,1,control,basal
396,2,2,1,control,basal
396,2,1,1,control,basal
396,2,1,1,control,basal
396,2,1,1,control,basal
396,2,1,1,control,basal
396,2,1,1,control,basal
396,2,1,1,control,basal
396,2,1,1,control,basal
396,2,1,1,control,basal
396,2,1,1,control,basal
396,2,2,1,control,basal
396,2,1,1,control,basal
396,2,1,1,control,basal
396,2,1,1,control,basal
396,2,1,1,control,basal
396,2,1,1,control,basal
396,2,1,1,control,basal
396,2,1,1,control,basal
396,2,1,1,control,basal
396,2,1,1,control,basal
396,3,1,1,control,basal
396,3,2,1,control,basal
396,3,1,1,control,basal
396,3,2,1,control,basal
396,3,1,1,control,basal
396,3,1,1,control,basal
396,3,2,1,control,basal
396,3,1,1,control,basal
396,3,1,1,control,basal
396,3,1,1,control,basal
396,3,1,1,control,basal
396,3,1,1,control,basal
396,3,2,1,control,basal
396,3,1,1,control,basal
396,3,2,1,control,basal
396,3,1,1,control,basal
396,3,1,1,control,basal
396,3,2,1,control,basal
396,3,1,1,control,basal
396,3,1,1,control,basal
396,3,2,1,control,basal
396,3,1,1,control,basal
396,3,1,1,control,basal
396,3,1,1,control,basal
396,3,1,1,control,basal
396,3,1,1,control,basal
396,3,1,1,control,basal
396,3,2,1,control,basal
396,3,1,1,control,basal
396,3,1,1,control,basal
396,3,1,1,control,basal
396,3,1,1,control,basal
396,3,1,1,control,basal
396,3,1,1,control,basal
396,3,1,1,control,basal
396,3,1,1,control,basal
396,3,1,1,control,basal
396,3,1,1,control,basal
396,3,1,1,control,basal
396,4,1,1,control,basal
396,4,2,1,control,basal
396,4,1,1,control,basal
396,4,2,1,control,basal
396,4,1,1,control,basal
396,4,2,1,control,basal
396,4,1,1,control,basal
396,4,1,1,control,basal
396,4,1,1,control,basal
396,4,1,1,control,basal
396,4,2,1,control,basal
396,4,1,1,control,basal
396,4,2,1,control,basal
396,4,2,1,control,basal
396,4,1,1,control,basal
396,4,1,1,control,basal
396,4,1,1,control,basal
396,4,2,1,control,basal
396,4,2,1,control,basal
396,4,1,1,control,basal
396,4,1,1,control,basal
396,4,1,1,control,basal
396,4,2,1,control,basal
396,4,2,1,control,basal
396,4,1,1,control,basal
396,4,1,1,control,basal
396,4,2,1,control,basal
396,4,1,1,control,basal
396,4,1,1,control,basal
396,4,1,1,control,basal
396,4,1,1,control,basal
396,4,2,1,control,basal
396,4,1,1,control,basal
396,4,1,1,control,basal
396,4,1,1,control,basal
396,4,1,1,control,basal
396,4,1,1,control,basal
396,4,1,1,control,basal
396,4,1,1,control,basal
396,4,1,1,control,basal
396,4,1,1,control,basal
396,4,1,1,control,basal
396,4,1,1,control,basal
396,4,1,1,control,basal
396,4,1,1,control,basal
396,4,1,1,control,basal
396,4,1,1,control,basal
396,5,2,1,control,basal
396,5,1,1,control,basal
396,5,2,1,control,basal
396,5,1,1,control,basal
396,5,1,1,control,basal
396,5,2,1,control,basal
396,5,1,1,control,basal
396,5,2,1,control,basal
396,5,1,1,control,basal
396,5,1,1,control,basal
396,5,2,1,control,basal
396,5,2,1,control,basal
396,5,1,1,control,basal
396,5,2,1,control,basal
396,5,1,1,control,basal
396,5,2,1,control,basal
396,5,2,1,control,basal
396,5,1,1,control,basal
396,5,1,1,control,basal
396,5,2,1,control,basal
396,5,1,1,control,basal
396,5,1,1,control,basal
396,5,2,1,control,basal
396,5,1,1,control,basal
396,5,1,1,control,basal
396,5,2,1,control,basal
396,5,1,1,control,basal
396,5,2,1,control,basal
396,5,1,1,control,basal
396,5,2,1,control,basal
396,5,1,1,control,basal
396,5,1,1,control,basal
396,5,1,1,control,basal
396,5,1,1,control,basal
396,5,2,1,control,basal
396,5,1,1,control,basal
396,5,1,1,control,basal
396,5,2,1,control,basal
396,5,1,1,control,basal
396,5,1,1,control,basal
396,5,1,1,control,basal
396,5,1,1,control,basal
396,5,1,1,control,basal
396,5,1,1,control,basal
396,5,1,1,control,basal
396,5,1,1,control,basal
396,5,1,1,control,basal
396,5,2,1,control,basal
396,5,1,1,control,basal
396,5,1,1,control,basal
396,6,1,1,control,basal
396,6,1,1,control,basal
396,6,2,1,control,basal
396,6,1,1,control,basal
396,6,1,1,control,basal
396,6,2,1,control,basal
396,6,1,1,control,basal
396,6,1,1,control,basal
396,6,1,1,control,basal
396,6,2,1,control,basal
396,6,2,1,control,basal
396,6,1,1,control,basal
396,6,1,1,control,basal
396,6,1,1,control,basal
396,6,1,1,control,basal
396,6,1,1,control,basal
396,6,2,1,control,basal
396,6,1,1,control,basal
396,6,2,1,control,basal
396,6,1,1,control,basal
396,6,1,1,control,basal
396,6,1,1,control,basal
396,6,1,1,control,basal
396,6,2,1,control,basal
396,6,1,1,control,basal
396,6,1,1,control,basal
396,6,1,1,control,basal
396,6,1,1,control,basal
396,6,1,1,control,basal
396,6,1,1,control,basal
396,6,1,1,control,basal
396,6,2,1,control,basal
396,6,1,1,control,basal
396,6,1,1,control,basal
396,6,1,1,control,basal
396,6,1,1,control,basal
396,6,1,1,control,basal
396,6,1,1,control,basal
396,6,1,1,control,basal
396,6,1,1,control,basal
396,7,2,1,control,basal
396,7,1,1,control,basal
396,7,2,1,control,basal
396,7,2,1,control,basal
396,7,2,1,control,basal
396,7,1,1,control,basal
396,7,1,1,control,basal
396,7,2,1,control,basal
396,7,1,1,control,basal
396,7,1,1,control,basal
396,7,2,1,control,basal
396,7,1,1,control,basal
396,7,1,1,control,basal
396,7,1,1,control,basal
396,7,1,1,control,basal
396,7,1,1,control,basal
396,7,1,1,control,basal
396,7,2,1,control,basal
396,7,1,1,control,basal
396,7,1,1,control,basal
396,7,1,1,control,basal
396,7,1,1,control,basal
396,7,1,1,control,basal
396,7,1,1,control,basal
396,7,1,1,control,basal
396,7,1,1,control,basal
396,7,2,1,control,basal
396,7,1,1,control,basal
396,7,1,1,control,basal
396,7,1,1,control,basal
396,7,2,1,control,basal
396,7,1,1,control,basal
396,7,1,1,control,basal
396,7,1,1,control,basal
396,7,1,1,control,basal
396,7,1,1,control,basal
396,7,1,1,control,basal
396,7,2,1,control,basal
396,7,1,1,control,basal
396,7,1,1,control,basal
396,7,1,1,control,basal
396,7,1,1,control,basal
396,8,2,1,control,basal
396,8,2,1,control,basal
396,8,1,1,control,basal
396,8,2,1,control,basal
396,8,1,1,control,basal
396,8,2,1,control,basal
396,8,1,1,control,basal
396,8,1,1,control,basal
396,8,1,1,control,basal
396,8,2,1,control,basal
396,8,1,1,control,basal
396,8,1,1,control,basal
396,8,2,1,control,basal
396,8,1,1,control,basal
396,8,1,1,control,basal
396,8,1,1,control,basal
396,8,1,1,control,basal
396,8,1,1,control,basal
396,8,1,1,control,basal
396,8,1,1,control,basal
396,8,1,1,control,basal
396,8,1,1,control,basal
396,8,1,1,control,basal
396,8,1,1,control,basal
396,8,2,1,control,basal
396,8,1,1,control,basal
396,8,1,1,control,basal
396,8,1,1,control,basal
396,8,1,1,control,basal
396,8,1,1,control,basal
396,8,1,1,control,basal
396,8,1,1,control,basal
396,8,1,1,control,basal
396,8,1,1,control,basal
396,8,1,1,control,basal
396,8,1,1,control,basal
396,8,1,1,control,basal
396,8,2,1,control,basal
396,8,1,1,control,basal
396,8,2,1,control,basal
396,8,2,1,control,basal
396,8,2,1,control,basal
396,8,1,1,control,basal
396,8,1,1,control,basal
396,8,1,1,control,basal
396,9,2,1,control,basal
396,9,1,1,control,basal
396,9,2,1,control,basal
396,9,1,1,control,basal
396,9,1,1,control,basal
396,9,2,1,control,basal
396,9,2,1,control,basal
396,9,1,1,control,basal
396,9,2,1,control,basal
396,9,1,1,control,basal
396,9,2,1,control,basal
396,9,1,1,control,basal
396,9,1,1,control,basal
396,9,1,1,control,basal
396,9,1,1,control,basal
396,9,1,1,control,basal
396,9,1,1,control,basal
396,9,1,1,control,basal
396,9,2,1,control,basal
396,9,1,1,control,basal
396,9,1,1,control,basal
396,9,1,1,control,basal
396,9,2,1,control,basal
396,9,1,1,control,basal
396,9,1,1,control,basal
396,9,1,1,control,basal
396,9,2,1,control,basal
396,9,1,1,control,basal
396,9,1,1,control,basal
396,9,1,1,control,basal
396,9,1,1,control,basal
396,9,1,1,control,basal
396,9,1,1,control,basal
396,9,2,1,control,basal
396,9,1,1,control,basal
396,9,1,1,control,basal
396,9,2,1,control,basal
396,9,1,1,control,basal
396,9,1,1,control,basal
396,9,1,1,control,basal
396,9,1,1,control,basal
396,9,1,1,control,basal
396,9,1,1,control,basal
396,9,1,1,control,basal
396,9,1,1,control,basal
396,9,1,1,control,basal
396,9,1,1,control,basal
396,9,1,1,control,basal
396,9,2,1,control,basal
396,9,1,1,control,basal
396,9,1,1,control,basal
396,10,2,1,control,basal
396,10,1,1,control,basal
396,10,1,1,control,basal
396,10,2,1,control,basal
396,10,1,1,control,basal
396,10,1,1,control,basal
396,10,2,1,control,basal
396,10,1,1,control,basal
396,10,2,1,control,basal
396,10,1,1,control,basal
396,10,1,1,control,basal
396,10,1,1,control,basal
396,10,1,1,control,basal
396,10,2,1,control,basal
396,10,2,1,control,basal
396,10,1,1,control,basal
396,10,1,1,control,basal
396,10,1,1,control,basal
396,10,1,1,control,basal
396,10,1,1,control,basal
396,10,1,1,control,basal
396,10,1,1,control,basal
396,10,1,1,control,basal
396,10,1,1,control,basal
396,10,2,1,control,basal
396,10,1,1,control,basal
396,10,1,1,control,basal
396,10,1,1,control,basal
396,11,2,1,control,basal
396,11,1,1,control,basal
396,11,2,1,control,basal
396,11,1,1,control,basal
396,11,1,1,control,basal
396,11,1,1,control,basal
396,11,2,1,control,basal
396,11,1,1,control,basal
396,11,1,1,control,basal
396,11,1,1,control,basal
396,11,2,1,control,basal
396,11,2,1,control,basal
396,11,1,1,control,basal
396,11,2,1,control,basal
396,11,2,1,control,basal
396,11,1,1,control,basal
396,11,1,1,control,basal
396,11,1,1,control,basal
396,11,1,1,control,basal
396,11,1,1,control,basal
396,11,2,1,control,basal
396,11,1,1,control,basal
396,11,2,1,control,basal
396,11,1,1,control,basal
396,11,1,1,control,basal
396,11,2,1,control,basal
396,11,1,1,control,basal
396,11,1,1,control,basal
396,11,1,1,control,basal
396,11,1,1,control,basal
396,11,1,1,control,basal
396,11,1,1,control,basal
396,11,1,1,control,basal
396,11,2,1,control,basal
396,11,1,1,control,basal
396,11,1,1,control,basal
396,11,1,1,control,basal
396,11,1,1,control,basal
396,11,1,1,control,basal
396,11,1,1,control,basal
396,11,1,1,control,basal
396,11,1,1,control,basal
396,11,1,1,control,basal
396,11,1,1,control,basal
396,11,1,1,control,basal
396,11,1,1,control,basal
396,11,1,1,control,basal
396,11,1,1,control,basal
396,12,2,1,control,experimental
396,12,1,1,control,experimental
396,12,2,1,control,experimental
396,12,1,1,control,experimental
396,12,1,1,control,experimental
396,12,1,1,control,experimental
396,12,2,1,control,experimental
396,12,2,1,control,experimental
396,12,1,1,control,experimental
396,12,1,1,control,experimental
396,12,1,1,control,experimental
396,12,1,1,control,experimental
396,12,1,1,control,experimental
396,12,2,1,control,experimental
396,12,1,1,control,experimental
396,12,2,1,control,experimental
396,12,1,1,control,experimental
396,12,2,1,control,experimental
396,12,1,1,control,experimental
396,12,1,1,control,experimental
396,12,1,1,control,experimental
396,12,2,1,control,experimental
396,12,1,1,control,experimental
396,12,1,1,control,experimental
396,12,2,1,control,experimental
396,12,1,1,control,experimental
396,12,1,1,control,experimental
396,12,1,1,control,experimental
396,12,1,1,control,experimental
396,12,1,1,control,experimental
396,12,1,1,control,experimental
396,12,1,1,control,experimental
396,12,1,1,control,experimental
396,12,1,1,control,experimental
396,12,1,1,control,experimental
396,12,1,1,control,experimental
396,12,1,1,control,experimental
396,12,1,1,control,experimental
396,12,1,1,control,experimental
396,12,1,1,control,experimental
396,12,1,1,control,experimental
396,12,1,1,control,experimental
396,12,1,1,control,experimental
396,13,2,1,control,experimental
396,13,1,1,control,experimental
396,13,1,1,control,experimental
396,13,2,1,control,experimental
396,13,2,1,control,experimental
396,13,1,1,control,experimental
396,13,2,1,control,experimental
396,13,1,1,control,experimental
396,13,2,1,control,experimental
396,13,2,1,control,experimental
396,13,2,1,control,experimental
396,13,1,1,control,experimental
396,13,2,1,control,experimental
396,13,1,1,control,experimental
396,13,2,1,control,experimental
396,13,2,1,control,experimental
396,13,1,1,control,experimental
396,13,1,1,control,experimental
396,13,2,1,control,experimental
396,13,2,1,control,experimental
396,13,1,1,control,experimental
396,13,2,1,control,experimental
396,13,1,1,control,experimental
396,13,1,1,control,experimental
396,13,2,1,control,experimental
396,13,1,1,control,experimental
396,13,1,1,control,experimental
396,13,1,1,control,experimental
396,13,1,1,control,experimental
396,13,2,1,control,experimental
396,13,1,1,control,experimental
396,13,1,1,control,experimental
396,13,1,1,control,experimental
396,13,1,1,control,experimental
396,13,1,1,control,experimental
396,13,2,1,control,experimental
396,13,1,1,control,experimental
396,13,1,1,control,experimental
396,13,1,1,control,experimental
396,13,2,1,control,experimental
396,13,1,1,control,experimental
396,13,1,1,control,experimental
396,13,1,1,control,experimental
396,13,1,1,control,experimental
396,13,2,1,control,experimental
396,13,1,1,control,experimental
396,13,2,1,control,experimental
396,13,1,1,control,experimental
396,13,1,1,control,experimental
396,13,1,1,control,experimental
396,13,1,1,control,experimental
396,13,1,1,control,experimental
396,13,1,1,control,experimental
396,13,1,1,control,experimental
396,13,1,1,control,experimental
396,13,1,1,control,experimental
396,13,1,1,control,experimental
396,13,1,1,control,experimental
396,13,2,1,control,experimental
396,13,2,1,control,experimental
396,13,1,1,control,experimental
396,13,1,1,control,experimental
396,13,1,1,control,experimental
396,13,1,1,control,experimental
396,13,1,1,control,experimental
396,14,2,1,control,experimental
396,14,1,1,control,experimental
396,14,2,1,control,experimental
396,14,1,1,control,experimental
396,14,2,1,control,experimental
396,14,1,1,control,experimental
396,14,2,1,control,experimental
396,14,1,1,control,experimental
396,14,2,1,control,experimental
396,14,1,1,control,experimental
396,14,2,1,control,experimental
396,14,1,1,control,experimental
396,14,1,1,control,experimental
396,14,2,1,control,experimental
396,14,1,1,control,experimental
396,14,2,1,control,experimental
396,14,1,1,control,experimental
396,14,1,1,control,experimental
396,14,1,1,control,experimental
396,14,1,1,control,experimental
396,14,1,1,control,experimental
396,14,1,1,control,experimental
396,14,1,1,control,experimental
396,14,1,1,control,experimental
396,14,2,1,control,experimental
396,14,1,1,control,experimental
396,14,1,1,control,experimental
396,14,1,1,control,experimental
396,14,1,1,control,experimental
396,14,2,1,control,experimental
396,14,2,1,control,experimental
396,14,1,1,control,experimental
396,14,1,1,control,experimental
396,14,1,1,control,experimental
396,14,1,1,control,experimental
396,14,1,1,control,experimental
396,14,2,1,control,experimental
396,14,1,1,control,experimental
396,14,1,1,control,experimental
396,14,1,1,control,experimental
396,14,1,1,control,experimental
396,14,1,1,control,experimental
396,14,1,1,control,experimental
396,14,1,1,control,experimental
396,14,1,1,control,experimental
396,15,1,1,control,experimental
396,15,2,1,control,experimental
396,15,1,1,control,experimental
396,15,2,1,control,experimental
396,15,2,1,control,experimental
396,15,1,1,control,experimental
396,15,2,1,control,experimental
396,15,1,1,control,experimental
396,15,2,1,control,experimental
396,15,1,1,control,experimental
396,15,1,1,control,experimental
396,15,1,1,control,experimental
396,15,1,1,control,experimental
396,15,1,1,control,experimental
396,15,1,1,control,experimental
396,15,2,1,control,experimental
396,15,2,1,control,experimental
396,15,1,1,control,experimental
396,15,1,1,control,experimental
396,15,1,1,control,experimental
396,15,1,1,control,experimental
396,15,1,1,control,experimental
396,15,2,1,control,experimental
396,15,2,1,control,experimental
396,15,1,1,control,experimental
396,15,1,1,control,experimental
396,15,2,1,control,experimental
396,15,2,1,control,experimental
396,15,2,1,control,experimental
396,15,2,1,control,experimental
396,15,1,1,control,experimental
396,15,1,1,control,experimental
396,15,1,1,control,experimental
396,15,1,1,control,experimental
396,15,1,1,control,experimental
396,15,1,1,control,experimental
396,15,1,1,control,experimental
396,15,1,1,control,experimental
396,15,2,1,control,experimental
396,15,1,1,control,experimental
396,15,1,1,control,experimental
396,15,1,1,control,experimental
396,15,2,1,control,experimental
396,15,1,1,control,experimental
396,15,1,1,control,experimental
396,15,1,1,control,experimental
396,15,1,1,control,experimental
396,15,1,1,control,experimental
396,16,1,1,control,experimental
396,16,1,1,control,experimental
396,16,2,1,control,experimental
396,16,2,1,control,experimental
396,16,1,1,control,experimental
396,16,1,1,control,experimental
396,16,1,1,control,experimental
396,16,1,1,control,experimental
396,16,2,1,control,experimental
396,16,2,1,control,experimental
396,16,2,1,control,experimental
396,16,1,1,control,experimental
396,16,1,1,control,experimental
396,16,2,1,control,experimental
396,16,1,1,control,experimental
396,16,1,1,control,experimental
396,16,1,1,control,experimental
396,16,1,1,control,experimental
396,16,1,1,control,experimental
396,16,1,1,control,experimental
396,16,2,1,control,experimental
396,16,1,1,control,experimental
396,16,2,1,control,experimental
396,16,1,1,control,experimental
396,16,1,1,control,experimental
396,16,1,1,control,experimental
396,16,1,1,control,experimental
396,16,1,1,control,experimental
396,16,1,1,control,experimental
396,16,1,1,control,experimental
396,16,1,1,control,experimental
396,16,1,1,control,experimental
396,16,1,1,control,experimental
396,16,1,1,control,experimental
396,16,1,1,control,experimental
396,16,2,1,control,experimental
396,16,1,1,control,experimental
396,16,1,1,control,experimental
396,16,1,1,control,experimental
396,16,1,1,control,experimental
396,16,1,1,control,experimental
396,16,1,1,control,experimental
396,16,1,1,control,experimental
396,17,2,1,control,experimental
396,17,2,1,control,experimental
396,17,1,1,control,experimental
396,17,2,1,control,experimental
396,17,1,1,control,experimental
396,17,2,1,control,experimental
396,17,1,1,control,experimental
396,17,1,1,control,experimental
396,17,2,1,control,experimental
396,17,1,1,control,experimental
396,17,1,1,control,experimental
396,17,2,1,control,experimental
396,17,2,1,control,experimental
396,17,1,1,control,experimental
396,17,1,1,control,experimental
396,17,2,1,control,experimental
396,17,1,1,control,experimental
396,17,2,1,control,experimental
396,17,1,1,control,experimental
396,17,1,1,control,experimental
396,17,2,1,control,experimental
396,17,1,1,control,experimental
396,17,1,1,control,experimental
396,17,1,1,control,experimental
396,17,1,1,control,experimental
396,17,1,1,control,experimental
396,17,1,1,control,experimental
396,17,2,1,control,experimental
396,17,2,1,control,experimental
396,17,1,1,control,experimental
396,17,1,1,control,experimental
396,17,1,1,control,experimental
396,17,1,1,control,experimental
396,17,2,1,control,experimental
396,17,1,1,control,experimental
396,17,1,1,control,experimental
396,17,1,1,control,experimental
396,17,2,1,control,experimental
396,17,2,1,control,experimental
396,17,1,1,control,experimental
396,17,1,1,control,experimental
396,17,1,1,control,experimental
396,17,1,1,control,experimental
396,17,2,1,control,experimental
396,17,1,1,control,experimental
396,17,2,1,control,experimental
396,17,2,1,control,experimental
396,17,1,1,control,experimental
396,17,1,1,control,experimental
396,17,2,1,control,experimental
396,17,2,1,control,experimental
396,17,1,1,control,experimental
396,18,2,1,control,experimental
396,18,1,1,control,experimental
396,18,1,1,control,experimental
396,18,2,1,control,experimental
396,18,1,1,control,experimental
396,18,1,1,control,experimental
396,18,2,1,control,experimental
396,18,1,1,control,experimental
396,18,1,1,control,experimental
396,18,2,1,control,experimental
396,18,2,1,control,experimental
396,18,1,1,control,experimental
396,18,2,1,control,experimental
396,18,1,1,control,experimental
396,18,2,1,control,experimental
396,18,2,1,control,experimental
396,18,1,1,control,experimental
396,18,1,1,control,experimental
396,18,1,1,control,experimental
396,18,1,1,control,experimental
396,18,1,1,control,experimental
396,18,2,1,control,experimental
396,18,2,1,control,experimental
396,18,1,1,control,experimental
396,18,1,1,control,experimental
396,18,1,1,control,experimental
396,18,1,1,control,experimental
396,18,2,1,control,experimental
396,18,2,1,control,experimental
396,18,1,1,control,experimental
396,18,1,1,control,experimental
396,18,1,1,control,experimental
396,18,2,1,control,experimental
396,18,1,1,control,experimental
396,18,1,1,control,experimental
396,18,1,1,control,experimental
396,18,1,1,control,experimental
396,18,2,1,control,experimental
396,18,1,1,control,experimental
396,18,1,1,control,experimental
396,18,1,1,control,experimental
396,18,1,1,control,experimental
396,18,1,1,control,experimental
396,18,1,1,control,experimental
396,18,1,1,control,experimental
396,18,1,1,control,experimental
396,18,2,1,control,experimental
396,18,1,1,control,experimental
396,18,2,1,control,experimental
396,18,1,1,control,experimental
396,18,1,1,control,experimental
396,18,1,1,control,experimental
396,19,2,1,control,experimental
396,19,1,1,control,experimental
396,19,2,1,control,experimental
396,19,2,1,control,experimental
396,19,2,1,control,experimental
396,19,1,1,control,experimental
396,19,1,1,control,experimental
396,19,1,1,control,experimental
396,19,1,1,control,experimental
396,19,2,1,control,experimental
396,19,1,1,control,experimental
396,19,2,1,control,experimental
396,19,2,1,control,experimental
396,19,1,1,control,experimental
396,19,2,1,control,experimental
396,19,1,1,control,experimental
396,19,1,1,control,experimental
396,19,1,1,control,experimental
396,19,2,1,control,experimental
396,19,1,1,control,experimental
396,19,1,1,control,experimental
396,19,1,1,control,experimental
396,19,1,1,control,experimental
396,19,1,1,control,experimental
396,19,1,1,control,experimental
396,19,2,1,control,experimental
396,19,1,1,control,experimental
396,19,1,1,control,experimental
396,19,2,1,control,experimental
396,19,1,1,control,experimental
396,19,1,1,control,experimental
396,19,1,1,control,experimental
396,19,2,1,control,experimental
396,19,2,1,control,experimental
396,19,1,1,control,experimental
396,19,1,1,control,experimental
396,19,1,1,control,experimental
396,19,1,1,control,experimental
396,19,1,1,control,experimental
396,19,1,1,control,experimental
396,19,2,1,control,experimental
396,19,1,1,control,experimental
396,19,1,1,control,experimental
396,19,1,1,control,experimental
396,19,1,1,control,experimental
396,19,1,1,control,experimental
396,19,1,1,control,experimental
396,19,1,1,control,experimental
396,19,1,1,control,experimental
396,19,1,1,control,experimental
396,19,2,1,control,experimental
396,19,2,1,control,experimental
396,20,2,1,control,experimental
396,20,1,1,control,experimental
396,20,2,1,control,experimental
396,20,2,1,control,experimental
396,20,1,1,control,experimental
396,20,2,1,control,experimental
396,20,2,1,control,experimental
396,20,1,1,control,experimental
396,20,1,1,control,experimental
396,20,2,1,control,experimental
396,20,1,1,control,experimental
396,20,2,1,control,experimental
396,20,2,1,control,experimental
396,20,1,1,control,experimental
396,20,1,1,control,experimental
396,20,1,1,control,experimental
396,20,2,1,control,experimental
396,20,1,1,control,experimental
396,20,2,1,control,experimental
396,20,1,1,control,experimental
396,20,1,1,control,experimental
396,20,2,1,control,experimental
396,20,1,1,control,experimental
396,20,1,1,control,experimental
396,20,2,1,control,experimental
396,20,2,1,control,experimental
396,20,1,1,control,experimental
396,20,1,1,control,experimental
396,20,2,1,control,experimental
396,20,2,1,control,experimental
396,20,1,1,control,experimental
396,20,1,1,control,experimental
396,20,1,1,control,experimental
396,20,1,1,control,experimental
396,20,1,1,control,experimental
396,20,1,1,control,experimental
396,20,2,1,control,experimental
396,20,1,1,control,experimental
396,20,2,1,control,experimental
396,20,1,1,control,experimental
396,20,2,1,control,experimental
396,20,1,1,control,experimental
396,20,1,1,control,experimental
396,20,2,1,control,experimental
396,20,1,1,control,experimental
396,20,2,1,control,experimental
396,20,1,1,control,experimental
396,20,1,1,control,experimental
396,20,2,1,control,experimental
396,20,2,1,control,experimental
396,20,1,1,control,experimental
396,20,1,1,control,experimental
396,20,1,1,control,experimental
396,20,1,1,control,experimental
396,21,1,1,control,experimental
396,21,2,1,control,experimental
396,21,1,1,control,experimental
396,21,1,1,control,experimental
396,21,2,1,control,experimental
396,21,2,1,control,experimental
396,21,2,1,control,experimental
396,21,2,1,control,experimental
396,21,2,1,control,experimental
396,21,2,1,control,experimental
396,21,1,1,control,experimental
396,21,1,1,control,experimental
396,21,2,1,control,experimental
396,21,2,1,control,experimental
396,21,2,1,control,experimental
396,21,2,1,control,experimental
396,21,2,1,control,experimental
396,21,1,1,control,experimental
396,21,2,1,control,experimental
396,21,1,1,control,experimental
396,21,2,1,control,experimental
396,21,1,1,control,experimental
396,21,1,1,control,experimental
396,21,2,1,control,experimental
396,21,1,1,control,experimental
396,21,2,1,control,experimental
396,21,1,1,control,experimental
396,21,2,1,control,experimental
396,21,1,1,control,experimental
396,21,1,1,control,experimental
396,21,2,1,control,experimental
396,21,1,1,control,experimental
396,21,1,1,control,experimental
396,21,2,1,control,experimental
396,21,2,1,control,experimental
396,21,1,1,control,experimental
396,21,1,1,control,experimental
396,21,1,1,control,experimental
396,21,2,1,control,experimental
396,21,2,1,control,experimental
396,21,1,1,control,experimental
396,21,1,1,control,experimental
396,21,1,1,control,experimental
396,21,1,1,control,experimental
396,21,2,1,control,experimental
396,21,1,1,control,experimental
396,21,2,1,control,experimental
396,21,2,1,control,experimental
396,22,2,1,control,experimental
396,22,1,1,control,experimental
396,22,1,1,control,experimental
396,22,2,1,control,experimental
396,22,1,1,control,experimental
396,22,2,1,control,experimental
396,22,1,1,control,experimental
396,22,1,1,control,experimental
396,22,2,1,control,experimental
396,22,2,1,control,experimental
396,22,1,1,control,experimental
396,22,2,1,control,experimental
396,22,1,1,control,experimental
396,22,1,1,control,experimental
396,22,1,1,control,experimental
396,22,2,1,control,experimental
396,22,2,1,control,experimental
396,22,1,1,control,experimental
396,22,2,1,control,experimental
396,22,1,1,control,experimental
396,22,2,1,control,experimental
396,22,1,1,control,experimental
396,22,1,1,control,experimental
396,22,1,1,control,experimental
396,22,1,1,control,experimental
396,22,1,1,control,experimental
396,22,1,1,control,experimental
396,22,2,1,control,experimental
396,22,2,1,control,experimental
396,22,2,1,control,experimental
396,22,1,1,control,experimental
396,22,1,1,control,experimental
396,22,2,1,control,experimental
396,22,2,1,control,experimental
396,22,1,1,control,experimental
396,22,1,1,control,experimental
396,22,2,1,control,experimental
396,22,1,1,control,experimental
396,22,1,1,control,experimental
396,22,2,1,control,experimental
396,22,2,1,control,experimental
396,22,2,1,control,experimental
396,22,2,1,control,experimental
396,22,2,1,control,experimental
396,22,1,1,control,experimental
396,22,1,1,control,experimental
396,22,2,1,control,experimental
396,22,2,1,control,experimental
396,22,2,1,control,experimental
396,22,1,1,control,experimental
396,22,1,1,control,experimental
396,22,1,1,control,experimental
396,22,1,1,control,experimental
396,22,1,1,control,experimental
396,22,1,1,control,experimental
396,23,1,1,control,experimental
396,23,2,1,control,experimental
396,23,1,1,control,experimental
396,23,2,1,control,experimental
396,23,2,1,control,experimental
396,23,2,1,control,experimental
396,23,2,1,control,experimental
396,23,1,1,control,experimental
396,23,2,1,control,experimental
396,23,2,1,control,experimental
396,23,1,1,control,experimental
396,23,1,1,control,experimental
396,23,2,1,control,experimental
396,23,1,1,control,experimental
396,23,1,1,control,experimental
396,23,1,1,control,experimental
396,23,2,1,control,experimental
396,23,1,1,control,experimental
396,23,2,1,control,experimental
396,23,1,1,control,experimental
396,23,1,1,control,experimental
396,23,2,1,control,experimental
396,23,1,1,control,experimental
396,23,2,1,control,experimental
396,23,2,1,control,experimental
396,23,1,1,control,experimental
396,23,2,1,control,experimental
396,23,2,1,control,experimental
396,23,1,1,control,experimental
396,23,2,1,control,experimental
396,23,1,1,control,experimental
396,23,1,1,control,experimental
396,23,1,1,control,experimental
396,23,2,1,control,experimental
396,23,1,1,control,experimental
396,23,2,1,control,experimental
396,23,2,1,control,experimental
396,23,1,1,control,experimental
396,23,1,1,control,experimental
396,23,2,1,control,experimental
396,23,1,1,control,experimental
396,23,1,1,control,experimental
396,23,2,1,control,experimental
396,23,1,1,control,experimental
396,23,1,1,control,experimental
396,23,1,1,control,experimental
396,23,2,1,control,experimental
396,23,2,1,control,experimental
396,23,2,1,control,experimental
396,23,1,1,control,experimental
396,23,1,1,control,experimental
396,23,1,1,control,experimental
396,23,1,1,control,experimental
396,24,1,1,control,experimental
396,24,2,1,control,experimental
396,24,1,1,control,experimental
396,24,1,1,control,experimental
396,24,2,1,control,experimental
396,24,1,1,control,experimental
396,24,2,1,control,experimental
396,24,2,1,control,experimental
396,24,1,1,control,experimental
396,24,1,1,control,experimental
396,24,1,1,control,experimental
396,24,1,1,control,experimental
396,24,2,1,control,experimental
396,24,2,1,control,experimental
396,24,1,1,control,experimental
396,24,1,1,control,experimental
396,24,1,1,control,experimental
396,24,1,1,control,experimental
396,24,1,1,control,experimental
396,24,2,1,control,experimental
396,24,2,1,control,experimental
396,24,1,1,control,experimental
396,24,1,1,control,experimental
396,24,1,1,control,experimental
396,24,2,1,control,experimental
396,24,1,1,control,experimental
396,24,2,1,control,experimental
396,24,2,1,control,experimental
396,24,1,1,control,experimental
396,24,1,1,control,experimental
396,24,1,1,control,experimental
396,24,1,1,control,experimental
396,24,1,1,control,experimental
396,24,1,1,control,experimental
396,24,1,1,control,experimental
396,24,1,1,control,experimental
396,24,1,1,control,experimental
396,24,1,1,control,experimental
396,24,1,1,control,experimental
396,24,2,1,control,experimental
396,24,1,1,control,experimental
396,24,2,1,control,experimental
396,24,2,1,control,experimental
396,24,1,1,control,experimental
396,24,1,1,control,experimental
396,24,1,1,control,experimental
396,24,1,1,control,experimental
396,24,2,1,control,experimental
396,24,2,1,control,experimental
396,24,1,1,control,experimental
396,24,2,1,control,experimental
396,26,2,1,control,experimental
396,26,1,1,control,experimental
396,26,1,1,control,experimental
396,26,2,1,control,experimental
396,26,2,1,control,experimental
396,26,1,1,control,experimental
396,26,2,1,control,experimental
396,26,1,1,control,experimental
396,26,2,1,control,experimental
396,26,1,1,control,experimental
396,26,2,1,control,experimental
396,26,1,1,control,experimental
396,26,1,1,control,experimental
396,26,2,1,control,experimental
396,26,1,1,control,experimental
396,26,1,1,control,experimental
396,26,2,1,control,experimental
396,26,1,1,control,experimental
396,26,2,1,control,experimental
396,26,1,1,control,experimental
396,26,1,1,control,experimental
396,26,1,1,control,experimental
396,26,2,1,control,experimental
396,26,1,1,control,experimental
396,26,1,1,control,experimental
396,26,1,1,control,experimental
396,26,1,1,control,experimental
396,26,1,1,control,experimental
396,26,2,1,control,experimental
396,26,1,1,control,experimental
396,26,1,1,control,experimental
396,26,1,1,control,experimental
396,26,1,1,control,experimental
396,26,1,1,control,experimental
396,26,1,1,control,experimental
396,26,1,1,control,experimental
396,26,1,1,control,experimental
396,26,1,1,control,experimental
396,26,1,1,control,experimental
396,26,2,1,control,experimental
396,26,1,1,control,experimental
396,26,1,1,control,experimental
396,26,1,1,control,experimental
396,26,1,1,control,experimental
396,26,2,1,control,experimental
396,26,2,1,control,experimental
396,26,1,1,control,experimental
396,27,2,1,control,experimental
396,27,1,1,control,experimental
396,27,1,1,control,experimental
396,27,2,1,control,experimental
396,27,1,1,control,experimental
396,27,2,1,control,experimental
396,27,2,1,control,experimental
396,27,1,1,control,experimental
396,27,1,1,control,experimental
396,27,2,1,control,experimental
396,27,2,1,control,experimental
396,27,1,1,control,experimental
396,27,1,1,control,experimental
396,27,2,1,control,experimental
396,27,2,1,control,experimental
396,27,2,1,control,experimental
396,27,2,1,control,experimental
396,27,2,1,control,experimental
396,27,2,1,control,experimental
396,27,1,1,control,experimental
396,27,1,1,control,experimental
396,27,1,1,control,experimental
396,27,2,1,control,experimental
396,27,2,1,control,experimental
396,27,1,1,control,experimental
396,27,1,1,control,experimental
396,27,2,1,control,experimental
396,27,1,1,control,experimental
396,27,1,1,control,experimental
396,27,2,1,control,experimental
396,27,2,1,control,experimental
396,27,1,1,control,experimental
396,27,1,1,control,experimental
396,27,1,1,control,experimental
396,27,2,1,control,experimental
396,27,2,1,control,experimental
396,27,2,1,control,experimental
396,27,2,1,control,experimental
396,27,1,1,control,experimental
396,27,1,1,control,experimental
396,27,1,1,control,experimental
396,27,1,1,control,experimental
396,27,1,1,control,experimental
396,27,1,1,control,experimental
396,27,1,1,control,experimental
396,27,2,1,control,experimental
396,27,2,1,control,experimental
397,0,1,1,control,basal
397,0,1,1,control,basal
397,0,2,1,control,basal
397,0,2,1,control,basal
397,0,1,1,control,basal
397,0,2,1,control,basal
397,0,2,1,control,basal
397,0,2,1,control,basal
397,0,1,1,control,basal
397,0,2,1,control,basal
397,0,2,1,control,basal
397,0,2,1,control,basal
397,0,2,1,control,basal
397,0,1,1,control,basal
397,0,2,1,control,basal
397,0,2,1,control,basal
397,0,2,1,control,basal
397,0,1,1,control,basal
397,0,2,1,control,basal
397,0,1,1,control,basal
397,0,1,1,control,basal
397,0,2,1,control,basal
397,0,2,1,control,basal
397,0,1,1,control,basal
397,0,1,1,control,basal
397,0,2,1,control,basal
397,0,1,1,control,basal
397,0,1,1,control,basal
397,0,1,1,control,basal
397,0,1,1,control,basal
397,0,1,1,control,basal
397,0,2,1,control,basal
397,0,1,1,control,basal
397,0,2,1,control,basal
397,0,1,1,control,basal
397,0,1,1,control,basal
397,0,2,1,control,basal
397,0,1,1,control,basal
397,0,1,1,control,basal
397,0,1,1,control,basal
397,0,2,1,control,basal
397,0,1,1,control,basal
397,0,2,1,control,basal
397,0,1,1,control,basal
397,0,2,1,control,basal
397,1,2,1,control,basal
397,1,2,1,control,basal
397,1,1,1,control,basal
397,1,1,1,control,basal
397,1,2,1,control,basal
397,1,2,1,control,basal
397,1,1,1,control,basal
397,1,2,1,control,basal
397,1,1,1,control,basal
397,1,1,1,control,basal
397,1,2,1,control,basal
397,1,2,1,control,basal
397,1,2,1,control,basal
397,1,2,1,control,basal
397,1,1,1,control,basal
397,1,1,1,control,basal
397,1,2,1,control,basal
397,1,1,1,control,basal
397,1,1,1,control,basal
397,1,2,1,control,basal
397,1,1,1,control,basal
397,1,2,1,control,basal
397,1,2,1,control,basal
397,1,2,1,control,basal
397,1,2,1,control,basal
397,1,1,1,control,basal
397,1,2,1,control,basal
397,1,1,1,control,basal
397,1,2,1,control,basal
397,1,1,1,control,basal
397,1,2,1,control,basal
397,1,1,1,control,basal
397,1,1,1,control,basal
397,1,2,1,control,basal
397,1,1,1,control,basal
397,1,2,1,control,basal
397,1,1,1,control,basal
397,1,1,1,control,basal
397,1,1,1,control,basal
397,1,1,1,control,basal
397,1,1,1,control,basal
397,1,2,1,control,basal
397,1,2,1,control,basal
397,1,1,1,control,basal
397,1,1,1,control,basal
397,1,2,1,control,basal
397,1,2,1,control,basal
397,1,2,1,control,basal
397,1,1,1,control,basal
397,1,2,1,control,basal
397,1,1,1,control,basal
397,1,1,1,control,basal
397,1,1,1,control,basal
397,1,1,1,control,basal
397,1,1,1,control,basal
397,1,2,1,control,basal
397,1,1,1,control,basal
397,1,1,1,control,basal
397,1,2,1,control,basal
397,1,2,1,control,basal
397,1,1,1,control,basal
397,1,1,1,control,basal
397,1,1,1,control,basal
397,1,1,1,control,basal
397,1,2,1,control,basal
397,1,1,1,control,basal
397,1,2,1,control,basal
397,1,2,1,control,basal
397,1,1,1,control,basal
397,1,1,1,control,basal
397,1,1,1,control,basal
397,1,2,1,control,basal
397,1,1,1,control,basal
397,1,2,1,control,basal
397,1,1,1,control,basal
397,1,2,1,control,basal
397,1,1,1,control,basal
397,1,1,1,control,basal
397,1,1,1,control,basal
397,1,1,1,control,basal
397,1,2,1,control,basal
397,2,1,1,control,basal
397,2,2,1,control,basal
397,2,1,1,control,basal
397,2,2,1,control,basal
397,2,1,1,control,basal
397,2,1,1,control,basal
397,2,2,1,control,basal
397,2,1,1,control,basal
397,2,2,1,control,basal
397,2,1,1,control,basal
397,2,2,1,control,basal
397,2,2,1,control,basal
397,2,1,1,control,basal
397,2,2,1,control,basal
397,2,1,1,control,basal
397,2,1,1,control,basal
397,2,1,1,control,basal
397,2,2,1,control,basal
397,2,1,1,control,basal
397,2,1,1,control,basal
397,2,1,1,control,basal
397,2,2,1,control,basal
397,2,1,1,control,basal
397,2,1,1,control,basal
397,2,2,1,control,basal
397,2,1,1,control,basal
397,2,1,1,control,basal
397,2,1,1,control,basal
397,2,1,1,control,basal
397,2,1,1,control,basal
397,2,1,1,control,basal
397,2,2,1,control,basal
397,2,1,1,control,basal
397,2,1,1,control,basal
397,2,2,1,control,basal
397,2,2,1,control,basal
397,2,2,1,control,basal
397,2,1,1,control,basal
397,2,2,1,control,basal
397,2,1,1,control,basal
397,2,1,1,control,basal
397,2,1,1,control,basal
397,2,2,1,control,basal
397,2,2,1,control,basal
397,2,1,1,control,basal
397,2,2,1,control,basal
397,2,1,1,control,basal
397,2,2,1,control,basal
397,2,1,1,control,basal
397,2,2,1,control,basal
397,2,1,1,control,basal
397,2,1,1,control,basal
397,2,2,1,control,basal
397,2,1,1,control,basal
397,2,1,1,control,basal
397,2,1,1,control,basal
397,2,1,1,control,basal
397,2,2,1,control,basal
397,2,1,1,control,basal
397,2,2,1,control,basal
397,2,1,1,control,basal
397,2,2,1,control,basal
397,2,1,1,control,basal
397,2,2,1,control,basal
397,2,1,1,control,basal
397,2,1,1,control,basal
397,2,1,1,control,basal
397,2,2,1,control,basal
397,2,1,1,control,basal
397,2,1,1,control,basal
397,2,1,1,control,basal
397,2,2,1,control,basal
397,2,1,1,control,basal
397,2,1,1,control,basal
397,2,1,1,control,basal
397,2,2,1,control,basal
397,2,1,1,control,basal
397,2,1,1,control,basal
397,2,2,1,control,basal
397,2,1,1,control,basal
397,2,1,1,control,basal
397,2,1,1,control,basal
397,3,1,1,control,basal
397,3,2,1,control,basal
397,3,1,1,control,basal
397,3,1,1,control,basal
397,3,2,1,control,basal
397,3,1,1,control,basal
397,3,2,1,control,basal
397,3,1,1,control,basal
397,3,2,1,control,basal
397,3,1,1,control,basal
397,3,1,1,control,basal
397,3,1,1,control,basal
397,3,2,1,control,basal
397,3,1,1,control,basal
397,3,1,1,control,basal
397,3,1,1,control,basal
397,3,2,1,control,basal
397,3,1,1,control,basal
397,3,1,1,control,basal
397,3,2,1,control,basal
397,3,1,1,control,basal
397,3,1,1,control,basal
397,3,2,1,control,basal
397,3,1,1,control,basal
397,3,1,1,control,basal
397,3,1,1,control,basal
397,3,1,1,control,basal
397,3,2,1,control,basal
397,3,1,1,control,basal
397,3,2,1,control,basal
397,3,1,1,control,basal
397,3,2,1,control,basal
397,3,1,1,control,basal
397,3,2,1,control,basal
397,3,1,1,control,basal
397,3,1,1,control,basal
397,3,1,1,control,basal
397,3,1,1,control,basal
397,3,2,1,control,basal
397,3,2,1,control,basal
397,3,1,1,control,basal
397,3,1,1,control,basal
397,3,2,1,control,basal
397,3,1,1,control,basal
397,3,1,1,control,basal
397,3,2,1,control,basal
397,3,1,1,control,basal
397,3,1,1,control,basal
397,3,1,1,control,basal
397,3,1,1,control,basal
397,3,1,1,control,basal
397,3,2,1,control,basal
397,3,1,1,control,basal
397,3,1,1,control,basal
397,3,1,1,control,basal
397,3,1,1,control,basal
397,3,1,1,control,basal
397,3,1,1,control,basal
397,3,1,1,control,basal
397,3,1,1,control,basal
397,3,1,1,control,basal
397,3,2,1,control,basal
397,3,2,1,control,basal
397,3,1,1,control,basal
397,3,1,1,control,basal
397,3,1,1,control,basal
397,3,1,1,control,basal
397,3,1,1,control,basal
397,3,1,1,control,basal
397,3,1,1,control,basal
397,3,1,1,control,basal
397,3,2,1,control,basal
397,4,1,1,control,basal
397,4,2,1,control,basal
397,4,1,1,control,basal
397,4,1,1,control,basal
397,4,2,1,control,basal
397,4,1,1,control,basal
397,4,2,1,control,basal
397,4,2,1,control,basal
397,4,1,1,control,basal
397,4,1,1,control,basal
397,4,2,1,control,basal
397,4,1,1,control,basal
397,4,1,1,control,basal
397,4,1,1,control,basal
397,4,1,1,control,basal
397,4,2,1,control,basal
397,4,2,1,control,basal
397,4,2,1,control,basal
397,4,1,1,control,basal
397,4,1,1,control,basal
397,4,2,1,control,basal
397,4,1,1,control,basal
397,4,1,1,control,basal
397,4,2,1,control,basal
397,4,2,1,control,basal
397,4,1,1,control,basal
397,4,1,1,control,basal
397,4,2,1,control,basal
397,4,2,1,control,basal
397,4,1,1,control,basal
397,4,2,1,control,basal
397,4,1,1,control,basal
397,4,1,1,control,basal
397,4,1,1,control,basal
397,4,1,1,control,basal
397,4,1,1,control,basal
397,4,1,1,control,basal
397,4,2,1,control,basal
397,4,1,1,control,basal
397,4,1,1,control,basal
397,4,1,1,control,basal
397,4,1,1,control,basal
397,4,2,1,control,basal
397,4,1,1,control,basal
397,4,2,1,control,basal
397,4,1,1,control,basal
397,4,1,1,control,basal
397,4,1,1,control,basal
397,4,1,1,control,basal
397,4,2,1,control,basal
397,4,1,1,control,basal
397,4,1,1,control,basal
397,4,2,1,control,basal
397,4,1,1,control,basal
397,4,1,1,control,basal
397,4,1,1,control,basal
397,4,1,1,control,basal
397,4,1,1,control,basal
397,4,2,1,control,basal
397,4,1,1,control,basal
397,4,1,1,control,basal
397,5,1,1,control,basal
397,5,2,1,control,basal
397,5,1,1,control,basal
397,5,2,1,control,basal
397,5,1,1,control,basal
397,5,2,1,control,basal
397,5,1,1,control,basal
397,5,2,1,control,basal
397,5,2,1,control,basal
397,5,1,1,control,basal
397,5,1,1,control,basal
397,5,2,1,control,basal
397,5,2,1,control,basal
397,5,2,1,control,basal
397,5,2,1,control,basal
397,5,1,1,control,basal
397,5,2,1,control,basal
397,5,2,1,control,basal
397,5,1,1,control,basal
397,5,2,1,control,basal
397,5,1,1,control,basal
397,5,1,1,control,basal
397,5,2,1,control,basal
397,5,2,1,control,basal
397,5,2,1,control,basal
397,5,2,1,control,basal
397,5,2,1,control,basal
397,5,1,1,control,basal
397,5,2,1,control,basal
397,5,1,1,control,basal
397,5,1,1,control,basal
397,5,1,1,control,basal
397,5,1,1,control,basal
397,5,1,1,control,basal
397,5,2,1,control,basal
397,5,2,1,control,basal
397,5,1,1,control,basal
397,5,1,1,control,basal
397,5,2,1,control,basal
397,5,1,1,control,basal
397,5,2,1,control,basal
397,5,1,1,control,basal
397,5,2,1,control,basal
397,5,2,1,control,basal
397,5,1,1,control,basal
397,5,2,1,control,basal
397,5,1,1,control,basal
397,5,2,1,control,basal
397,5,1,1,control,basal
397,5,2,1,control,basal
397,5,1,1,control,basal
397,5,1,1,control,basal
397,5,2,1,control,basal
397,5,1,1,control,basal
397,5,1,1,control,basal
397,5,2,1,control,basal
397,5,1,1,control,basal
397,5,2,1,control,basal
397,5,1,1,control,basal
397,5,1,1,control,basal
397,5,2,1,control,basal
397,5,1,1,control,basal
397,5,1,1,control,basal
397,5,2,1,control,basal
397,6,1,1,control,basal
397,6,2,1,control,basal
397,6,1,1,control,basal
397,6,2,1,control,basal
397,6,2,1,control,basal
397,6,1,1,control,basal
397,6,1,1,control,basal
397,6,2,1,control,basal
397,6,1,1,control,basal
397,6,1,1,control,basal
397,6,1,1,control,basal
397,6,2,1,control,basal
397,6,1,1,control,basal
397,6,1,1,control,basal
397,6,1,1,control,basal
397,6,2,1,control,basal
397,6,1,1,control,basal
397,6,2,1,control,basal
397,6,1,1,control,basal
397,6,1,1,control,basal
397,6,2,1,control,basal
397,6,1,1,control,basal
397,6,2,1,control,basal
397,6,2,1,control,basal
397,6,1,1,control,basal
397,6,2,1,control,basal
397,6,2,1,control,basal
397,6,1,1,control,basal
397,6,1,1,control,basal
397,6,2,1,control,basal
397,6,1,1,control,basal
397,6,2,1,control,basal
397,6,1,1,control,basal
397,6,1,1,control,basal
397,6,2,1,control,basal
397,6,1,1,control,basal
397,6,2,1,control,basal
397,6,2,1,control,basal
397,6,1,1,control,basal
397,6,1,1,control,basal
397,6,2,1,control,basal
397,6,1,1,control,basal
397,6,2,1,control,basal
397,6,2,1,control,basal
397,6,1,1,control,basal
397,6,2,1,control,basal
397,6,2,1,control,basal
397,6,2,1,control,basal
397,6,2,1,control,basal
397,6,1,1,control,basal
397,6,1,1,control,basal
397,6,2,1,control,basal
397,6,2,1,control,basal
397,6,1,1,control,basal
397,6,2,1,control,basal
397,6,2,1,control,basal
397,6,2,1,control,basal
397,6,2,1,control,basal
397,6,2,1,control,basal
397,6,1,1,control,basal
397,6,2,1,control,basal
397,6,2,1,control,basal
397,6,2,1,control,basal
397,6,2,1,control,basal
397,6,1,1,control,basal
397,6,2,1,control,basal
397,7,1,1,control,basal
397,7,2,1,control,basal
397,7,2,1,control,basal
397,7,1,1,control,basal
397,7,2,1,control,basal
397,7,2,1,control,basal
397,7,2,1,control,basal
397,7,2,1,control,basal
397,7,1,1,control,basal
397,7,2,1,control,basal
397,7,2,1,control,basal
397,7,2,1,control,basal
397,7,1,1,control,basal
397,7,2,1,control,basal
397,7,2,1,control,basal
397,7,2,1,control,basal
397,7,2,1,control,basal
397,7,2,1,control,basal
397,7,2,1,control,basal
397,7,1,1,control,basal
397,7,2,1,control,basal
397,7,2,1,control,basal
397,7,2,1,control,basal
397,7,1,1,control,basal
397,7,2,1,control,basal
397,7,2,1,control,basal
397,7,1,1,control,basal
397,7,2,1,control,basal
397,7,2,1,control,basal
397,7,2,1,control,basal
397,7,2,1,control,basal
397,7,1,1,control,basal
397,7,1,1,control,basal
397,7,1,1,control,basal
397,7,2,1,control,basal
397,7,2,1,control,basal
397,7,2,1,control,basal
397,7,2,1,control,basal
397,7,1,1,control,basal
397,7,2,1,control,basal
397,7,2,1,control,basal
397,7,1,1,control,basal
397,7,2,1,control,basal
397,7,2,1,control,basal
397,7,1,1,control,basal
397,7,2,1,control,basal
397,7,2,1,control,basal
397,7,2,1,control,basal
397,7,1,1,control,basal
397,7,2,1,control,basal
397,7,2,1,control,basal
397,7,2,1,control,basal
397,7,2,1,control,basal
397,7,1,1,control,basal
397,7,2,1,control,basal
397,7,2,1,control,basal
397,7,2,1,control,basal
397,8,2,1,control,basal
397,8,1,1,control,basal
397,8,2,1,control,basal
397,8,2,1,control,basal
397,8,2,1,control,basal
397,8,2,1,control,basal
397,8,2,1,control,basal
397,8,1,1,control,basal
397,8,2,1,control,basal
397,8,2,1,control,basal
397,8,1,1,control,basal
397,8,2,1,control,basal
397,8,2,1,control,basal
397,8,1,1,control,basal
397,8,1,1,control,basal
397,8,2,1,control,basal
397,8,1,1,control,basal
397,8,2,1,control,basal
397,8,1,1,control,basal
397,8,1,1,control,basal
397,8,1,1,control,basal
397,8,2,1,control,basal
397,8,1,1,control,basal
397,8,2,1,control,basal
397,8,1,1,control,basal
397,8,2,1,control,basal
397,8,2,1,control,basal
397,8,1,1,control,basal
397,8,2,1,control,basal
397,8,2,1,control,basal
397,8,1,1,control,basal
397,8,2,1,control,basal
397,8,2,1,control,basal
397,8,2,1,control,basal
397,8,2,1,control,basal
397,8,1,1,control,basal
397,8,2,1,control,basal
397,8,2,1,control,basal
397,8,2,1,control,basal
397,8,1,1,control,basal
397,8,1,1,control,basal
397,8,2,1,control,basal
397,8,2,1,control,basal
397,8,1,1,control,basal
397,8,1,1,control,basal
397,8,2,1,control,basal
397,8,2,1,control,basal
397,8,2,1,control,basal
397,8,1,1,control,basal
397,8,2,1,control,basal
397,8,2,1,control,basal
397,8,2,1,control,basal
397,8,2,1,control,basal
397,8,2,1,control,basal
397,8,2,1,control,basal
397,8,2,1,control,basal
397,8,2,1,control,basal
397,9,2,1,control,basal
397,9,1,1,control,basal
397,9,2,1,control,basal
397,9,1,1,control,basal
397,9,2,1,control,basal
397,9,1,1,control,basal
397,9,2,1,control,basal
397,9,2,1,control,basal
397,9,2,1,control,basal
397,9,1,1,control,basal
397,9,2,1,control,basal
397,9,1,1,control,basal
397,9,2,1,control,basal
397,9,2,1,control,basal
397,9,2,1,control,basal
397,9,1,1,control,basal
397,9,2,1,control,basal
397,9,2,1,control,basal
397,9,2,1,control,basal
397,9,2,1,control,basal
397,9,1,1,control,basal
397,9,1,1,control,basal
397,9,2,1,control,basal
397,9,1,1,control,basal
397,9,2,1,control,basal
397,9,2,1,control,basal
397,9,1,1,control,basal
397,9,1,1,control,basal
397,9,2,1,control,basal
397,9,2,1,control,basal
397,9,1,1,control,basal
397,9,1,1,control,basal
397,9,1,1,control,basal
397,9,2,1,control,basal
397,9,1,1,control,basal
397,9,1,1,control,basal
397,9,2,1,control,basal
397,9,2,1,control,basal
397,9,2,1,control,basal
397,9,2,1,control,basal
397,9,2,1,control,basal
397,9,1,1,control,basal
397,9,2,1,control,basal
397,9,2,1,control,basal
397,9,1,1,control,basal
397,9,2,1,control,basal
397,9,2,1,control,basal
397,9,2,1,control,basal
397,9,2,1,control,basal
397,9,2,1,control,basal
397,9,1,1,control,basal
397,9,2,1,control,basal
397,9,2,1,control,basal
397,9,1,1,control,basal
397,10,1,1,control,basal
397,10,2,1,control,basal
397,10,1,1,control,basal
397,10,2,1,control,basal
397,10,1,1,control,basal
397,10,2,1,control,basal
397,10,2,1,control,basal
397,10,1,1,control,basal
397,10,2,1,control,basal
397,10,2,1,control,basal
397,10,2,1,control,basal
397,10,1,1,control,basal
397,10,1,1,control,basal
397,10,2,1,control,basal
397,10,1,1,control,basal
397,10,2,1,control,basal
397,10,1,1,control,basal
397,10,1,1,control,basal
397,10,2,1,control,basal
397,10,1,1,control,basal
397,10,2,1,control,basal
397,10,2,1,control,basal
397,10,1,1,control,basal
397,10,1,1,control,basal
397,10,1,1,control,basal
397,10,2,1,control,basal
397,10,2,1,control,basal
397,10,2,1,control,basal
397,10,1,1,control,basal
397,10,2,1,control,basal
397,10,2,1,control,basal
397,10,1,1,control,basal
397,10,1,1,control,basal
397,10,2,1,control,basal
397,10,2,1,control,basal
397,10,2,1,control,basal
397,10,2,1,control,basal
397,10,1,1,control,basal
397,10,2,1,control,basal
397,10,2,1,control,basal
397,10,2,1,control,basal
397,10,2,1,control,basal
397,10,2,1,control,basal
397,10,1,1,control,basal
397,10,1,1,control,basal
397,10,2,1,control,basal
397,10,2,1,control,basal
397,10,2,1,control,basal
397,10,1,1,control,basal
397,10,1,1,control,basal
397,11,2,1,control,basal
397,11,2,1,control,basal
397,11,1,1,control,basal
397,11,1,1,control,basal
397,11,2,1,control,basal
397,11,1,1,control,basal
397,11,2,1,control,basal
397,11,1,1,control,basal
397,11,2,1,control,basal
397,11,2,1,control,basal
397,11,1,1,control,basal
397,11,2,1,control,basal
397,11,2,1,control,basal
397,11,2,1,control,basal
397,11,2,1,control,basal
397,11,1,1,control,basal
397,11,2,1,control,basal
397,11,1,1,control,basal
397,11,2,1,control,basal
397,11,1,1,control,basal
397,11,2,1,control,basal
397,11,1,1,control,basal
397,11,1,1,control,basal
397,11,2,1,control,basal
397,11,2,1,control,basal
397,11,2,1,control,basal
397,11,2,1,control,basal
397,11,1,1,control,basal
397,11,2,1,control,basal
397,11,1,1,control,basal
397,11,2,1,control,basal
397,11,1,1,control,basal
397,11,1,1,control,basal
397,11,2,1,control,basal
397,11,1,1,control,basal
397,11,1,1,control,basal
397,11,2,1,control,basal
397,11,2,1,control,basal
397,11,2,1,control,basal
397,11,2,1,control,basal
397,11,2,1,control,basal
397,11,2,1,control,basal
397,11,1,1,control,basal
397,11,1,1,control,basal
397,11,2,1,control,basal
397,11,2,1,control,basal
397,11,2,1,control,basal
397,11,2,1,control,basal
397,11,1,1,control,basal
397,11,2,1,control,basal
397,11,1,1,control,basal
397,11,1,1,control,basal
397,11,2,1,control,basal
397,11,1,1,control,basal
397,11,1,1,control,basal
397,12,1,1,control,experimental
397,12,2,1,control,experimental
397,12,2,1,control,experimental
397,12,1,1,control,experimental
397,12,2,1,control,experimental
397,12,2,1,control,experimental
397,12,1,1,control,experimental
397,12,2,1,control,experimental
397,12,2,1,control,experimental
397,12,1,1,control,experimental
397,12,2,1,control,experimental
397,12,2,1,control,experimental
397,12,1,1,control,experimental
397,12,2,1,control,experimental
397,12,1,1,control,experimental
397,12,2,1,control,experimental
397,12,2,1,control,experimental
397,12,2,1,control,experimental
397,12,2,1,control,experimental
397,12,2,1,control,experimental
397,12,1,1,control,experimental
397,12,2,1,control,experimental
397,12,2,1,control,experimental
397,12,1,1,control,experimental
397,12,1,1,control,experimental
397,12,2,1,control,experimental
397,12,2,1,control,experimental
397,12,2,1,control,experimental
397,12,2,1,control,experimental
397,12,2,1,control,experimental
397,12,1,1,control,experimental
397,12,2,1,control,experimental
397,12,2,1,control,experimental
397,12,2,1,control,experimental
397,12,2,1,control,experimental
397,12,1,1,control,experimental
397,12,2,1,control,experimental
397,12,1,1,control,experimental
397,12,2,1,control,experimental
397,12,2,1,control,experimental
397,12,2,1,control,experimental
397,12,2,1,control,experimental
397,12,2,1,control,experimental
397,12,2,1,control,experimental
397,12,1,1,control,experimental
397,12,2,1,control,experimental
397,12,2,1,control,experimental
397,12,2,1,control,experimental
397,12,2,1,control,experimental
397,12,2,1,control,experimental
397,12,1,1,control,experimental
397,12,2,1,control,experimental
397,12,2,1,control,experimental
397,12,2,1,control,experimental
397,12,2,1,control,experimental
397,12,2,1,control,experimental
397,13,1,1,control,experimental
397,13,1,1,control,experimental
397,13,2,1,control,experimental
397,13,2,1,control,experimental
397,13,1,1,control,experimental
397,13,1,1,control,experimental
397,13,2,1,control,experimental
397,13,2,1,control,experimental
397,13,2,1,control,experimental
397,13,1,1,control,experimental
397,13,2,1,control,experimental
397,13,1,1,control,experimental
397,13,1,1,control,experimental
397,13,2,1,control,experimental
397,13,2,1,control,experimental
397,13,1,1,control,experimental
397,13,2,1,control,experimental
397,13,1,1,control,experimental
397,13,2,1,control,experimental
397,13,2,1,control,experimental
397,13,2,1,control,experimental
397,13,2,1,control,experimental
397,13,1,1,control,experimental
397,13,2,1,control,experimental
397,13,2,1,control,experimental
397,13,1,1,control,experimental
397,13,2,1,control,experimental
397,13,2,1,control,experimental
397,13,2,1,control,experimental
397,13,1,1,control,experimental
397,13,2,1,control,experimental
397,13,2,1,control,experimental
397,13,2,1,control,experimental
397,13,2,1,control,experimental
397,13,2,1,control,experimental
397,13,2,1,control,experimental
397,13,1,1,control,experimental
397,13,2,1,control,experimental
397,13,2,1,control,experimental
397,13,1,1,control,experimental
397,13,2,1,control,experimental
397,13,2,1,control,experimental
397,13,2,1,control,experimental
397,13,1,1,control,experimental
397,13,2,1,control,experimental
397,13,2,1,control,experimental
397,13,1,1,control,experimental
397,13,2,1,control,experimental
397,13,2,1,control,experimental
397,13,1,1,control,experimental
397,13,2,1,control,experimental
397,13,2,1,control,experimental
397,13,2,1,control,experimental
397,13,2,1,control,experimental
397,13,2,1,control,experimental
397,13,2,1,control,experimental
397,13,2,1,control,experimental
397,13,1,1,control,experimental
397,13,2,1,control,experimental
397,13,2,1,control,experimental
397,13,2,1,control,experimental
397,14,1,1,control,experimental
397,14,2,1,control,experimental
397,14,2,1,control,experimental
397,14,1,1,control,experimental
397,14,1,1,control,experimental
397,14,2,1,control,experimental
397,14,2,1,control,experimental
397,14,1,1,control,experimental
397,14,2,1,control,experimental
397,14,1,1,control,experimental
397,14,2,1,control,experimental
397,14,1,1,control,experimental
397,14,2,1,control,experimental
397,14,1,1,control,experimental
397,14,2,1,control,experimental
397,14,1,1,control,experimental
397,14,2,1,control,experimental
397,14,2,1,control,experimental
397,14,2,1,control,experimental
397,14,2,1,control,experimental
397,14,2,1,control,experimental
397,14,1,1,control,experimental
397,14,1,1,control,experimental
397,14,2,1,control,experimental
397,14,2,1,control,experimental
397,14,1,1,control,experimental
397,14,2,1,control,experimental
397,14,1,1,control,experimental
397,14,2,1,control,experimental
397,14,2,1,control,experimental
397,14,2,1,control,experimental
397,14,2,1,control,experimental
397,14,1,1,control,experimental
397,14,2,1,control,experimental
397,14,2,1,control,experimental
397,14,2,1,control,experimental
397,14,2,1,control,experimental
397,14,2,1,control,experimental
397,14,2,1,control,experimental
397,14,2,1,control,experimental
397,14,2,1,control,experimental
397,14,1,1,control,experimental
397,14,1,1,control,experimental
397,14,1,1,control,experimental
397,14,2,1,control,experimental
397,14,2,1,control,experimental
397,14,2,1,control,experimental
397,14,1,1,control,experimental
397,14,2,1,control,experimental
397,14,2,1,control,experimental
397,14,2,1,control,experimental
397,14,2,1,control,experimental
397,14,2,1,control,experimental
397,14,2,1,control,experimental
397,14,1,1,control,experimental
397,14,1,1,control,experimental
397,14,2,1,control,experimental
397,14,2,1,control,experimental
397,14,2,1,control,experimental
397,14,2,1,control,experimental
397,14,1,1,control,experimental
397,14,1,1,control,experimental
397,14,2,1,control,experimental
397,15,2,1,control,experimental
397,15,1,1,control,experimental
397,15,1,1,control,experimental
397,15,2,1,control,experimental
397,15,1,1,control,experimental
397,15,2,1,control,experimental
397,15,1,1,control,experimental
397,15,2,1,control,experimental
397,15,2,1,control,experimental
397,15,2,1,control,experimental
397,15,2,1,control,experimental
397,15,2,1,control,experimental
397,15,2,1,control,experimental
397,15,2,1,control,experimental
397,15,2,1,control,experimental
397,15,1,1,control,experimental
397,15,1,1,control,experimental
397,15,1,1,control,experimental
397,15,1,1,control,experimental
397,15,2,1,control,experimental
397,15,2,1,control,experimental
397,15,1,1,control,experimental
397,15,2,1,control,experimental
397,15,1,1,control,experimental
397,15,2,1,control,experimental
397,15,1,1,control,experimental
397,15,2,1,control,experimental
397,15,1,1,control,experimental
397,15,2,1,control,experimental
397,15,2,1,control,experimental
397,15,1,1,control,experimental
397,15,2,1,control,experimental
397,15,2,1,control,experimental
397,15,1,1,control,experimental
397,15,2,1,control,experimental
397,15,2,1,control,experimental
397,15,2,1,control,experimental
397,15,1,1,control,experimental
397,15,2,1,control,experimental
397,15,2,1,control,experimental
397,15,1,1,control,experimental
397,15,1,1,control,experimental
397,15,1,1,control,experimental
397,15,2,1,control,experimental
397,15,2,1,control,experimental
397,15,2,1,control,experimental
397,15,2,1,control,experimental
397,15,1,1,control,experimental
397,15,1,1,control,experimental
397,15,2,1,control,experimental
397,15,1,1,control,experimental
397,15,2,1,control,experimental
397,15,1,1,control,experimental
397,15,2,1,control,experimental
397,15,2,1,control,experimental
397,15,2,1,control,experimental
397,15,1,1,control,experimental
397,15,2,1,control,experimental
397,15,2,1,control,experimental
397,15,2,1,control,experimental
397,16,2,1,control,experimental
397,16,2,1,control,experimental
397,16,1,1,control,experimental
397,16,2,1,control,experimental
397,16,1,1,control,experimental
397,16,2,1,control,experimental
397,16,2,1,control,experimental
397,16,1,1,control,experimental
397,16,1,1,control,experimental
397,16,2,1,control,experimental
397,16,1,1,control,experimental
397,16,2,1,control,experimental
397,16,2,1,control,experimental
397,16,2,1,control,experimental
397,16,2,1,control,experimental
397,16,1,1,control,experimental
397,16,1,1,control,experimental
397,16,2,1,control,experimental
397,16,2,1,control,experimental
397,16,1,1,control,experimental
397,16,1,1,control,experimental
397,16,2,1,control,experimental
397,16,1,1,control,experimental
397,16,2,1,control,experimental
397,16,2,1,control,experimental
397,16,1,1,control,experimental
397,16,2,1,control,experimental
397,16,1,1,control,experimental
397,16,1,1,control,experimental
397,16,2,1,control,experimental
397,16,2,1,control,experimental
397,16,1,1,control,experimental
397,16,2,1,control,experimental
397,16,2,1,control,experimental
397,16,1,1,control,experimental
397,16,2,1,control,experimental
397,16,1,1,control,experimental
397,16,2,1,control,experimental
397,16,2,1,control,experimental
397,16,2,1,control,experimental
397,16,1,1,control,experimental
397,16,2,1,control,experimental
397,16,2,1,control,experimental
397,16,1,1,control,experimental
397,16,2,1,control,experimental
397,16,2,1,control,experimental
397,16,2,1,control,experimental
397,16,1,1,control,experimental
397,16,2,1,control,experimental
397,16,2,1,control,experimental
397,16,2,1,control,experimental
397,16,2,1,control,experimental
397,16,2,1,control,experimental
397,16,2,1,control,experimental
397,16,2,1,control,experimental
397,16,2,1,control,experimental
397,16,1,1,control,experimental
397,16,1,1,control,experimental
397,16,2,1,control,experimental
397,17,1,1,control,experimental
397,17,2,1,control,experimental
397,17,2,1,control,experimental
397,17,1,1,control,experimental
397,17,2,1,control,experimental
397,17,2,1,control,experimental
397,17,1,1,control,experimental
397,17,2,1,control,experimental
397,17,2,1,control,experimental
397,17,2,1,control,experimental
397,17,2,1,control,experimental
397,17,1,1,control,experimental
397,17,2,1,control,experimental
397,17,2,1,control,experimental
397,17,2,1,control,experimental
397,17,1,1,control,experimental
397,17,2,1,control,experimental
397,17,1,1,control,experimental
397,17,2,1,control,experimental
397,17,2,1,control,experimental
397,17,2,1,control,experimental
397,17,2,1,control,experimental
397,17,1,1,control,experimental
397,17,2,1,control,experimental
397,17,1,1,control,experimental
397,17,1,1,control,experimental
397,17,2,1,control,experimental
397,17,2,1,control,experimental
397,17,2,1,control,experimental
397,17,2,1,control,experimental
397,17,2,1,control,experimental
397,17,2,1,control,experimental
397,17,2,1,control,experimental
397,17,2,1,control,experimental
397,17,2,1,control,experimental
397,17,2,1,control,experimental
397,17,2,1,control,experimental
397,17,1,1,control,experimental
397,17,1,1,control,experimental
397,17,1,1,control,experimental
397,17,2,1,control,experimental
397,17,2,1,control,experimental
397,17,2,1,control,experimental
397,17,1,1,control,experimental
397,17,1,1,control,experimental
397,17,2,1,control,experimental
397,17,2,1,control,experimental
397,17,2,1,control,experimental
397,17,2,1,control,experimental
397,17,1,1,control,experimental
397,17,2,1,control,experimental
397,17,2,1,control,experimental
397,17,2,1,control,experimental
397,17,2,1,control,experimental
397,17,2,1,control,experimental
397,17,2,1,control,experimental
397,18,2,1,control,experimental
397,18,1,1,control,experimental
397,18,2,1,control,experimental
397,18,2,1,control,experimental
397,18,1,1,control,experimental
397,18,2,1,control,experimental
397,18,1,1,control,experimental
397,18,2,1,control,experimental
397,18,2,1,control,experimental
397,18,2,1,control,experimental
397,18,1,1,control,experimental
397,18,2,1,control,experimental
397,18,2,1,control,experimental
397,18,1,1,control,experimental
397,18,2,1,control,experimental
397,18,2,1,control,experimental
397,18,2,1,control,experimental
397,18,1,1,control,experimental
397,18,2,1,control,experimental
397,18,1,1,control,experimental
397,18,1,1,control,experimental
397,18,2,1,control,experimental
397,18,2,1,control,experimental
397,18,2,1,control,experimental
397,18,2,1,control,experimental
397,18,1,1,control,experimental
397,18,2,1,control,experimental
397,18,1,1,control,experimental
397,18,2,1,control,experimental
397,18,1,1,control,experimental
397,18,1,1,control,experimental
397,18,2,1,control,experimental
397,18,2,1,control,experimental
397,18,2,1,control,experimental
397,18,1,1,control,experimental
397,18,2,1,control,experimental
397,18,2,1,control,experimental
397,18,2,1,control,experimental
397,18,2,1,control,experimental
397,18,2,1,control,experimental
397,18,2,1,control,experimental
397,18,2,1,control,experimental
397,18,2,1,control,experimental
397,18,2,1,control,experimental
397,18,1,1,control,experimental
397,18,2,1,control,experimental
397,18,1,1,control,experimental
397,18,2,1,control,experimental
397,18,2,1,control,experimental
397,18,2,1,control,experimental
397,18,2,1,control,experimental
397,18,2,1,control,experimental
397,18,1,1,control,experimental
397,18,2,1,control,experimental
397,18,2,1,control,experimental
397,19,1,1,control,experimental
397,19,2,1,control,experimental
397,19,1,1,control,experimental
397,19,2,1,control,experimental
397,19,1,1,control,experimental
397,19,2,1,control,experimental
397,19,2,1,control,experimental
397,19,1,1,control,experimental
397,19,2,1,control,experimental
397,19,2,1,control,experimental
397,19,2,1,control,experimental
397,19,2,1,control,experimental
397,19,1,1,control,experimental
397,19,1,1,control,experimental
397,19,2,1,control,experimental
397,19,2,1,control,experimental
397,19,2,1,control,experimental
397,19,2,1,control,experimental
397,19,1,1,control,experimental
397,19,1,1,control,experimental
397,19,2,1,control,experimental
397,19,1,1,control,experimental
397,19,2,1,control,experimental
397,19,2,1,control,experimental
397,19,1,1,control,experimental
397,19,2,1,control,experimental
397,19,2,1,control,experimental
397,19,2,1,control,experimental
397,19,2,1,control,experimental
397,19,2,1,control,experimental
397,19,1,1,control,experimental
397,19,1,1,control,experimental
397,19,2,1,control,experimental
397,19,2,1,control,experimental
397,19,1,1,control,experimental
397,19,2,1,control,experimental
397,19,1,1,control,experimental
397,19,2,1,control,experimental
397,19,2,1,control,experimental
397,19,2,1,control,experimental
397,19,2,1,control,experimental
397,19,2,1,control,experimental
397,19,2,1,control,experimental
397,19,2,1,control,experimental
397,19,2,1,control,experimental
397,19,2,1,control,experimental
397,19,1,1,control,experimental
397,19,1,1,control,experimental
397,19,2,1,control,experimental
397,19,1,1,control,experimental
397,19,2,1,control,experimental
397,19,2,1,control,experimental
397,19,2,1,control,experimental
397,19,2,1,control,experimental
397,19,2,1,control,experimental
397,19,2,1,control,experimental
397,19,2,1,control,experimental
397,19,1,1,control,experimental
397,19,2,1,control,experimental
397,19,1,1,control,experimental
397,19,2,1,control,experimental
397,19,2,1,control,experimental
397,19,2,1,control,experimental
397,19,2,1,control,experimental
397,19,2,1,control,experimental
397,19,1,1,control,experimental
397,19,2,1,control,experimental
397,19,2,1,control,experimental
397,20,2,1,control,experimental
397,20,1,1,control,experimental
397,20,1,1,control,experimental
397,20,2,1,control,experimental
397,20,2,1,control,experimental
397,20,1,1,control,experimental
397,20,2,1,control,experimental
397,20,2,1,control,experimental
397,20,1,1,control,experimental
397,20,2,1,control,experimental
397,20,1,1,control,experimental
397,20,2,1,control,experimental
397,20,2,1,control,experimental
397,20,1,1,control,experimental
397,20,1,1,control,experimental
397,20,2,1,control,experimental
397,20,2,1,control,experimental
397,20,1,1,control,experimental
397,20,1,1,control,experimental
397,20,1,1,control,experimental
397,20,2,1,control,experimental
397,20,1,1,control,experimental
397,20,1,1,control,experimental
397,20,1,1,control,experimental
397,20,2,1,control,experimental
397,20,2,1,control,experimental
397,20,1,1,control,experimental
397,20,2,1,control,experimental
397,20,2,1,control,experimental
397,20,2,1,control,experimental
397,20,2,1,control,experimental
397,20,2,1,control,experimental
397,20,1,1,control,experimental
397,20,2,1,control,experimental
397,20,1,1,control,experimental
397,20,2,1,control,experimental
397,20,1,1,control,experimental
397,20,1,1,control,experimental
397,20,1,1,control,experimental
397,20,1,1,control,experimental
397,20,2,1,control,experimental
397,20,2,1,control,experimental
397,20,2,1,control,experimental
397,20,2,1,control,experimental
397,20,2,1,control,experimental
397,20,2,1,control,experimental
397,20,2,1,control,experimental
397,20,2,1,control,experimental
397,20,2,1,control,experimental
397,20,2,1,control,experimental
397,20,2,1,control,experimental
397,20,2,1,control,experimental
397,20,2,1,control,experimental
397,20,2,1,control,experimental
397,20,2,1,control,experimental
397,20,2,1,control,experimental
397,20,2,1,control,experimental
397,20,2,1,control,experimental
397,20,2,1,control,experimental
397,20,2,1,control,experimental
397,20,2,1,control,experimental
397,20,1,1,control,experimental
397,20,2,1,control,experimental
397,20,1,1,control,experimental
397,21,2,1,control,experimental
397,21,1,1,control,experimental
397,21,1,1,control,experimental
397,21,2,1,control,experimental
397,21,2,1,control,experimental
397,21,1,1,control,experimental
397,21,2,1,control,experimental
397,21,1,1,control,experimental
397,21,2,1,control,experimental
397,21,1,1,control,experimental
397,21,2,1,control,experimental
397,21,1,1,control,experimental
397,21,2,1,control,experimental
397,21,1,1,control,experimental
397,21,2,1,control,experimental
397,21,1,1,control,experimental
397,21,2,1,control,experimental
397,21,1,1,control,experimental
397,21,2,1,control,experimental
397,21,1,1,control,experimental
397,21,2,1,control,experimental
397,21,1,1,control,experimental
397,21,2,1,control,experimental
397,21,1,1,control,experimental
397,21,2,1,control,experimental
397,21,2,1,control,experimental
397,21,1,1,control,experimental
397,21,2,1,control,experimental
397,21,2,1,control,experimental
397,21,2,1,control,experimental
397,21,1,1,control,experimental
397,21,2,1,control,experimental
397,21,1,1,control,experimental
397,21,2,1,control,experimental
397,21,2,1,control,experimental
397,21,2,1,control,experimental
397,21,2,1,control,experimental
397,21,2,1,control,experimental
397,21,2,1,control,experimental
397,21,2,1,control,experimental
397,21,2,1,control,experimental
397,21,2,1,control,experimental
397,21,2,1,control,experimental
397,21,2,1,control,experimental
397,21,2,1,control,experimental
397,21,2,1,control,experimental
397,21,2,1,control,experimental
397,21,2,1,control,experimental
397,21,2,1,control,experimental
397,21,1,1,control,experimental
397,21,2,1,control,experimental
397,21,2,1,control,experimental
397,21,1,1,control,experimental
397,21,2,1,control,experimental
397,21,1,1,control,experimental
397,21,2,1,control,experimental
397,21,2,1,control,experimental
397,21,2,1,control,experimental
397,21,2,1,control,experimental
397,21,2,1,control,experimental
397,21,2,1,control,experimental
397,21,2,1,control,experimental
397,21,2,1,control,experimental
397,21,2,1,control,experimental
397,21,2,1,control,experimental
397,21,2,1,control,experimental
397,21,2,1,control,experimental
397,21,2,1,control,experimental
397,21,1,1,control,experimental
397,21,1,1,control,experimental
397,21,2,1,control,experimental
397,21,2,1,control,experimental
397,21,2,1,control,experimental
397,21,1,1,control,experimental
397,21,2,1,control,experimental
397,21,1,1,control,experimental
397,21,2,1,control,experimental
397,21,2,1,control,experimental
397,21,1,1,control,experimental
397,21,2,1,control,experimental
397,21,2,1,control,experimental
397,21,2,1,control,experimental
397,21,2,1,control,experimental
397,21,2,1,control,experimental
397,22,2,1,control,experimental
397,22,1,1,control,experimental
397,22,2,1,control,experimental
397,22,1,1,control,experimental
397,22,1,1,control,experimental
397,22,2,1,control,experimental
397,22,2,1,control,experimental
397,22,1,1,control,experimental
397,22,2,1,control,experimental
397,22,1,1,control,experimental
397,22,2,1,control,experimental
397,22,1,1,control,experimental
397,22,2,1,control,experimental
397,22,1,1,control,experimental
397,22,2,1,control,experimental
397,22,1,1,control,experimental
397,22,1,1,control,experimental
397,22,2,1,control,experimental
397,22,1,1,control,experimental
397,22,2,1,control,experimental
397,22,1,1,control,experimental
397,22,1,1,control,experimental
397,22,2,1,control,experimental
397,22,2,1,control,experimental
397,22,1,1,control,experimental
397,22,2,1,control,experimental
397,22,2,1,control,experimental
397,22,2,1,control,experimental
397,22,2,1,control,experimental
397,22,1,1,control,experimental
397,22,2,1,control,experimental
397,22,1,1,control,experimental
397,22,2,1,control,experimental
397,22,2,1,control,experimental
397,22,2,1,control,experimental
397,22,2,1,control,experimental
397,22,2,1,control,experimental
397,22,2,1,control,experimental
397,22,2,1,control,experimental
397,22,2,1,control,experimental
397,22,2,1,control,experimental
397,22,2,1,control,experimental
397,22,2,1,control,experimental
397,22,2,1,control,experimental
397,22,2,1,control,experimental
397,22,2,1,control,experimental
397,22,2,1,control,experimental
397,22,2,1,control,experimental
397,22,2,1,control,experimental
397,22,2,1,control,experimental
397,22,2,1,control,experimental
397,22,2,1,control,experimental
397,22,2,1,control,experimental
397,22,2,1,control,experimental
397,22,2,1,control,experimental
397,22,2,1,control,experimental
397,22,1,1,control,experimental
397,22,2,1,control,experimental
397,22,2,1,control,experimental
397,22,2,1,control,experimental
397,22,2,1,control,experimental
397,22,2,1,control,experimental
397,22,2,1,control,experimental
397,22,2,1,control,experimental
397,22,2,1,control,experimental
397,22,2,1,control,experimental
397,22,2,1,control,experimental
397,22,2,1,control,experimental
397,22,2,1,control,experimental
397,22,2,1,control,experimental
397,22,2,1,control,experimental
397,22,2,1,control,experimental
397,22,2,1,control,experimental
397,22,1,1,control,experimental
397,23,2,1,control,experimental
397,23,1,1,control,experimental
397,23,1,1,control,experimental
397,23,2,1,control,experimental
397,23,2,1,control,experimental
397,23,2,1,control,experimental
397,23,1,1,control,experimental
397,23,1,1,control,experimental
397,23,2,1,control,experimental
397,23,2,1,control,experimental
397,23,2,1,control,experimental
397,23,1,1,control,experimental
397,23,2,1,control,experimental
397,23,1,1,control,experimental
397,23,2,1,control,experimental
397,23,2,1,control,experimental
397,23,2,1,control,experimental
397,23,2,1,control,experimental
397,23,2,1,control,experimental
397,23,2,1,control,experimental
397,23,2,1,control,experimental
397,23,1,1,control,experimental
397,23,2,1,control,experimental
397,23,2,1,control,experimental
397,23,2,1,control,experimental
397,23,2,1,control,experimental
397,23,2,1,control,experimental
397,23,2,1,control,experimental
397,23,2,1,control,experimental
397,23,2,1,control,experimental
397,23,1,1,control,experimental
397,23,2,1,control,experimental
397,23,2,1,control,experimental
397,23,2,1,control,experimental
397,23,2,1,control,experimental
397,23,2,1,control,experimental
397,23,2,1,control,experimental
397,23,1,1,control,experimental
397,23,2,1,control,experimental
397,23,2,1,control,experimental
397,23,2,1,control,experimental
397,23,2,1,control,experimental
397,23,2,1,control,experimental
397,23,2,1,control,experimental
397,23,2,1,control,experimental
397,23,2,1,control,experimental
397,23,2,1,control,experimental
397,23,2,1,control,experimental
397,23,2,1,control,experimental
397,23,2,1,control,experimental
397,23,2,1,control,experimental
397,23,2,1,control,experimental
397,23,2,1,control,experimental
397,23,2,1,control,experimental
397,23,2,1,control,experimental
397,23,2,1,control,experimental
397,23,2,1,control,experimental
397,23,2,1,control,experimental
397,23,2,1,control,experimental
397,23,2,1,control,experimental
397,23,2,1,control,experimental
397,23,2,1,control,experimental
397,23,2,1,control,experimental
397,23,1,1,control,experimental
397,23,1,1,control,experimental
397,23,2,1,control,experimental
397,23,2,1,control,experimental
397,23,1,1,control,experimental
397,23,2,1,control,experimental
397,23,2,1,control,experimental
397,23,2,1,control,experimental
397,23,2,1,control,experimental
397,23,2,1,control,experimental
397,24,2,1,control,experimental
397,24,2,1,control,experimental
397,24,1,1,control,experimental
397,24,1,1,control,experimental
397,24,2,1,control,experimental
397,24,2,1,control,experimental
397,24,1,1,control,experimental
397,24,2,1,control,experimental
397,24,2,1,control,experimental
397,24,1,1,control,experimental
397,24,2,1,control,experimental
397,24,1,1,control,experimental
397,24,2,1,control,experimental
397,24,2,1,control,experimental
397,24,2,1,control,experimental
397,24,1,1,control,experimental
397,24,1,1,control,experimental
397,24,2,1,control,experimental
397,24,2,1,control,experimental
397,24,2,1,control,experimental
397,24,1,1,control,experimental
397,24,2,1,control,experimental
397,24,2,1,control,experimental
397,24,2,1,control,experimental
397,24,2,1,control,experimental
397,24,2,1,control,experimental
397,24,2,1,control,experimental
397,24,2,1,control,experimental
397,24,2,1,control,experimental
397,24,2,1,control,experimental
397,24,2,1,control,experimental
397,24,1,1,control,experimental
397,24,2,1,control,experimental
397,24,2,1,control,experimental
397,24,2,1,control,experimental
397,24,2,1,control,experimental
397,24,2,1,control,experimental
397,24,2,1,control,experimental
397,24,2,1,control,experimental
397,24,1,1,control,experimental
397,24,2,1,control,experimental
397,24,1,1,control,experimental
397,24,2,1,control,experimental
397,24,2,1,control,experimental
397,24,2,1,control,experimental
397,24,2,1,control,experimental
397,24,1,1,control,experimental
397,24,2,1,control,experimental
397,24,2,1,control,experimental
397,24,2,1,control,experimental
397,24,2,1,control,experimental
397,24,2,1,control,experimental
397,24,2,1,control,experimental
397,24,2,1,control,experimental
397,24,2,1,control,experimental
397,24,2,1,control,experimental
397,24,2,1,control,experimental
397,24,2,1,control,experimental
397,24,2,1,control,experimental
397,24,1,1,control,experimental
397,24,2,1,control,experimental
397,24,2,1,control,experimental
397,24,2,1,control,experimental
397,24,2,1,control,experimental
397,24,2,1,control,experimental
397,24,2,1,control,experimental
397,24,1,1,control,experimental
397,24,1,1,control,experimental
397,24,2,1,control,experimental
397,26,2,1,control,experimental
397,26,1,1,control,experimental
397,26,2,1,control,experimental
397,26,2,1,control,experimental
397,26,1,1,control,experimental
397,26,2,1,control,experimental
397,26,1,1,control,experimental
397,26,2,1,control,experimental
397,26,2,1,control,experimental
397,26,1,1,control,experimental
397,26,2,1,control,experimental
397,26,1,1,control,experimental
397,26,2,1,control,experimental
397,26,2,1,control,experimental
397,26,2,1,control,experimental
397,26,2,1,control,experimental
397,26,2,1,control,experimental
397,26,2,1,control,experimental
397,26,2,1,control,experimental
397,26,2,1,control,experimental
397,26,2,1,control,experimental
397,26,2,1,control,experimental
397,26,2,1,control,experimental
397,26,2,1,control,experimental
397,26,1,1,control,experimental
397,26,2,1,control,experimental
397,26,2,1,control,experimental
397,26,2,1,control,experimental
397,26,2,1,control,experimental
397,26,2,1,control,experimental
397,26,2,1,control,experimental
397,26,2,1,control,experimental
397,26,2,1,control,experimental
397,26,2,1,control,experimental
397,26,2,1,control,experimental
397,26,2,1,control,experimental
397,26,2,1,control,experimental
397,26,2,1,control,experimental
397,26,2,1,control,experimental
397,26,2,1,control,experimental
397,26,2,1,control,experimental
397,26,2,1,control,experimental
397,26,2,1,control,experimental
397,26,2,1,control,experimental
397,26,2,1,control,experimental
397,26,2,1,control,experimental
397,26,2,1,control,experimental
397,26,2,1,control,experimental
397,26,2,1,control,experimental
397,26,2,1,control,experimental
397,26,2,1,control,experimental
397,26,2,1,control,experimental
397,26,2,1,control,experimental
397,26,2,1,control,experimental
397,26,2,1,control,experimental
397,26,2,1,control,experimental
397,26,2,1,control,experimental
397,26,2,1,control,experimental
397,26,2,1,control,experimental
397,26,2,1,control,experimental
397,26,2,1,control,experimental
397,26,2,1,control,experimental
397,26,2,1,control,experimental
397,26,2,1,control,experimental
397,26,2,1,control,experimental
397,26,2,1,control,experimental
397,26,2,1,control,experimental
397,26,2,1,control,experimental
397,26,2,1,control,experimental
397,26,2,1,control,experimental
397,26,2,1,control,experimental
397,26,2,1,control,experimental
397,26,2,1,control,experimental
397,26,1,1,control,experimental
397,26,2,1,control,experimental
397,26,2,1,control,experimental
397,27,2,1,control,experimental
397,27,1,1,control,experimental
397,27,2,1,control,experimental
397,27,1,1,control,experimental
397,27,2,1,control,experimental
397,27,2,1,control,experimental
397,27,2,1,control,experimental
397,27,2,1,control,experimental
397,27,2,1,control,experimental
397,27,1,1,control,experimental
397,27,2,1,control,experimental
397,27,2,1,control,experimental
397,27,2,1,control,experimental
397,27,2,1,control,experimental
397,27,2,1,control,experimental
397,27,1,1,control,experimental
397,27,2,1,control,experimental
397,27,2,1,control,experimental
397,27,2,1,control,experimental
397,27,2,1,control,experimental
397,27,2,1,control,experimental
397,27,2,1,control,experimental
397,27,2,1,control,experimental
397,27,2,1,control,experimental
397,27,2,1,control,experimental
397,27,2,1,control,experimental
397,27,2,1,control,experimental
397,27,2,1,control,experimental
397,27,2,1,control,experimental
397,27,2,1,control,experimental
397,27,2,1,control,experimental
397,27,2,1,control,experimental
397,27,2,1,control,experimental
397,27,2,1,control,experimental
397,27,2,1,control,experimental
397,27,2,1,control,experimental
397,27,2,1,control,experimental
397,27,2,1,control,experimental
397,27,2,1,control,experimental
397,27,2,1,control,experimental
397,27,2,1,control,experimental
397,27,2,1,control,experimental
397,27,2,1,control,experimental
397,27,2,1,control,experimental
397,27,2,1,control,experimental
397,27,2,1,control,experimental
397,27,2,1,control,experimental
397,27,2,1,control,experimental
397,27,2,1,control,experimental
397,27,2,1,control,experimental
397,27,2,1,control,experimental
397,27,2,1,control,experimental
397,27,2,1,control,experimental
397,27,2,1,control,experimental
397,27,2,1,control,experimental
397,27,2,1,control,experimental
397,27,1,1,control,experimental
397,27,2,1,control,experimental
397,27,2,1,control,experimental
397,27,2,1,control,experimental
398,0,1,1,experimental,basal
398,0,2,1,experimental,basal
398,0,1,1,experimental,basal
398,0,2,1,experimental,basal
398,0,1,1,experimental,basal
398,0,1,1,experimental,basal
398,0,2,1,experimental,basal
398,0,2,1,experimental,basal
398,0,1,1,experimental,basal
398,0,1,1,experimental,basal
398,0,2,1,experimental,basal
398,0,1,1,experimental,basal
398,0,2,1,experimental,basal
398,0,2,1,experimental,basal
398,0,1,1,experimental,basal
398,0,1,1,experimental,basal
398,0,1,1,experimental,basal
398,0,1,1,experimental,basal
398,0,2,1,experimental,basal
398,0,1,1,experimental,basal
398,0,2,1,experimental,basal
398,0,1,1,experimental,basal
398,0,1,1,experimental,basal
398,0,2,1,experimental,basal
398,0,1,1,experimental,basal
398,0,2,1,experimental,basal
398,0,1,1,experimental,basal
398,0,1,1,experimental,basal
398,0,1,1,experimental,basal
398,0,2,1,experimental,basal
398,0,1,1,experimental,basal
398,0,1,1,experimental,basal
398,0,1,1,experimental,basal
398,0,2,1,experimental,basal
398,1,2,1,experimental,basal
398,1,1,1,experimental,basal
398,1,1,1,experimental,basal
398,1,1,1,experimental,basal
398,1,2,1,experimental,basal
398,1,2,1,experimental,basal
398,1,2,1,experimental,basal
398,1,2,1,experimental,basal
398,1,2,1,experimental,basal
398,1,1,1,experimental,basal
398,1,1,1,experimental,basal
398,1,1,1,experimental,basal
398,1,2,1,experimental,basal
398,1,2,1,experimental,basal
398,1,2,1,experimental,basal
398,1,1,1,experimental,basal
398,1,2,1,experimental,basal
398,1,1,1,experimental,basal
398,1,2,1,experimental,basal
398,1,2,1,experimental,basal
398,1,2,1,experimental,basal
398,1,2,1,experimental,basal
398,1,1,1,experimental,basal
398,1,2,1,experimental,basal
398,1,2,1,experimental,basal
398,1,2,1,experimental,basal
398,1,1,1,experimental,basal
398,1,1,1,experimental,basal
398,1,1,1,experimental,basal
398,1,1,1,experimental,basal
398,1,2,1,experimental,basal
398,1,1,1,experimental,basal
398,1,2,1,experimental,basal
398,1,1,1,experimental,basal
398,1,2,1,experimental,basal
398,1,2,1,experimental,basal
398,1,1,1,experimental,basal
398,1,1,1,experimental,basal
398,1,2,1,experimental,basal
398,1,2,1,experimental,basal
398,2,1,1,experimental,basal
398,2,2,1,experimental,basal
398,2,1,1,experimental,basal
398,2,1,1,experimental,basal
398,2,2,1,experimental,basal
398,2,2,1,experimental,basal
398,2,1,1,experimental,basal
398,2,2,1,experimental,basal
398,2,2,1,experimental,basal
398,2,1,1,experimental,basal
398,2,2,1,experimental,basal
398,2,2,1,experimental,basal
398,2,1,1,experimental,basal
398,2,2,1,experimental,basal
398,2,1,1,experimental,basal
398,2,1,1,experimental,basal
398,2,2,1,experimental,basal
398,2,1,1,experimental,basal
398,2,2,1,experimental,basal
398,2,1,1,experimental,basal
398,2,2,1,experimental,basal
398,2,1,1,experimental,basal
398,2,2,1,experimental,basal
398,2,1,1,experimental,basal
398,2,1,1,experimental,basal
398,2,1,1,experimental,basal
398,2,1,1,experimental,basal
398,2,2,1,experimental,basal
398,2,2,1,experimental,basal
398,2,1,1,experimental,basal
398,2,2,1,experimental,basal
398,2,2,1,experimental,basal
398,2,1,1,experimental,basal
398,2,2,1,experimental,basal
398,2,1,1,experimental,basal
398,2,1,1,experimental,basal
398,2,2,1,experimental,basal
398,2,1,1,experimental,basal
398,2,2,1,experimental,basal
398,2,1,1,experimental,basal
398,2,2,1,experimental,basal
398,2,2,1,experimental,basal
398,2,1,1,experimental,basal
398,2,1,1,experimental,basal
398,2,1,1,experimental,basal
398,2,1,1,experimental,basal
398,2,2,1,experimental,basal
398,2,1,1,experimental,basal
398,2,2,1,experimental,basal
398,2,1,1,experimental,basal
398,2,2,1,experimental,basal
398,2,1,1,experimental,basal
398,2,2,1,experimental,basal
398,2,1,1,experimental,basal
398,2,1,1,experimental,basal
398,2,2,1,experimental,basal
398,3,2,1,experimental,basal
398,3,2,1,experimental,basal
398,3,1,1,experimental,basal
398,3,1,1,experimental,basal
398,3,2,1,experimental,basal
398,3,1,1,experimental,basal
398,3,2,1,experimental,basal
398,3,2,1,experimental,basal
398,3,1,1,experimental,basal
398,3,2,1,experimental,basal
398,3,2,1,experimental,basal
398,3,2,1,experimental,basal
398,3,2,1,experimental,basal
398,3,2,1,experimental,basal
398,3,1,1,experimental,basal
398,3,2,1,experimental,basal
398,3,1,1,experimental,basal
398,3,2,1,experimental,basal
398,3,2,1,experimental,basal
398,3,2,1,experimental,basal
398,3,2,1,experimental,basal
398,3,2,1,experimental,basal
398,3,2,1,experimental,basal
398,3,1,1,experimental,basal
398,3,2,1,experimental,basal
398,3,2,1,experimental,basal
398,3,2,1,experimental,basal
398,3,2,1,experimental,basal
398,3,1,1,experimental,basal
398,3,2,1,experimental,basal
398,3,2,1,experimental,basal
398,3,1,1,experimental,basal
398,3,2,1,experimental,basal
398,3,2,1,experimental,basal
398,3,2,1,experimental,basal
398,3,2,1,experimental,basal
398,3,1,1,experimental,basal
398,3,2,1,experimental,basal
398,3,2,1,experimental,basal
398,3,1,1,experimental,basal
398,3,1,1,experimental,basal
398,3,1,1,experimental,basal
398,3,2,1,experimental,basal
398,3,2,1,experimental,basal
398,4,1,1,experimental,basal
398,4,2,1,experimental,basal
398,4,1,1,experimental,basal
398,4,1,1,experimental,basal
398,4,1,1,experimental,basal
398,4,1,1,experimental,basal
398,4,2,1,experimental,basal
398,4,1,1,experimental,basal
398,4,2,1,experimental,basal
398,4,1,1,experimental,basal
398,4,1,1,experimental,basal
398,4,1,1,experimental,basal
398,4,1,1,experimental,basal
398,4,1,1,experimental,basal
398,4,2,1,experimental,basal
398,4,1,1,experimental,basal
398,4,2,1,experimental,basal
398,4,1,1,experimental,basal
398,4,2,1,experimental,basal
398,4,2,1,experimental,basal
398,4,1,1,experimental,basal
398,4,2,1,experimental,basal
398,4,2,1,experimental,basal
398,4,1,1,experimental,basal
398,4,1,1,experimental,basal
398,4,2,1,experimental,basal
398,4,2,1,experimental,basal
398,4,2,1,experimental,basal
398,4,2,1,experimental,basal
398,4,1,1,experimental,basal
398,4,1,1,experimental,basal
398,4,1,1,experimental,basal
398,4,1,1,experimental,basal
398,4,1,1,experimental,basal
398,4,1,1,experimental,basal
398,4,2,1,experimental,basal
398,4,1,1,experimental,basal
398,4,1,1,experimental,basal
398,4,2,1,experimental,basal
398,4,1,1,experimental,basal
398,5,1,1,experimental,basal
398,5,2,1,experimental,basal
398,5,1,1,experimental,basal
398,5,2,1,experimental,basal
398,5,2,1,experimental,basal
398,5,1,1,experimental,basal
398,5,1,1,experimental,basal
398,5,2,1,experimental,basal
398,5,2,1,experimental,basal
398,5,1,1,experimental,basal
398,5,1,1,experimental,basal
398,5,2,1,experimental,basal
398,5,1,1,experimental,basal
398,5,2,1,experimental,basal
398,5,2,1,experimental,basal
398,5,1,1,experimental,basal
398,5,2,1,experimental,basal
398,5,1,1,experimental,basal
398,5,1,1,experimental,basal
398,5,2,1,experimental,basal
398,5,1,1,experimental,basal
398,5,2,1,experimental,basal
398,5,1,1,experimental,basal
398,5,2,1,experimental,basal
398,5,2,1,experimental,basal
398,5,2,1,experimental,basal
398,5,2,1,experimental,basal
398,5,2,1,experimental,basal
398,5,2,1,experimental,basal
398,5,1,1,experimental,basal
398,5,1,1,experimental,basal
398,5,2,1,experimental,basal
398,5,1,1,experimental,basal
398,5,1,1,experimental,basal
398,5,1,1,experimental,basal
398,5,1,1,experimental,basal
398,5,1,1,experimental,basal
398,6,1,1,experimental,basal
398,6,2,1,experimental,basal
398,6,1,1,experimental,basal
398,6,1,1,experimental,basal
398,6,1,1,experimental,basal
398,6,2,1,experimental,basal
398,6,1,1,experimental,basal
398,6,1,1,experimental,basal
398,6,2,1,experimental,basal
398,6,2,1,experimental,basal
398,6,1,1,experimental,basal
398,6,1,1,experimental,basal
398,6,1,1,experimental,basal
398,6,2,1,experimental,basal
398,6,1,1,experimental,basal
398,6,2,1,experimental,basal
398,6,1,1,experimental,basal
398,6,1,1,experimental,basal
398,6,1,1,experimental,basal
398,6,2,1,experimental,basal
398,6,1,1,experimental,basal
398,6,1,1,experimental,basal
398,6,1,1,experimental,basal
398,6,1,1,experimental,basal
398,6,1,1,experimental,basal
398,6,1,1,experimental,basal
398,6,1,1,experimental,basal
398,6,1,1,experimental,basal
398,6,1,1,experimental,basal
398,6,1,1,experimental,basal
398,6,1,1,experimental,basal
398,6,1,1,experimental,basal
398,6,1,1,experimental,basal
398,7,1,1,experimental,basal
398,7,1,1,experimental,basal
398,7,2,1,experimental,basal
398,7,1,1,experimental,basal
398,7,1,1,experimental,basal
398,7,2,1,experimental,basal
398,7,1,1,experimental,basal
398,7,1,1,experimental,basal
398,7,2,1,experimental,basal
398,7,2,1,experimental,basal
398,7,1,1,experimental,basal
398,7,1,1,experimental,basal
398,7,2,1,experimental,basal
398,7,2,1,experimental,basal
398,7,1,1,experimental,basal
398,7,1,1,experimental,basal
398,7,2,1,experimental,basal
398,7,1,1,experimental,basal
398,7,2,1,experimental,basal
398,7,1,1,experimental,basal
398,7,1,1,experimental,basal
398,7,1,1,experimental,basal
398,7,1,1,experimental,basal
398,7,1,1,experimental,basal
398,7,1,1,experimental,basal
398,7,1,1,experimental,basal
398,7,2,1,experimental,basal
398,7,1,1,experimental,basal
398,7,1,1,experimental,basal
398,7,1,1,experimental,basal
398,7,1,1,experimental,basal
398,7,1,1,experimental,basal
398,8,2,1,experimental,basal
398,8,1,1,experimental,basal
398,8,1,1,experimental,basal
398,8,1,1,experimental,basal
398,8,1,1,experimental,basal
398,8,2,1,experimental,basal
398,8,2,1,experimental,basal
398,8,1,1,experimental,basal
398,8,1,1,experimental,basal
398,8,1,1,experimental,basal
398,8,2,1,experimental,basal
398,8,1,1,experimental,basal
398,8,1,1,experimental,basal
398,8,1,1,experimental,basal
398,8,2,1,experimental,basal
398,8,1,1,experimental,basal
398,8,2,1,experimental,basal
398,8,1,1,experimental,basal
398,8,1,1,experimental,basal
398,8,1,1,experimental,basal
398,8,1,1,experimental,basal
398,8,1,1,experimental,basal
398,8,1,1,experimental,basal
398,8,1,1,experimental,basal
398,8,1,1,experimental,basal
398,9,1,1,experimental,basal
398,9,2,1,experimental,basal
398,9,1,1,experimental,basal
398,9,1,1,experimental,basal
398,9,1,1,experimental,basal
398,9,1,1,experimental,basal
398,9,2,1,experimental,basal
398,9,1,1,experimental,basal
398,9,2,1,experimental,basal
398,9,1,1,experimental,basal
398,9,1,1,experimental,basal
398,9,1,1,experimental,basal
398,9,2,1,experimental,basal
398,9,1,1,experimental,basal
398,9,1,1,experimental,basal
398,9,1,1,experimental,basal
398,9,1,1,experimental,basal
398,9,2,1,experimental,basal
398,9,1,1,experimental,basal
398,9,1,1,experimental,basal
398,9,1,1,experimental,basal
398,9,1,1,experimental,basal
398,9,1,1,experimental,basal
398,9,1,1,experimental,basal
398,9,1,1,experimental,basal
398,9,1,1,experimental,basal
398,9,1,1,experimental,basal
398,9,1,1,experimental,basal
398,9,1,1,experimental,basal
398,9,1,1,experimental,basal
398,9,1,1,experimental,basal
398,9,1,1,experimental,basal
398,9,1,1,experimental,basal
398,10,1,1,experimental,basal
398,10,1,1,experimental,basal
398,10,1,1,experimental,basal
398,10,2,1,experimental,basal
398,10,1,1,experimental,basal
398,10,1,1,experimental,basal
398,10,2,1,experimental,basal
398,10,1,1,experimental,basal
398,10,1,1,experimental,basal
398,10,1,1,experimental,basal
398,10,1,1,experimental,basal
398,10,1,1,experimental,basal
398,10,1,1,experimental,basal
398,10,1,1,experimental,basal
398,10,2,1,experimental,basal
398,10,1,1,experimental,basal
398,10,1,1,experimental,basal
398,10,1,1,experimental,basal
398,10,1,1,experimental,basal
398,10,1,1,experimental,basal
398,10,2,1,experimental,basal
398,10,1,1,experimental,basal
398,10,2,1,experimental,basal
398,10,2,1,experimental,basal
398,10,1,1,experimental,basal
398,10,1,1,experimental,basal
398,10,1,1,experimental,basal
398,10,1,1,experimental,basal
398,10,1,1,experimental,basal
398,10,1,1,experimental,basal
398,10,1,1,experimental,basal
398,10,1,1,experimental,basal
398,10,1,1,experimental,basal
398,10,1,1,experimental,basal
398,10,1,1,experimental,basal
398,11,2,1,experimental,basal
398,11,1,1,experimental,basal
398,11,1,1,experimental,basal
398,11,1,1,experimental,basal
398,11,2,1,experimental,basal
398,11,1,1,experimental,basal
398,11,2,1,experimental,basal
398,11,1,1,experimental,basal
398,11,1,1,experimental,basal
398,11,2,1,experimental,basal
398,11,1,1,experimental,basal
398,11,1,1,experimental,basal
398,11,1,1,experimental,basal
398,11,1,1,experimental,basal
398,11,1,1,experimental,basal
398,11,1,1,experimental,basal
398,11,1,1,experimental,basal
398,11,1,1,experimental,basal
398,11,1,1,experimental,basal
398,11,1,1,experimental,basal
398,11,1,1,experimental,basal
398,11,1,1,experimental,basal
398,11,1,1,experimental,basal
398,11,1,1,experimental,basal
398,11,1,1,experimental,basal
398,11,1,1,experimental,basal
398,11,1,1,experimental,basal
398,11,1,1,experimental,basal
398,11,1,1,experimental,basal
398,11,1,1,experimental,basal
398,11,1,1,experimental,basal
398,11,1,1,experimental,basal
398,11,1,1,experimental,basal
398,11,1,1,experimental,basal
398,11,1,1,experimental,basal
398,12,1,0,experimental,experimental
398,12,1,0,experimental,experimental
398,12,1,0,experimental,experimental
398,12,2,1,experimental,experimental
398,12,1,1,experimental,experimental
398,12,1,1,experimental,experimental
398,12,1,1,experimental,experimental
398,12,1,1,experimental,experimental
398,12,2,1,experimental,experimental
398,12,1,0,experimental,experimental
398,12,2,1,experimental,experimental
398,12,1,0,experimental,experimental
398,12,2,1,experimental,experimental
398,12,1,1,experimental,experimental
398,12,1,0,experimental,experimental
398,12,1,0,experimental,experimental
398,12,1,0,experimental,experimental
398,12,2,1,experimental,experimental
398,12,1,1,experimental,experimental
398,12,1,1,experimental,experimental
398,12,1,0,experimental,experimental
398,12,1,0,experimental,experimental
398,12,1,0,experimental,experimental
398,12,1,0,experimental,experimental
398,12,1,1,experimental,experimental
398,12,2,1,experimental,experimental
398,12,2,1,experimental,experimental
398,12,1,1,experimental,experimental
398,12,1,1,experimental,experimental
398,12,1,0,experimental,experimental
398,12,2,1,experimental,experimental
398,12,1,1,experimental,experimental
398,12,1,1,experimental,experimental
398,12,1,0,experimental,experimental
398,12,1,1,experimental,experimental
398,12,1,0,experimental,experimental
398,12,1,0,experimental,experimental
398,12,1,0,experimental,experimental
398,12,1,0,experimental,experimental
398,12,1,0,experimental,experimental
398,12,1,0,experimental,experimental
398,13,2,0,experimental,experimental
398,13,1,1,experimental,experimental
398,13,1,1,experimental,experimental
398,13,1,1,experimental,experimental
398,13,2,1,experimental,experimental
398,13,1,1,experimental,experimental
398,13,1,1,experimental,experimental
398,13,2,1,experimental,experimental
398,13,1,1,experimental,experimental
398,13,1,1,experimental,experimental
398,13,2,1,experimental,experimental
398,13,2,0,experimental,experimental
398,13,1,1,experimental,experimental
398,13,1,1,experimental,experimental
398,13,2,0,experimental,experimental
398,13,1,1,experimental,experimental
398,13,1,1,experimental,experimental
398,13,1,1,experimental,experimental
398,13,1,1,experimental,experimental
398,13,1,1,experimental,experimental
398,13,2,0,experimental,experimental
398,13,2,0,experimental,experimental
398,13,2,0,experimental,experimental
398,13,2,0,experimental,experimental
398,13,1,1,experimental,experimental
398,13,1,1,experimental,experimental
398,13,1,1,experimental,experimental
398,13,1,1,experimental,experimental
398,13,1,1,experimental,experimental
398,13,2,0,experimental,experimental
398,13,2,0,experimental,experimental
398,13,1,1,experimental,experimental
398,13,2,1,experimental,experimental
398,13,1,1,experimental,experimental
398,13,1,1,experimental,experimental
398,13,2,0,experimental,experimental
398,13,1,1,experimental,experimental
398,13,1,1,experimental,experimental
398,13,1,1,experimental,experimental
398,13,1,1,experimental,experimental
398,13,1,1,experimental,experimental
398,13,1,1,experimental,experimental
398,13,1,1,experimental,experimental
398,13,1,1,experimental,experimental
398,13,1,1,experimental,experimental
398,13,1,1,experimental,experimental
398,13,1,1,experimental,experimental
398,13,1,1,experimental,experimental
398,14,1,0,experimental,experimental
398,14,1,0,experimental,experimental
398,14,2,1,experimental,experimental
398,14,1,1,experimental,experimental
398,14,2,1,experimental,experimental
398,14,2,1,experimental,experimental
398,14,1,1,experimental,experimental
398,14,1,1,experimental,experimental
398,14,1,0,experimental,experimental
398,14,2,1,experimental,experimental
398,14,1,1,experimental,experimental
398,14,2,1,experimental,experimental
398,14,1,1,experimental,experimental
398,14,2,1,experimental,experimental
398,14,1,0,experimental,experimental
398,14,1,0,experimental,experimental
398,14,2,1,experimental,experimental
398,14,1,0,experimental,experimental
398,14,1,1,experimental,experimental
398,14,1,1,experimental,experimental
398,14,1,0,experimental,experimental
398,14,2,1,experimental,experimental
398,14,1,0,experimental,experimental
398,14,1,0,experimental,experimental
398,14,1,1,experimental,experimental
398,14,1,0,experimental,experimental
398,14,1,0,experimental,experimental
398,14,2,1,experimental,experimental
398,14,1,1,experimental,experimental
398,14,1,0,experimental,experimental
398,14,1,0,experimental,experimental
398,14,1,1,experimental,experimental
398,14,1,1,experimental,experimental
398,14,1,0,experimental,experimental
398,14,1,1,experimental,experimental
398,14,1,0,experimental,experimental
398,14,1,0,experimental,experimental
398,14,1,0,experimental,experimental
398,14,1,0,experimental,experimental
398,14,1,0,experimental,experimental
398,14,2,1,experimental,experimental
398,14,1,1,experimental,experimental
398,14,2,1,experimental,experimental
398,14,1,1,experimental,experimental
398,14,1,0,experimental,experimental
398,14,2,1,experimental,experimental
398,14,1,1,experimental,experimental
398,14,2,1,experimental,experimental
398,14,1,1,experimental,experimental
398,14,1,0,experimental,experimental
398,14,1,0,experimental,experimental
398,14,1,0,experimental,experimental
398,14,1,1,experimental,experimental
398,14,1,1,experimental,experimental
398,14,1,1,experimental,experimental
398,14,1,1,experimental,experimental
398,14,1,1,experimental,experimental
398,14,1,1,experimental,experimental
398,14,1,1,experimental,experimental
398,14,1,0,experimental,experimental
398,14,2,1,experimental,experimental
398,14,1,1,experimental,experimental
398,14,1,0,experimental,experimental
398,14,1,1,experimental,experimental
398,14,1,0,experimental,experimental
398,14,1,0,experimental,experimental
398,15,2,0,experimental,experimental
398,15,1,1,experimental,experimental
398,15,1,1,experimental,experimental
398,15,2,1,experimental,experimental
398,15,1,1,experimental,experimental
398,15,1,1,experimental,experimental
398,15,2,1,experimental,experimental
398,15,1,1,experimental,experimental
398,15,2,0,experimental,experimental
398,15,2,0,experimental,experimental
398,15,1,1,experimental,experimental
398,15,2,0,experimental,experimental
398,15,1,1,experimental,experimental
398,15,2,1,experimental,experimental
398,15,1,1,experimental,experimental
398,15,2,0,experimental,experimental
398,15,1,1,experimental,experimental
398,15,2,0,experimental,experimental
398,15,1,1,experimental,experimental
398,15,2,1,experimental,experimental
398,15,2,0,experimental,experimental
398,15,1,1,experimental,experimental
398,15,1,1,experimental,experimental
398,15,2,0,experimental,experimental
398,15,2,1,experimental,experimental
398,15,1,1,experimental,experimental
398,15,2,0,experimental,experimental
398,15,2,1,experimental,experimental
398,15,1,1,experimental,experimental
398,15,1,1,experimental,experimental
398,15,1,1,experimental,experimental
398,15,2,1,experimental,experimental
398,15,1,1,experimental,experimental
398,15,2,0,experimental,experimental
398,15,1,1,experimental,experimental
398,15,2,0,experimental,experimental
398,15,1,1,experimental,experimental
398,15,2,0,experimental,experimental
398,15,1,1,experimental,experimental
398,15,1,1,experimental,experimental
398,15,2,0,experimental,experimental
398,15,1,1,experimental,experimental
398,15,1,1,experimental,experimental
398,15,2,1,experimental,experimental
398,15,1,1,experimental,experimental
398,15,2,0,experimental,experimental
398,15,1,1,experimental,experimental
398,15,2,0,experimental,experimental
398,16,1,0,experimental,experimental
398,16,1,0,experimental,experimental
398,16,2,1,experimental,experimental
398,16,1,1,experimental,experimental
398,16,1,1,experimental,experimental
398,16,1,1,experimental,experimental
398,16,1,1,experimental,experimental
398,16,2,1,experimental,experimental
398,16,1,0,experimental,experimental
398,16,1,0,experimental,experimental
398,16,1,1,experimental,experimental
398,16,1,0,experimental,experimental
398,16,1,1,experimental,experimental
398,16,1,1,experimental,experimental
398,16,1,0,experimental,experimental
398,16,1,0,experimental,experimental
398,16,1,0,experimental,experimental
398,16,2,1,experimental,experimental
398,16,1,1,experimental,experimental
398,16,1,1,experimental,experimental
398,16,1,0,experimental,experimental
398,16,2,1,experimental,experimental
398,16,1,0,experimental,experimental
398,16,1,0,experimental,experimental
398,16,1,1,experimental,experimental
398,16,1,0,experimental,experimental
398,16,1,0,experimental,experimental
398,16,1,1,experimental,experimental
398,16,1,1,experimental,experimental
398,16,1,0,experimental,experimental
398,16,1,0,experimental,experimental
398,16,1,1,experimental,experimental
398,16,1,1,experimental,experimental
398,16,1,0,experimental,experimental
398,16,1,1,experimental,experimental
398,16,1,0,experimental,experimental
398,17,1,1,experimental,experimental
398,17,1,1,experimental,experimental
398,17,2,0,experimental,experimental
398,17,2,1,experimental,experimental
398,17,1,1,experimental,experimental
398,17,2,1,experimental,experimental
398,17,1,1,experimental,experimental
398,17,1,1,experimental,experimental
398,17,2,0,experimental,experimental
398,17,2,0,experimental,experimental
398,17,1,1,experimental,experimental
398,17,1,1,experimental,experimental
398,17,1,1,experimental,experimental
398,17,1,1,experimental,experimental
398,17,1,1,experimental,experimental
398,17,1,1,experimental,experimental
398,17,2,0,experimental,experimental
398,17,1,1,experimental,experimental
398,17,1,1,experimental,experimental
398,17,1,1,experimental,experimental
398,17,1,1,experimental,experimental
398,17,1,1,experimental,experimental
398,17,1,1,experimental,experimental
398,18,2,1,experimental,experimental
398,18,1,0,experimental,experimental
398,18,1,0,experimental,experimental
398,18,1,1,experimental,experimental
398,18,1,1,experimental,experimental
398,18,2,1,experimental,experimental
398,18,1,1,experimental,experimental
398,18,1,1,experimental,experimental
398,18,1,0,experimental,experimental
398,18,1,0,experimental,experimental
398,18,1,1,experimental,experimental
398,18,1,0,experimental,experimental
398,18,1,1,experimental,experimental
398,18,1,1,experimental,experimental
398,18,1,0,experimental,experimental
398,18,1,0,experimental,experimental
398,18,1,0,experimental,experimental
398,18,1,0,experimental,experimental
398,18,1,1,experimental,experimental
398,18,1,1,experimental,experimental
398,18,1,0,experimental,experimental
398,18,1,0,experimental,experimental
398,18,1,0,experimental,experimental
398,18,1,0,experimental,experimental
398,18,2,1,experimental,experimental
398,18,1,0,experimental,experimental
398,18,2,1,experimental,experimental
398,18,1,1,experimental,experimental
398,18,1,1,experimental,experimental
398,18,1,0,experimental,experimental
398,18,1,0,experimental,experimental
398,18,1,1,experimental,experimental
398,18,1,1,experimental,experimental
398,18,1,0,experimental,experimental
398,18,1,1,experimental,experimental
398,18,1,0,experimental,experimental
398,18,1,0,experimental,experimental
398,19,1,1,experimental,experimental
398,19,2,0,experimental,experimental
398,19,1,1,experimental,experimental
398,19,1,1,experimental,experimental
398,19,2,1,experimental,experimental
398,19,1,1,experimental,experimental
398,19,1,1,experimental,experimental
398,19,2,1,experimental,experimental
398,19,1,1,experimental,experimental
398,19,1,1,experimental,experimental
398,19,1,1,experimental,experimental
398,19,1,1,experimental,experimental
398,19,1,1,experimental,experimental
398,19,1,1,experimental,experimental
398,19,1,1,experimental,experimental
398,19,1,1,experimental,experimental
398,19,1,1,experimental,experimental
398,19,1,1,experimental,experimental
398,19,2,1,experimental,experimental
398,19,1,1,experimental,experimental
398,19,1,1,experimental,experimental
398,19,2,0,experimental,experimental
398,19,1,1,experimental,experimental
398,19,1,1,experimental,experimental
398,19,2,1,experimental,experimental
398,19,2,0,experimental,experimental
398,19,1,1,experimental,experimental
398,19,1,1,experimental,experimental
398,19,2,1,experimental,experimental
398,19,1,1,experimental,experimental
398,19,2,0,experimental,experimental
398,19,1,1,experimental,experimental
398,19,1,1,experimental,experimental
398,19,1,1,experimental,experimental
398,19,1,1,experimental,experimental
398,19,1,1,experimental,experimental
398,19,1,1,experimental,experimental
398,19,1,1,experimental,experimental
398,19,1,1,experimental,experimental
398,19,1,1,experimental,experimental
398,19,1,1,experimental,experimental
398,19,1,1,experimental,experimental
398,19,1,1,experimental,experimental
398,19,1,1,experimental,experimental
398,19,1,1,experimental,experimental
398,19,2,0,experimental,experimental
398,19,1,1,experimental,experimental
398,19,2,0,experimental,experimental
398,19,2,1,experimental,experimental
398,20,2,1,experimental,experimental
398,20,2,1,experimental,experimental
398,20,2,1,experimental,experimental
398,20,1,1,experimental,experimental
398,20,1,1,experimental,experimental
398,20,2,1,experimental,experimental
398,20,1,1,experimental,experimental
398,20,1,1,experimental,experimental
398,20,1,0,experimental,experimental
398,20,2,1,experimental,experimental
398,20,1,1,experimental,experimental
398,20,2,1,experimental,experimental
398,20,1,1,experimental,experimental
398,20,1,1,experimental,experimental
398,20,2,1,experimental,experimental
398,20,1,0,experimental,experimental
398,20,1,0,experimental,experimental
398,20,2,1,experimental,experimental
398,20,1,1,experimental,experimental
398,20,1,1,experimental,experimental
398,20,2,1,experimental,experimental
398,20,1,0,experimental,experimental
398,20,1,0,experimental,experimental
398,20,1,0,experimental,experimental
398,20,2,1,experimental,experimental
398,20,1,0,experimental,experimental
398,20,1,0,experimental,experimental
398,20,1,1,experimental,experimental
398,20,2,1,experimental,experimental
398,20,2,1,experimental,experimental
398,20,1,0,experimental,experimental
398,20,2,1,experimental,experimental
398,20,1,1,experimental,experimental
398,20,1,0,experimental,experimental
398,20,2,1,experimental,experimental
398,20,2,1,experimental,experimental
398,20,2,1,experimental,experimental
398,20,1,0,experimental,experimental
398,20,1,0,experimental,experimental
398,20,1,0,experimental,experimental
398,20,1,0,experimental,experimental
398,20,1,1,experimental,experimental
398,20,1,0,experimental,experimental
398,20,2,1,experimental,experimental
398,20,2,1,experimental,experimental
398,20,1,0,experimental,experimental
398,20,2,1,experimental,experimental
398,20,1,0,experimental,experimental
398,20,1,1,experimental,experimental
398,20,1,0,experimental,experimental
398,20,2,1,experimental,experimental
398,20,1,0,experimental,experimental
398,20,2,1,experimental,experimental
398,20,1,1,experimental,experimental
398,20,2,1,experimental,experimental
398,20,1,1,experimental,experimental
398,20,2,1,experimental,experimental
398,20,1,1,experimental,experimental
398,20,2,1,experimental,experimental
398,20,2,1,experimental,experimental
398,20,1,1,experimental,experimental
398,20,1,1,experimental,experimental
398,20,1,0,experimental,experimental
398,20,1,1,experimental,experimental
398,20,1,0,experimental,experimental
398,20,2,1,experimental,experimental
398,20,1,0,experimental,experimental
398,20,1,1,experimental,experimental
398,20,2,1,experimental,experimental
398,20,1,0,experimental,experimental
398,20,2,1,experimental,experimental
398,20,1,0,experimental,experimental
398,21,2,0,experimental,experimental
398,21,2,0,experimental,experimental
398,21,1,1,experimental,experimental
398,21,2,1,experimental,experimental
398,21,2,1,experimental,experimental
398,21,2,1,experimental,experimental
398,21,1,1,experimental,experimental
398,21,2,1,experimental,experimental
398,21,1,1,experimental,experimental
398,21,2,0,experimental,experimental
398,21,1,1,experimental,experimental
398,21,1,1,experimental,experimental
398,21,1,1,experimental,experimental
398,21,2,1,experimental,experimental
398,21,2,0,experimental,experimental
398,21,1,1,experimental,experimental
398,21,2,0,experimental,experimental
398,21,1,1,experimental,experimental
398,21,2,1,experimental,experimental
398,21,1,1,experimental,experimental
398,21,2,0,experimental,experimental
398,21,1,1,experimental,experimental
398,21,1,1,experimental,experimental
398,21,2,0,experimental,experimental
398,21,1,1,experimental,experimental
398,21,2,0,experimental,experimental
398,21,1,1,experimental,experimental
398,21,2,1,experimental,experimental
398,21,2,1,experimental,experimental
398,21,2,0,experimental,experimental
398,21,1,1,experimental,experimental
398,21,1,1,experimental,experimental
398,21,1,1,experimental,experimental
398,21,1,1,experimental,experimental
398,21,1,1,experimental,experimental
398,21,2,0,experimental,experimental
398,21,1,1,experimental,experimental
398,21,1,1,experimental,experimental
398,21,1,1,experimental,experimental
398,21,1,1,experimental,experimental
398,21,2,0,experimental,experimental
398,21,1,1,experimental,experimental
398,21,1,1,experimental,experimental
398,21,1,1,experimental,experimental
398,21,1,1,experimental,experimental
398,21,1,1,experimental,experimental
398,21,1,1,experimental,experimental
398,21,1,1,experimental,experimental
398,21,1,1,experimental,experimental
398,21,1,1,experimental,experimental
398,21,2,0,experimental,experimental
398,21,1,1,experimental,experimental
398,21,1,1,experimental,experimental
398,21,1,1,experimental,experimental
398,21,1,1,experimental,experimental
398,21,1,1,experimental,experimental
398,21,2,1,experimental,experimental
398,21,1,1,experimental,experimental
398,21,1,1,experimental,experimental
398,21,2,0,experimental,experimental
398,22,1,0,experimental,experimental
398,22,2,1,experimental,experimental
398,22,1,0,experimental,experimental
398,22,1,1,experimental,experimental
398,22,1,1,experimental,experimental
398,22,2,1,experimental,experimental
398,22,2,1,experimental,experimental
398,22,2,1,experimental,experimental
398,22,1,0,experimental,experimental
398,22,1,0,experimental,experimental
398,22,2,1,experimental,experimental
398,22,1,0,experimental,experimental
398,22,2,1,experimental,experimental
398,22,1,1,experimental,experimental
398,22,1,0,experimental,experimental
398,22,1,0,experimental,experimental
398,22,2,1,experimental,experimental
398,22,2,1,experimental,experimental
398,22,1,1,experimental,experimental
398,22,2,1,experimental,experimental
398,22,2,1,experimental,experimental
398,22,1,0,experimental,experimental
398,22,1,0,experimental,experimental
398,22,1,0,experimental,experimental
398,22,1,1,experimental,experimental
398,22,2,1,experimental,experimental
398,22,2,1,experimental,experimental
398,22,2,1,experimental,experimental
398,22,1,1,experimental,experimental
398,22,2,1,experimental,experimental
398,22,1,0,experimental,experimental
398,22,2,1,experimental,experimental
398,22,1,1,experimental,experimental
398,22,1,0,experimental,experimental
398,22,1,1,experimental,experimental
398,22,1,0,experimental,experimental
398,22,2,1,experimental,experimental
398,22,2,1,experimental,experimental
398,22,1,0,experimental,experimental
398,22,1,0,experimental,experimental
398,22,1,0,experimental,experimental
398,22,1,1,experimental,experimental
398,22,2,1,experimental,experimental
398,22,2,1,experimental,experimental
398,22,2,1,experimental,experimental
398,22,1,0,experimental,experimental
398,22,1,1,experimental,experimental
398,22,1,0,experimental,experimental
398,22,1,1,experimental,experimental
398,22,2,1,experimental,experimental
398,22,1,0,experimental,experimental
398,22,1,0,experimental,experimental
398,22,1,1,experimental,experimental
398,22,1,1,experimental,experimental
398,22,2,1,experimental,experimental
398,22,1,1,experimental,experimental
398,22,2,1,experimental,experimental
398,22,1,1,experimental,experimental
398,22,1,1,experimental,experimental
398,22,1,0,experimental,experimental
398,22,1,1,experimental,experimental
398,22,2,1,experimental,experimental
398,22,1,0,experimental,experimental
398,22,2,1,experimental,experimental
398,22,1,0,experimental,experimental
398,22,1,0,experimental,experimental
398,22,2,1,experimental,experimental
398,22,1,1,experimental,experimental
398,22,1,1,experimental,experimental
398,22,1,0,experimental,experimental
398,22,1,1,experimental,experimental
398,22,2,1,experimental,experimental
398,22,1,0,experimental,experimental
398,22,1,0,experimental,experimental
398,22,1,0,experimental,experimental
398,23,2,0,experimental,experimental
398,23,1,1,experimental,experimental
398,23,1,1,experimental,experimental
398,23,1,1,experimental,experimental
398,23,1,1,experimental,experimental
398,23,2,1,experimental,experimental
398,23,1,1,experimental,experimental
398,23,1,1,experimental,experimental
398,23,2,0,experimental,experimental
398,23,1,1,experimental,experimental
398,23,1,1,experimental,experimental
398,23,1,1,experimental,experimental
398,23,1,1,experimental,experimental
398,23,1,1,experimental,experimental
398,23,2,0,experimental,experimental
398,23,1,1,experimental,experimental
398,23,2,0,experimental,experimental
398,23,1,1,experimental,experimental
398,23,1,1,experimental,experimental
398,23,2,1,experimental,experimental
398,23,2,0,experimental,experimental
398,23,1,1,experimental,experimental
398,23,1,1,experimental,experimental
398,23,1,1,experimental,experimental
398,23,1,1,experimental,experimental
398,23,1,1,experimental,experimental
398,23,2,0,experimental,experimental
398,23,2,1,experimental,experimental
398,23,1,1,experimental,experimental
398,23,1,1,experimental,experimental
398,23,1,1,experimental,experimental
398,23,1,1,experimental,experimental
398,23,1,1,experimental,experimental
398,23,1,1,experimental,experimental
398,23,1,1,experimental,experimental
398,23,1,1,experimental,experimental
398,23,1,1,experimental,experimental
398,23,1,1,experimental,experimental
398,23,1,1,experimental,experimental
398,23,1,1,experimental,experimental
398,23,1,1,experimental,experimental
398,23,1,1,experimental,experimental
398,23,2,0,experimental,experimental
398,23,1,1,experimental,experimental
398,23,1,1,experimental,experimental
398,23,1,1,experimental,experimental
398,23,1,1,experimental,experimental
398,23,2,0,experimental,experimental
398,23,1,1,experimental,experimental
398,23,1,1,experimental,experimental
398,23,1,1,experimental,experimental
398,23,1,1,experimental,experimental
398,23,2,1,experimental,experimental
398,23,1,1,experimental,experimental
398,24,2,1,experimental,experimental
398,24,1,0,experimental,experimental
398,24,2,1,experimental,experimental
398,24,1,1,experimental,experimental
398,24,1,1,experimental,experimental
398,24,2,1,experimental,experimental
398,24,1,1,experimental,experimental
398,24,2,1,experimental,experimental
398,24,1,0,experimental,experimental
398,24,2,1,experimental,experimental
398,24,2,1,experimental,experimental
398,24,2,1,experimental,experimental
398,24,1,1,experimental,experimental
398,24,1,1,experimental,experimental
398,24,1,0,experimental,experimental
398,24,2,1,experimental,experimental
398,24,2,1,experimental,experimental
398,24,1,0,experimental,experimental
398,24,2,1,experimental,experimental
398,24,2,1,experimental,experimental
398,24,1,0,experimental,experimental
398,24,2,1,experimental,experimental
398,24,1,0,experimental,experimental
398,24,1,0,experimental,experimental
398,24,2,1,experimental,experimental
398,24,2,1,experimental,experimental
398,24,2,1,experimental,experimental
398,24,1,1,experimental,experimental
398,24,2,1,experimental,experimental
398,24,1,0,experimental,experimental
398,24,1,0,experimental,experimental
398,24,2,1,experimental,experimental
398,24,1,1,experimental,experimental
398,24,1,0,experimental,experimental
398,24,2,1,experimental,experimental
398,24,2,1,experimental,experimental
398,24,1,0,experimental,experimental
398,24,1,0,experimental,experimental
398,24,1,0,experimental,experimental
398,24,1,0,experimental,experimental
398,24,1,0,experimental,experimental
398,24,2,1,experimental,experimental
398,24,2,1,experimental,experimental
398,24,1,1,experimental,experimental
398,24,1,0,experimental,experimental
398,24,2,1,experimental,experimental
398,24,1,1,experimental,experimental
398,24,1,0,experimental,experimental
398,24,2,1,experimental,experimental
398,24,1,0,experimental,experimental
398,24,2,1,experimental,experimental
398,24,2,1,experimental,experimental
398,24,1,1,experimental,experimental
398,24,1,1,experimental,experimental
398,24,1,1,experimental,experimental
398,24,1,1,experimental,experimental
398,24,2,1,experimental,experimental
398,24,1,1,experimental,experimental
398,24,1,1,experimental,experimental
398,24,1,0,experimental,experimental
398,24,1,1,experimental,experimental
398,24,1,1,experimental,experimental
398,24,2,1,experimental,experimental
398,24,1,1,experimental,experimental
398,24,2,1,experimental,experimental
398,24,1,0,experimental,experimental
398,24,1,0,experimental,experimental
398,24,2,1,experimental,experimental
398,24,2,1,experimental,experimental
398,24,2,1,experimental,experimental
398,24,1,1,experimental,experimental
398,24,1,0,experimental,experimental
398,24,1,0,experimental,experimental
398,24,1,0,experimental,experimental
398,24,2,1,experimental,experimental
398,24,1,1,experimental,experimental
398,24,1,0,experimental,experimental
398,24,1,1,experimental,experimental
398,24,1,0,experimental,experimental
398,24,1,0,experimental,experimental
398,24,1,0,experimental,experimental
398,24,2,1,experimental,experimental
398,24,1,0,experimental,experimental
398,24,1,0,experimental,experimental
398,24,1,0,experimental,experimental
398,24,1,0,experimental,experimental
398,26,2,1,experimental,experimental
398,26,2,1,experimental,experimental
398,26,1,0,experimental,experimental
398,26,2,1,experimental,experimental
398,26,2,1,experimental,experimental
398,26,2,1,experimental,experimental
398,26,1,1,experimental,experimental
398,26,1,1,experimental,experimental
398,26,1,0,experimental,experimental
398,26,2,1,experimental,experimental
398,26,1,1,experimental,experimental
398,26,2,1,experimental,experimental
398,26,1,1,experimental,experimental
398,26,2,1,experimental,experimental
398,26,1,0,experimental,experimental
398,26,1,0,experimental,experimental
398,26,1,0,experimental,experimental
398,26,2,1,experimental,experimental
398,26,2,1,experimental,experimental
398,26,1,1,experimental,experimental
398,26,2,1,experimental,experimental
398,26,1,0,experimental,experimental
398,26,2,1,experimental,experimental
398,26,1,0,experimental,experimental
398,26,1,1,experimental,experimental
398,26,2,1,experimental,experimental
398,26,2,1,experimental,experimental
398,26,1,1,experimental,experimental
398,26,1,1,experimental,experimental
398,26,2,1,experimental,experimental
398,26,2,1,experimental,experimental
398,26,1,1,experimental,experimental
398,26,1,1,experimental,experimental
398,26,1,0,experimental,experimental
398,26,1,1,experimental,experimental
398,26,1,0,experimental,experimental
398,26,2,1,experimental,experimental
398,26,1,0,experimental,experimental
398,26,2,1,experimental,experimental
398,26,2,1,experimental,experimental
398,26,2,1,experimental,experimental
398,26,1,1,experimental,experimental
398,26,1,0,experimental,experimental
398,26,2,1,experimental,experimental
398,26,1,0,experimental,experimental
398,26,1,0,experimental,experimental
398,26,1,1,experimental,experimental
398,26,1,0,experimental,experimental
398,26,2,1,experimental,experimental
398,26,1,0,experimental,experimental
398,26,1,0,experimental,experimental
398,26,2,1,experimental,experimental
398,26,1,1,experimental,experimental
398,26,1,1,experimental,experimental
398,26,1,1,experimental,experimental
398,26,1,1,experimental,experimental
398,26,2,1,experimental,experimental
398,26,1,1,experimental,experimental
398,26,2,1,experimental,experimental
398,26,2,1,experimental,experimental
398,26,1,1,experimental,experimental
398,26,1,1,experimental,experimental
398,26,2,1,experimental,experimental
398,26,1,1,experimental,experimental
398,26,2,1,experimental,experimental
398,26,1,0,experimental,experimental
398,26,1,0,experimental,experimental
398,26,1,1,experimental,experimental
398,26,2,1,experimental,experimental
398,26,2,1,experimental,experimental
398,26,1,1,experimental,experimental
398,26,2,1,experimental,experimental
398,26,2,1,experimental,experimental
398,27,1,1,experimental,experimental
398,27,1,1,experimental,experimental
398,27,1,1,experimental,experimental
398,27,2,1,experimental,experimental
398,27,1,1,experimental,experimental
398,27,2,1,experimental,experimental
398,27,1,1,experimental,experimental
398,27,2,1,experimental,experimental
398,27,1,1,experimental,experimental
398,27,1,1,experimental,experimental
398,27,1,1,experimental,experimental
398,27,2,0,experimental,experimental
398,27,1,1,experimental,experimental
398,27,1,1,experimental,experimental
398,27,1,1,experimental,experimental
398,27,1,1,experimental,experimental
398,27,2,0,experimental,experimental
398,27,1,1,experimental,experimental
398,27,2,1,experimental,experimental
398,27,2,1,experimental,experimental
398,27,1,1,experimental,experimental
398,27,2,0,experimental,experimental
398,27,2,0,experimental,experimental
398,27,2,0,experimental,experimental
398,27,1,1,experimental,experimental
398,27,1,1,experimental,experimental
398,27,1,1,experimental,experimental
398,27,1,1,experimental,experimental
398,27,1,1,experimental,experimental
398,27,1,1,experimental,experimental
398,27,1,1,experimental,experimental
398,27,2,1,experimental,experimental
398,27,2,1,experimental,experimental
398,27,1,1,experimental,experimental
398,27,2,1,experimental,experimental
398,27,2,0,experimental,experimental
398,27,2,0,experimental,experimental
398,27,1,1,experimental,experimental
398,27,2,0,experimental,experimental
398,27,1,1,experimental,experimental
398,27,2,0,experimental,experimental
398,27,1,1,experimental,experimental
398,27,1,1,experimental,experimental
398,27,1,1,experimental,experimental
398,27,1,1,experimental,experimental
398,27,1,1,experimental,experimental
398,27,1,1,experimental,experimental
398,27,1,1,experimental,experimental
398,27,1,1,experimental,experimental
398,27,2,0,experimental,experimental
398,27,1,1,experimental,experimental
398,27,2,0,experimental,experimental
398,27,2,1,experimental,experimental
398,27,1,1,experimental,experimental
398,27,2,1,experimental,experimental
398,27,2,1,experimental,experimental
398,27,2,1,experimental,experimental
398,27,1,1,experimental,experimental
398,27,2,1,experimental,experimental
398,27,2,0,experimental,experimental
398,27,1,1,experimental,experimental
398,27,1,1,experimental,experimental
398,27,1,1,experimental,experimental
398,27,2,1,experimental,experimental
398,27,1,1,experimental,experimental
398,27,1,1,experimental,experimental
398,27,1,1,experimental,experimental
398,27,2,1,experimental,experimental
398,27,1,1,experimental,experimental
398,27,1,1,experimental,experimental
398,27,2,1,experimental,experimental
398,27,1,1,experimental,experimental
398,27,1,1,experimental,experimental
398,27,1,1,experimental,experimental
398,27,1,1,experimental,experimental
398,27,1,1,experimental,experimental
399,0,2,1,control,basal
399,0,2,1,control,basal
399,0,1,1,control,basal
399,0,1,1,control,basal
399,0,1,1,control,basal
399,0,1,1,control,basal
399,0,2,1,control,basal
399,0,2,1,control,basal
399,0,1,1,control,basal
399,0,1,1,control,basal
399,0,2,1,control,basal
399,0,2,1,control,basal
399,0,2,1,control,basal
399,0,1,1,control,basal
399,0,2,1,control,basal
399,0,1,1,control,basal
399,0,1,1,control,basal
399,0,2,1,control,basal
399,0,1,1,control,basal
399,0,2,1,control,basal
399,0,1,1,control,basal
399,0,2,1,control,basal
399,0,1,1,control,basal
399,0,1,1,control,basal
399,0,1,1,control,basal
399,0,2,1,control,basal
399,0,2,1,control,basal
399,1,1,1,control,basal
399,1,2,1,control,basal
399,1,1,1,control,basal
399,1,1,1,control,basal
399,1,1,1,control,basal
399,1,2,1,control,basal
399,1,1,1,control,basal
399,1,1,1,control,basal
399,1,1,1,control,basal
399,1,1,1,control,basal
399,1,2,1,control,basal
399,1,1,1,control,basal
399,1,1,1,control,basal
399,1,1,1,control,basal
399,1,1,1,control,basal
399,1,2,1,control,basal
399,1,1,1,control,basal
399,1,2,1,control,basal
399,1,1,1,control,basal
399,1,1,1,control,basal
399,1,2,1,control,basal
399,1,2,1,control,basal
399,1,2,1,control,basal
399,1,2,1,control,basal
399,1,2,1,control,basal
399,1,1,1,control,basal
399,1,2,1,control,basal
399,1,1,1,control,basal
399,1,2,1,control,basal
399,1,1,1,control,basal
399,1,1,1,control,basal
399,1,2,1,control,basal
399,1,2,1,control,basal
399,1,2,1,control,basal
399,1,2,1,control,basal
399,1,1,1,control,basal
399,2,2,1,control,basal
399,2,1,1,control,basal
399,2,2,1,control,basal
399,2,1,1,control,basal
399,2,2,1,control,basal
399,2,1,1,control,basal
399,2,2,1,control,basal
399,2,1,1,control,basal
399,2,2,1,control,basal
399,2,1,1,control,basal
399,2,1,1,control,basal
399,2,2,1,control,basal
399,2,2,1,control,basal
399,2,1,1,control,basal
399,2,2,1,control,basal
399,2,1,1,control,basal
399,2,2,1,control,basal
399,2,1,1,control,basal
399,2,2,1,control,basal
399,2,1,1,control,basal
399,2,1,1,control,basal
399,2,1,1,control,basal
399,2,2,1,control,basal
399,2,1,1,control,basal
399,2,2,1,control,basal
399,2,2,1,control,basal
399,2,1,1,control,basal
399,2,1,1,control,basal
399,2,2,1,control,basal
399,2,1,1,control,basal
399,2,2,1,control,basal
399,2,1,1,control,basal
399,2,2,1,control,basal
399,2,1,1,control,basal
399,2,2,1,control,basal
399,2,1,1,control,basal
399,2,2,1,control,basal
399,2,1,1,control,basal
399,2,2,1,control,basal
399,2,1,1,control,basal
399,2,2,1,control,basal
399,2,2,1,control,basal
399,2,1,1,control,basal
399,2,1,1,control,basal
399,2,1,1,control,basal
399,3,1,1,control,basal
399,3,2,1,control,basal
399,3,1,1,control,basal
399,3,1,1,control,basal
399,3,1,1,control,basal
399,3,2,1,control,basal
399,3,1,1,control,basal
399,3,2,1,control,basal
399,3,2,1,control,basal
399,3,1,1,control,basal
399,3,1,1,control,basal
399,3,2,1,control,basal
399,3,1,1,control,basal
399,3,2,1,control,basal
399,3,1,1,control,basal
399,3,2,1,control,basal
399,3,1,1,control,basal
399,3,1,1,control,basal
399,3,2,1,control,basal
399,3,1,1,control,basal
399,3,1,1,control,basal
399,3,2,1,control,basal
399,3,1,1,control,basal
399,3,2,1,control,basal
399,3,1,1,control,basal
399,3,2,1,control,basal
399,3,1,1,control,basal
399,3,1,1,control,basal
399,3,1,1,control,basal
399,3,1,1,control,basal
399,3,1,1,control,basal
399,3,1,1,control,basal
399,3,1,1,control,basal
399,3,1,1,control,basal
399,3,1,1,control,basal
399,4,1,1,control,basal
399,4,2,1,control,basal
399,4,1,1,control,basal
399,4,2,1,control,basal
399,4,1,1,control,basal
399,4,2,1,control,basal
399,4,1,1,control,basal
399,4,1,1,control,basal
399,4,1,1,control,basal
399,4,1,1,control,basal
399,4,2,1,control,basal
399,4,1,1,control,basal
399,4,1,1,control,basal
399,4,2,1,control,basal
399,4,1,1,control,basal
399,4,1,1,control,basal
399,4,1,1,control,basal
399,4,2,1,control,basal
399,4,2,1,control,basal
399,4,1,1,control,basal
399,4,2,1,control,basal
399,4,1,1,control,basal
399,4,1,1,control,basal
399,4,2,1,control,basal
399,4,1,1,control,basal
399,4,1,1,control,basal
399,4,2,1,control,basal
399,4,1,1,control,basal
399,4,1,1,control,basal
399,4,1,1,control,basal
399,4,1,1,control,basal
399,4,2,1,control,basal
399,4,1,1,control,basal
399,4,1,1,control,basal
399,4,1,1,control,basal
399,4,2,1,control,basal
399,4,1,1,control,basal
399,4,1,1,control,basal
399,4,1,1,control,basal
399,5,1,1,control,basal
399,5,2,1,control,basal
399,5,1,1,control,basal
399,5,1,1,control,basal
399,5,1,1,control,basal
399,5,2,1,control,basal
399,5,1,1,control,basal
399,5,1,1,control,basal
399,5,2,1,control,basal
399,5,1,1,control,basal
399,5,2,1,control,basal
399,5,1,1,control,basal
399,5,1,1,control,basal
399,5,1,1,control,basal
399,5,2,1,control,basal
399,5,1,1,control,basal
399,5,2,1,control,basal
399,5,1,1,control,basal
399,5,2,1,control,basal
399,5,1,1,control,basal
399,5,1,1,control,basal
399,5,2,1,control,basal
399,5,2,1,control,basal
399,5,1,1,control,basal
399,5,1,1,control,basal
399,5,2,1,control,basal
399,5,1,1,control,basal
399,5,2,1,control,basal
399,5,1,1,control,basal
399,5,1,1,control,basal
399,5,1,1,control,basal
399,5,1,1,control,basal
399,5,2,1,control,basal
399,5,1,1,control,basal
399,5,1,1,control,basal
399,5,1,1,control,basal
399,5,1,1,control,basal
399,6,1,1,control,basal
399,6,1,1,control,basal
399,6,2,1,control,basal
399,6,1,1,control,basal
399,6,2,1,control,basal
399,6,1,1,control,basal
399,6,1,1,control,basal
399,6,2,1,control,basal
399,6,2,1,control,basal
399,6,1,1,control,basal
399,6,2,1,control,basal
399,6,2,1,control,basal
399,6,1,1,control,basal
399,6,1,1,control,basal
399,6,2,1,control,basal
399,6,1,1,control,basal
399,6,1,1,control,basal
399,6,2,1,control,basal
399,6,1,1,control,basal
399,6,1,1,control,basal
399,6,1,1,control,basal
399,6,2,1,control,basal
399,6,2,1,control,basal
399,6,1,1,control,basal
399,6,1,1,control,basal
399,6,1,1,control,basal
399,6,1,1,control,basal
399,6,2,1,control,basal
399,6,1,1,control,basal
399,6,1,1,control,basal
399,6,1,1,control,basal
399,6,2,1,control,basal
399,6,1,1,control,basal
399,6,1,1,control,basal
399,6,2,1,control,basal
399,6,1,1,control,basal
399,6,2,1,control,basal
399,6,1,1,control,basal
399,6,1,1,control,basal
399,6,1,1,control,basal
399,6,1,1,control,basal
399,6,1,1,control,basal
399,6,1,1,control,basal
399,7,2,1,control,basal
399,7,1,1,control,basal
399,7,2,1,control,basal
399,7,1,1,control,basal
399,7,1,1,control,basal
399,7,1,1,control,basal
399,7,1,1,control,basal
399,7,1,1,control,basal
399,7,2,1,control,basal
399,7,1,1,control,basal
399,7,2,1,control,basal
399,7,1,1,control,basal
399,7,2,1,control,basal
399,7,1,1,control,basal
399,7,2,1,control,basal
399,7,1,1,control,basal
399,7,1,1,control,basal
399,7,2,1,control,basal
399,7,1,1,control,basal
399,7,2,1,control,basal
399,7,1,1,control,basal
399,7,2,1,control,basal
399,7,1,1,control,basal
399,7,1,1,control,basal
399,7,1,1,control,basal
399,7,2,1,control,basal
399,7,1,1,control,basal
399,7,2,1,control,basal
399,7,1,1,control,basal
399,7,2,1,control,basal
399,7,1,1,control,basal
399,7,2,1,control,basal
399,7,1,1,control,basal
399,7,1,1,control,basal
399,7,1,1,control,basal
399,7,2,1,control,basal
399,7,1,1,control,basal
399,7,1,1,control,basal
399,7,1,1,control,basal
399,7,1,1,control,basal
399,7,1,1,control,basal
399,7,1,1,control,basal
399,8,2,1,control,basal
399,8,1,1,control,basal
399,8,1,1,control,basal
399,8,1,1,control,basal
399,8,1,1,control,basal
399,8,2,1,control,basal
399,8,1,1,control,basal
399,8,1,1,control,basal
399,8,2,1,control,basal
399,8,2,1,control,basal
399,8,1,1,control,basal
399,8,1,1,control,basal
399,8,1,1,control,basal
399,8,1,1,control,basal
399,8,1,1,control,basal
399,8,1,1,control,basal
399,8,2,1,control,basal
399,8,1,1,control,basal
399,8,1,1,control,basal
399,8,1,1,control,basal
399,8,2,1,control,basal
399,8,1,1,control,basal
399,8,1,1,control,basal
399,8,1,1,control,basal
399,8,1,1,control,basal
399,8,1,1,control,basal
399,8,1,1,control,basal
399,8,1,1,control,basal
399,8,1,1,control,basal
399,8,1,1,control,basal
399,8,1,1,control,basal
399,8,1,1,control,basal
399,8,1,1,control,basal
399,8,1,1,control,basal
399,8,1,1,control,basal
399,9,1,1,control,basal
399,9,2,1,control,basal
399,9,1,1,control,basal
399,9,2,1,control,basal
399,9,1,1,control,basal
399,9,1,1,control,basal
399,9,1,1,control,basal
399,9,2,1,control,basal
399,9,1,1,control,basal
399,9,1,1,control,basal
399,9,1,1,control,basal
399,9,2,1,control,basal
399,9,1,1,control,basal
399,9,1,1,control,basal
399,9,1,1,control,basal
399,9,1,1,control,basal
399,9,1,1,control,basal
399,9,1,1,control,basal
399,9,1,1,control,basal
399,9,1,1,control,basal
399,9,1,1,control,basal
399,9,1,1,control,basal
399,9,1,1,control,basal
399,9,1,1,control,basal
399,9,1,1,control,basal
399,9,1,1,control,basal
399,9,1,1,control,basal
399,9,1,1,control,basal
399,10,1,1,control,basal
399,10,1,1,control,basal
399,10,1,1,control,basal
399,10,1,1,control,basal
399,10,1,1,control,basal
399,10,1,1,control,basal
399,10,1,1,control,basal
399,10,2,1,control,basal
399,10,1,1,control,basal
399,10,1,1,control,basal
399,10,1,1,control,basal
399,10,2,1,control,basal
399,10,1,1,control,basal
399,10,1,1,control,basal
399,10,1,1,control,basal
399,10,1,1,control,basal
399,10,1,1,control,basal
399,10,1,1,control,basal
399,10,1,1,control,basal
399,10,1,1,control,basal
399,10,1,1,control,basal
399,10,1,1,control,basal
399,10,1,1,control,basal
399,10,2,1,control,basal
399,10,1,1,control,basal
399,10,1,1,control,basal
399,10,1,1,control,basal
399,10,1,1,control,basal
399,10,1,1,control,basal
399,10,1,1,control,basal
399,11,1,1,control,basal
399,11,2,1,control,basal
399,11,1,1,control,basal
399,11,1,1,control,basal
399,11,2,1,control,basal
399,11,1,1,control,basal
399,11,1,1,control,basal
399,11,1,1,control,basal
399,11,2,1,control,basal
399,11,1,1,control,basal
399,11,1,1,control,basal
399,11,2,1,control,basal
399,11,1,1,control,basal
399,11,1,1,control,basal
399,11,2,1,control,basal
399,11,1,1,control,basal
399,11,1,1,control,basal
399,11,1,1,control,basal
399,11,2,1,control,basal
399,11,1,1,control,basal
399,11,1,1,control,basal
399,11,1,1,control,basal
399,11,1,1,control,basal
399,11,1,1,control,basal
399,11,1,1,control,basal
399,11,1,1,control,basal
399,11,1,1,control,basal
399,11,1,1,control,basal
399,11,1,1,control,basal
399,11,1,1,control,basal
399,12,1,1,control,experimental
399,12,1,1,control,experimental
399,12,2,1,control,experimental
399,12,2,1,control,experimental
399,12,1,1,control,experimental
399,12,2,1,control,experimental
399,12,1,1,control,experimental
399,12,2,1,control,experimental
399,12,1,1,control,experimental
399,12,2,1,control,experimental
399,12,1,1,control,experimental
399,12,1,1,control,experimental
399,12,2,1,control,experimental
399,12,1,1,control,experimental
399,12,1,1,control,experimental
399,12,1,1,control,experimental
399,12,1,1,control,experimental
399,12,1,1,control,experimental
399,12,1,1,control,experimental
399,12,2,1,control,experimental
399,12,1,1,control,experimental
399,12,1,1,control,experimental
399,12,1,1,control,experimental
399,12,1,1,control,experimental
399,12,1,1,control,experimental
399,12,1,1,control,experimental
399,12,1,1,control,experimental
399,12,1,1,control,experimental
399,12,1,1,control,experimental
399,12,1,1,control,experimental
399,12,1,1,control,experimental
399,12,1,1,control,experimental
399,12,2,1,control,experimental
399,12,1,1,control,experimental
399,12,1,1,control,experimental
399,13,1,1,control,experimental
399,13,2,1,control,experimental
399,13,1,1,control,experimental
399,13,1,1,control,experimental
399,13,2,1,control,experimental
399,13,1,1,control,experimental
399,13,1,1,control,experimental
399,13,1,1,control,experimental
399,13,2,1,control,experimental
399,13,1,1,control,experimental
399,13,1,1,control,experimental
399,13,2,1,control,experimental
399,13,1,1,control,experimental
399,13,2,1,control,experimental
399,13,2,1,control,experimental
399,13,1,1,control,experimental
399,13,1,1,control,experimental
399,13,1,1,control,experimental
399,13,1,1,control,experimental
399,13,1,1,control,experimental
399,13,1,1,control,experimental
399,13,1,1,control,experimental
399,13,1,1,control,experimental
399,13,1,1,control,experimental
399,13,1,1,control,experimental
399,13,1,1,control,experimental
399,13,1,1,control,experimental
399,13,1,1,control,experimental
399,13,1,1,control,experimental
399,13,1,1,control,experimental
399,13,1,1,control,experimental
399,13,1,1,control,experimental
399,13,1,1,control,experimental
399,13,2,1,control,experimental
399,13,1,1,control,experimental
399,13,1,1,control,experimental
399,13,1,1,control,experimental
399,14,2,1,control,experimental
399,14,2,1,control,experimental
399,14,1,1,control,experimental
399,14,2,1,control,experimental
399,14,1,1,control,experimental
399,14,1,1,control,experimental
399,14,2,1,control,experimental
399,14,1,1,control,experimental
399,14,1,1,control,experimental
399,14,2,1,control,experimental
399,14,1,1,control,experimental
399,14,2,1,control,experimental
399,14,1,1,control,experimental
399,14,2,1,control,experimental
399,14,1,1,control,experimental
399,14,1,1,control,experimental
399,14,2,1,control,experimental
399,14,1,1,control,experimental
399,14,1,1,control,experimental
399,14,1,1,control,experimental
399,14,1,1,control,experimental
399,14,2,1,control,experimental
399,14,1,1,control,experimental
399,14,1,1,control,experimental
399,14,1,1,control,experimental
399,14,1,1,control,experimental
399,14,1,1,control,experimental
399,14,1,1,control,experimental
399,14,1,1,control,experimental
399,14,1,1,control,experimental
399,14,1,1,control,experimental
399,14,1,1,control,experimental
399,14,1,1,control,experimental
399,14,1,1,control,experimental
399,14,1,1,control,experimental
399,14,1,1,control,experimental
399,14,1,1,control,experimental
399,14,1,1,control,experimental
399,15,2,1,control,experimental
399,15,1,1,control,experimental
399,15,1,1,control,experimental
399,15,2,1,control,experimental
399,15,1,1,control,experimental
399,15,1,1,control,experimental
399,15,2,1,control,experimental
399,15,1,1,control,experimental
399,15,1,1,control,experimental
399,15,2,1,control,experimental
399,15,1,1,control,experimental
399,15,1,1,control,experimental
399,15,1,1,control,experimental
399,15,1,1,control,experimental
399,15,2,1,control,experimental
399,15,1,1,control,experimental
399,15,1,1,control,experimental
399,15,1,1,control,experimental
399,15,2,1,control,experimental
399,15,1,1,control,experimental
399,15,1,1,control,experimental
399,15,1,1,control,experimental
399,15,1,1,control,experimental
399,15,1,1,control,experimental
399,15,1,1,control,experimental
399,15,1,1,control,experimental
399,15,1,1,control,experimental
399,15,1,1,control,experimental
399,15,1,1,control,experimental
399,15,1,1,control,experimental
399,15,1,1,control,experimental
399,15,1,1,control,experimental
399,15,1,1,control,experimental
399,16,1,1,control,experimental
399,16,2,1,control,experimental
399,16,1,1,control,experimental
399,16,1,1,control,experimental
399,16,1,1,control,experimental
399,16,2,1,control,experimental
399,16,1,1,control,experimental
399,16,1,1,control,experimental
399,16,1,1,control,experimental
399,16,1,1,control,experimental
399,16,2,1,control,experimental
399,16,1,1,control,experimental
399,16,1,1,control,experimental
399,16,1,1,control,experimental
399,16,1,1,control,experimental
399,16,1,1,control,experimental
399,16,1,1,control,experimental
399,16,1,1,control,experimental
399,16,1,1,control,experimental
399,16,2,1,control,experimental
399,16,1,1,control,experimental
399,16,1,1,control,experimental
399,16,2,1,control,experimental
399,16,1,1,control,experimental
399,16,1,1,control,experimental
399,16,1,1,control,experimental
399,16,1,1,control,experimental
399,16,1,1,control,experimental
399,16,1,1,control,experimental
399,16,1,1,control,experimental
399,16,1,1,control,experimental
399,16,1,1,control,experimental
399,16,1,1,control,experimental
399,16,1,1,control,experimental
399,16,1,1,control,experimental
399,17,1,1,control,experimental
399,17,1,1,control,experimental
399,17,1,1,control,experimental
399,17,2,1,control,experimental
399,17,1,1,control,experimental
399,17,1,1,control,experimental
399,17,2,1,control,experimental
399,17,1,1,control,experimental
399,17,1,1,control,experimental
399,17,1,1,control,experimental
399,17,1,1,control,experimental
399,17,1,1,control,experimental
399,17,2,1,control,experimental
399,17,2,1,control,experimental
399,17,2,1,control,experimental
399,17,1,1,control,experimental
399,17,1,1,control,experimental
399,17,1,1,control,experimental
399,17,1,1,control,experimental
399,17,1,1,control,experimental
399,17,1,1,control,experimental
399,17,1,1,control,experimental
399,17,1,1,control,experimental
399,17,1,1,control,experimental
399,17,1,1,control,experimental
399,17,1,1,control,experimental
399,17,1,1,control,experimental
399,17,1,1,control,experimental
399,17,1,1,control,experimental
399,18,1,1,control,experimental
399,18,1,1,control,experimental
399,18,2,1,control,experimental
399,18,2,1,control,experimental
399,18,1,1,control,experimental
399,18,1,1,control,experimental
399,18,2,1,control,experimental
399,18,1,1,control,experimental
399,18,2,1,control,experimental
399,18,1,1,control,experimental
399,18,1,1,control,experimental
399,18,1,1,control,experimental
399,18,1,1,control,experimental
399,18,2,1,control,experimental
399,18,1,1,control,experimental
399,18,1,1,control,experimental
399,18,1,1,control,experimental
399,18,1,1,control,experimental
399,18,2,1,control,experimental
399,18,2,1,control,experimental
399,18,2,1,control,experimental
399,18,1,1,control,experimental
399,18,1,1,control,experimental
399,18,1,1,control,experimental
399,18,2,1,control,experimental
399,18,1,1,control,experimental
399,18,1,1,control,experimental
399,18,1,1,control,experimental
399,18,1,1,control,experimental
399,18,1,1,control,experimental
399,18,1,1,control,experimental
399,18,1,1,control,experimental
399,18,1,1,control,experimental
399,18,1,1,control,experimental
399,18,1,1,control,experimental
399,18,1,1,control,experimental
399,18,1,1,control,experimental
399,18,1,1,control,experimental
399,19,1,1,control,experimental
399,19,2,1,control,experimental
399,19,1,1,control,experimental
399,19,1,1,control,experimental
399,19,2,1,control,experimental
399,19,2,1,control,experimental
399,19,1,1,control,experimental
399,19,2,1,control,experimental
399,19,1,1,control,experimental
399,19,1,1,control,experimental
399,19,1,1,control,experimental
399,19,1,1,control,experimental
399,19,2,1,control,experimental
399,19,1,1,control,experimental
399,19,1,1,control,experimental
399,19,1,1,control,experimental
399,19,2,1,control,experimental
399,19,1,1,control,experimental
399,19,1,1,control,experimental
399,19,1,1,control,experimental
399,19,1,1,control,experimental
399,19,1,1,control,experimental
399,19,1,1,control,experimental
399,19,2,1,control,experimental
399,19,1,1,control,experimental
399,19,2,1,control,experimental
399,19,1,1,control,experimental
399,19,1,1,control,experimental
399,19,1,1,control,experimental
399,19,1,1,control,experimental
399,19,1,1,control,experimental
399,19,1,1,control,experimental
399,19,2,1,control,experimental
399,19,1,1,control,experimental
399,19,1,1,control,experimental
399,19,1,1,control,experimental
399,19,1,1,control,experimental
399,19,2,1,control,experimental
399,19,1,1,control,experimental
399,19,1,1,control,experimental
399,19,1,1,control,experimental
399,19,1,1,control,experimental
399,19,1,1,control,experimental
399,19,1,1,control,experimental
399,19,2,1,control,experimental
399,19,1,1,control,experimental
399,19,1,1,control,experimental
399,19,1,1,control,experimental
399,20,1,1,control,experimental
399,20,1,1,control,experimental
399,20,2,1,control,experimental
399,20,1,1,control,experimental
399,20,2,1,control,experimental
399,20,1,1,control,experimental
399,20,1,1,control,experimental
399,20,1,1,control,experimental
399,20,2,1,control,experimental
399,20,1,1,control,experimental
399,20,1,1,control,experimental
399,20,1,1,control,experimental
399,20,1,1,control,experimental
399,20,1,1,control,experimental
399,20,2,1,control,experimental
399,20,1,1,control,experimental
399,20,1,1,control,experimental
399,20,2,1,control,experimental
399,20,2,1,control,experimental
399,20,1,1,control,experimental
399,20,2,1,control,experimental
399,20,2,1,control,experimental
399,20,1,1,control,experimental
399,20,1,1,control,experimental
399,20,1,1,control,experimental
399,20,1,1,control,experimental
399,20,2,1,control,experimental
399,20,1,1,control,experimental
399,20,1,1,control,experimental
399,20,1,1,control,experimental
399,20,2,1,control,experimental
399,20,1,1,control,experimental
399,20,1,1,control,experimental
399,20,1,1,control,experimental
399,20,1,1,control,experimental
399,20,1,1,control,experimental
399,20,1,1,control,experimental
399,20,1,1,control,experimental
399,20,2,1,control,experimental
399,20,1,1,control,experimental
399,20,1,1,control,experimental
399,20,1,1,control,experimental
399,20,1,1,control,experimental
399,20,1,1,control,experimental
399,20,1,1,control,experimental
399,20,1,1,control,experimental
399,21,1,1,control,experimental
399,21,2,1,control,experimental
399,21,2,1,control,experimental
399,21,1,1,control,experimental
399,21,2,1,control,experimental
399,21,2,1,control,experimental
399,21,1,1,control,experimental
399,21,1,1,control,experimental
399,21,2,1,control,experimental
399,21,1,1,control,experimental
399,21,1,1,control,experimental
399,21,1,1,control,experimental
399,21,2,1,control,experimental
399,21,2,1,control,experimental
399,21,1,1,control,experimental
399,21,2,1,control,experimental
399,21,2,1,control,experimental
399,21,1,1,control,experimental
399,21,2,1,control,experimental
399,21,1,1,control,experimental
399,21,2,1,control,experimental
399,21,2,1,control,experimental
399,21,2,1,control,experimental
399,21,1,1,control,experimental
399,21,1,1,control,experimental
399,21,2,1,control,experimental
399,21,1,1,control,experimental
399,21,1,1,control,experimental
399,21,1,1,control,experimental
399,21,2,1,control,experimental
399,21,1,1,control,experimental
399,21,2,1,control,experimental
399,21,2,1,control,experimental
399,21,1,1,control,experimental
399,21,1,1,control,experimental
399,21,2,1,control,experimental
399,21,1,1,control,experimental
399,21,1,1,control,experimental
399,21,2,1,control,experimental
399,21,1,1,control,experimental
399,21,1,1,control,experimental
399,21,1,1,control,experimental
399,21,1,1,control,experimental
399,21,1,1,control,experimental
399,21,1,1,control,experimental
399,21,2,1,control,experimental
399,21,2,1,control,experimental
399,21,1,1,control,experimental
399,21,1,1,control,experimental
399,21,1,1,control,experimental
399,21,1,1,control,experimental
399,21,1,1,control,experimental
399,21,1,1,control,experimental
399,21,1,1,control,experimental
399,21,1,1,control,experimental
399,21,1,1,control,experimental
399,21,1,1,control,experimental
399,21,2,1,control,experimental
399,21,1,1,control,experimental
399,21,1,1,control,experimental
399,21,2,1,control,experimental
399,21,1,1,control,experimental
399,21,1,1,control,experimental
399,21,2,1,control,experimental
399,22,2,1,control,experimental
399,22,1,1,control,experimental
399,22,2,1,control,experimental
399,22,1,1,control,experimental
399,22,2,1,control,experimental
399,22,1,1,control,experimental
399,22,1,1,control,experimental
399,22,2,1,control,experimental
399,22,1,1,control,experimental
399,22,1,1,control,experimental
399,22,1,1,control,experimental
399,22,2,1,control,experimental
399,22,1,1,control,experimental
399,22,2,1,control,experimental
399,22,2,1,control,experimental
399,22,1,1,control,experimental
399,22,2,1,control,experimental
399,22,1,1,control,experimental
399,22,1,1,control,experimental
399,22,2,1,control,experimental
399,22,2,1,control,experimental
399,22,1,1,control,experimental
399,22,1,1,control,experimental
399,22,2,1,control,experimental
399,22,1,1,control,experimental
399,22,1,1,control,experimental
399,22,1,1,control,experimental
399,22,1,1,control,experimental
399,22,1,1,control,experimental
399,22,1,1,control,experimental
399,22,1,1,control,experimental
399,22,1,1,control,experimental
399,22,2,1,control,experimental
399,22,1,1,control,experimental
399,22,2,1,control,experimental
399,22,1,1,control,experimental
399,22,2,1,control,experimental
399,22,1,1,control,experimental
399,22,1,1,control,experimental
399,22,2,1,control,experimental
399,22,1,1,control,experimental
399,22,2,1,control,experimental
399,22,1,1,control,experimental
399,22,2,1,control,experimental
399,22,1,1,control,experimental
399,22,1,1,control,experimental
399,22,2,1,control,experimental
399,22,1,1,control,experimental
399,22,1,1,control,experimental
399,22,1,1,control,experimental
399,22,2,1,control,experimental
399,22,1,1,control,experimental
399,22,1,1,control,experimental
399,22,2,1,control,experimental
399,22,1,1,control,experimental
399,22,1,1,control,experimental
399,22,2,1,control,experimental
399,22,2,1,control,experimental
399,22,1,1,control,experimental
399,22,1,1,control,experimental
399,22,1,1,control,experimental
399,23,1,1,control,experimental
399,23,2,1,control,experimental
399,23,1,1,control,experimental
399,23,1,1,control,experimental
399,23,2,1,control,experimental
399,23,1,1,control,experimental
399,23,2,1,control,experimental
399,23,1,1,control,experimental
399,23,1,1,control,experimental
399,23,2,1,control,experimental
399,23,2,1,control,experimental
399,23,1,1,control,experimental
399,23,1,1,control,experimental
399,23,2,1,control,experimental
399,23,2,1,control,experimental
399,23,1,1,control,experimental
399,23,2,1,control,experimental
399,23,2,1,control,experimental
399,23,2,1,control,experimental
399,23,1,1,control,experimental
399,23,1,1,control,experimental
399,23,2,1,control,experimental
399,23,2,1,control,experimental
399,23,1,1,control,experimental
399,23,2,1,control,experimental
399,23,2,1,control,experimental
399,23,1,1,control,experimental
399,23,2,1,control,experimental
399,23,1,1,control,experimental
399,23,1,1,control,experimental
399,23,2,1,control,experimental
399,23,1,1,control,experimental
399,23,1,1,control,experimental
399,23,1,1,control,experimental
399,23,2,1,control,experimental
399,23,1,1,control,experimental
399,23,1,1,control,experimental
399,23,2,1,control,experimental
399,23,1,1,control,experimental
399,23,2,1,control,experimental
399,23,1,1,control,experimental
399,23,1,1,control,experimental
399,23,1,1,control,experimental
399,23,1,1,control,experimental
399,23,2,1,control,experimental
399,23,1,1,control,experimental
399,23,2,1,control,experimental
399,23,1,1,control,experimental
399,23,1,1,control,experimental
399,23,2,1,control,experimental
399,23,1,1,control,experimental
399,23,2,1,control,experimental
399,23,1,1,control,experimental
399,23,2,1,control,experimental
399,23,1,1,control,experimental
399,23,2,1,control,experimental
399,23,1,1,control,experimental
399,23,2,1,control,experimental
399,23,1,1,control,experimental
399,24,2,1,control,experimental
399,24,2,1,control,experimental
399,24,1,1,control,experimental
399,24,1,1,control,experimental
399,24,2,1,control,experimental
399,24,1,1,control,experimental
399,24,1,1,control,experimental
399,24,2,1,control,experimental
399,24,1,1,control,experimental
399,24,1,1,control,experimental
399,24,2,1,control,experimental
399,24,2,1,control,experimental
399,24,1,1,control,experimental
399,24,2,1,control,experimental
399,24,1,1,control,experimental
399,24,1,1,control,experimental
399,24,2,1,control,experimental
399,24,2,1,control,experimental
399,24,1,1,control,experimental
399,24,1,1,control,experimental
399,24,2,1,control,experimental
399,24,2,1,control,experimental
399,24,2,1,control,experimental
399,24,1,1,control,experimental
399,24,2,1,control,experimental
399,24,1,1,control,experimental
399,24,1,1,control,experimental
399,24,1,1,control,experimental
399,24,2,1,control,experimental
399,24,2,1,control,experimental
399,24,2,1,control,experimental
399,24,1,1,control,experimental
399,24,2,1,control,experimental
399,24,1,1,control,experimental
399,24,2,1,control,experimental
399,24,2,1,control,experimental
399,24,1,1,control,experimental
399,24,1,1,control,experimental
399,24,2,1,control,experimental
399,24,2,1,control,experimental
399,24,2,1,control,experimental
399,24,2,1,control,experimental
399,24,1,1,control,experimental
399,24,2,1,control,experimental
399,24,2,1,control,experimental
399,24,1,1,control,experimental
399,24,1,1,control,experimental
399,24,1,1,control,experimental
399,24,2,1,control,experimental
399,24,1,1,control,experimental
399,24,1,1,control,experimental
399,24,1,1,control,experimental
399,24,2,1,control,experimental
399,24,2,1,control,experimental
399,24,1,1,control,experimental
399,24,2,1,control,experimental
399,24,2,1,control,experimental
399,24,1,1,control,experimental
399,24,1,1,control,experimental
399,24,1,1,control,experimental
399,24,2,1,control,experimental
399,24,2,1,control,experimental
399,24,2,1,control,experimental
399,24,2,1,control,experimental
399,24,1,1,control,experimental
399,24,2,1,control,experimental
399,24,1,1,control,experimental
399,26,1,1,control,experimental
399,26,2,1,control,experimental
399,26,1,1,control,experimental
399,26,2,1,control,experimental
399,26,1,1,control,experimental
399,26,2,1,control,experimental
399,26,1,1,control,experimental
399,26,2,1,control,experimental
399,26,1,1,control,experimental
399,26,2,1,control,experimental
399,26,1,1,control,experimental
399,26,1,1,control,experimental
399,26,2,1,control,experimental
399,26,1,1,control,experimental
399,26,2,1,control,experimental
399,26,1,1,control,experimental
399,26,1,1,control,experimental
399,26,2,1,control,experimental
399,26,1,1,control,experimental
399,26,1,1,control,experimental
399,26,2,1,control,experimental
399,26,1,1,control,experimental
399,26,2,1,control,experimental
399,26,2,1,control,experimental
399,26,1,1,control,experimental
399,26,2,1,control,experimental
399,26,1,1,control,experimental
399,26,2,1,control,experimental
399,26,1,1,control,experimental
399,26,1,1,control,experimental
399,26,1,1,control,experimental
399,26,2,1,control,experimental
399,26,2,1,control,experimental
399,26,1,1,control,experimental
399,26,1,1,control,experimental
399,26,1,1,control,experimental
399,26,1,1,control,experimental
399,26,2,1,control,experimental
399,26,2,1,control,experimental
399,26,1,1,control,experimental
399,26,1,1,control,experimental
399,26,1,1,control,experimental
399,26,2,1,control,experimental
399,26,1,1,control,experimental
399,26,2,1,control,experimental
399,26,1,1,control,experimental
399,26,1,1,control,experimental
399,26,2,1,control,experimental
399,26,1,1,control,experimental
399,26,2,1,control,experimental
399,26,1,1,control,experimental
399,26,1,1,control,experimental
399,26,2,1,control,experimental
399,26,2,1,control,experimental
399,26,2,1,control,experimental
399,26,2,1,control,experimental
399,26,1,1,control,experimental
399,26,1,1,control,experimental
399,26,1,1,control,experimental
399,26,1,1,control,experimental
399,26,2,1,control,experimental
399,26,2,1,control,experimental
399,26,1,1,control,experimental
399,26,2,1,control,experimental
399,26,1,1,control,experimental
399,26,1,1,control,experimental
399,26,2,1,control,experimental
399,26,2,1,control,experimental
399,26,2,1,control,experimental
399,26,1,1,control,experimental
399,26,2,1,control,experimental
399,26,2,1,control,experimental
399,26,1,1,control,experimental
399,26,1,1,control,experimental
399,26,2,1,control,experimental
399,27,2,1,control,experimental
399,27,2,1,control,experimental
399,27,1,1,control,experimental
399,27,1,1,control,experimental
399,27,2,1,control,experimental
399,27,1,1,control,experimental
399,27,1,1,control,experimental
399,27,2,1,control,experimental
399,27,1,1,control,experimental
399,27,2,1,control,experimental
399,27,1,1,control,experimental
399,27,2,1,control,experimental
399,27,2,1,control,experimental
399,27,1,1,control,experimental
399,27,2,1,control,experimental
399,27,1,1,control,experimental
399,27,1,1,control,experimental
399,27,2,1,control,experimental
399,27,2,1,control,experimental
399,27,2,1,control,experimental
399,27,1,1,control,experimental
399,27,2,1,control,experimental
399,27,1,1,control,experimental
399,27,1,1,control,experimental
399,27,1,1,control,experimental
399,27,2,1,control,experimental
399,27,2,1,control,experimental
399,27,1,1,control,experimental
399,27,2,1,control,experimental
399,27,2,1,control,experimental
399,27,2,1,control,experimental
399,27,1,1,control,experimental
399,27,2,1,control,experimental
399,27,2,1,control,experimental
399,27,1,1,control,experimental
399,27,1,1,control,experimental
399,27,1,1,control,experimental
399,27,1,1,control,experimental
399,27,1,1,control,experimental
399,27,2,1,control,experimental
399,27,2,1,control,experimental
399,27,1,1,control,experimental
399,27,1,1,control,experimental
399,27,2,1,control,experimental
399,27,2,1,control,experimental
399,27,2,1,control,experimental
399,27,1,1,control,experimental
399,27,2,1,control,experimental
399,27,1,1,control,experimental
399,27,2,1,control,experimental
399,27,2,1,control,experimental
399,27,2,1,control,experimental
399,27,1,1,control,experimental
399,27,1,1,control,experimental
399,27,1,1,control,experimental
399,27,2,1,control,experimental
399,27,1,1,control,experimental
399,27,2,1,control,experimental
399,27,1,1,control,experimental
399,27,2,1,control,experimental
399,27,2,1,control,experimental
399,27,1,1,control,experimental
399,27,1,1,control,experimental
399,27,1,1,control,experimental
399,27,2,1,control,experimental
399,27,2,1,control,experimental
399,27,2,1,control,experimental
399,27,2,1,control,experimental
399,27,2,1,control,experimental
399,27,2,1,control,experimental
399,27,2,1,control,experimental
400,0,2,1,experimental,basal
400,0,2,1,experimental,basal
400,0,1,1,experimental,basal
400,0,1,1,experimental,basal
400,0,2,1,experimental,basal
400,0,2,1,experimental,basal
400,0,2,1,experimental,basal
400,0,1,1,experimental,basal
400,0,2,1,experimental,basal
400,0,1,1,experimental,basal
400,0,1,1,experimental,basal
400,0,2,1,experimental,basal
400,0,1,1,experimental,basal
400,0,2,1,experimental,basal
400,0,1,1,experimental,basal
400,0,1,1,experimental,basal
400,0,2,1,experimental,basal
400,0,1,1,experimental,basal
400,0,2,1,experimental,basal
400,0,1,1,experimental,basal
400,0,1,1,experimental,basal
400,0,1,1,experimental,basal
400,0,2,1,experimental,basal
400,0,1,1,experimental,basal
400,0,2,1,experimental,basal
400,0,1,1,experimental,basal
400,0,2,1,experimental,basal
400,0,2,1,experimental,basal
400,0,1,1,experimental,basal
400,0,2,1,experimental,basal
400,0,2,1,experimental,basal
400,1,1,1,experimental,basal
400,1,2,1,experimental,basal
400,1,2,1,experimental,basal
400,1,1,1,experimental,basal
400,1,2,1,experimental,basal
400,1,2,1,experimental,basal
400,1,2,1,experimental,basal
400,1,1,1,experimental,basal
400,1,2,1,experimental,basal
400,1,2,1,experimental,basal
400,1,2,1,experimental,basal
400,1,2,1,experimental,basal
400,1,1,1,experimental,basal
400,1,2,1,experimental,basal
400,1,2,1,experimental,basal
400,1,1,1,experimental,basal
400,1,1,1,experimental,basal
400,1,2,1,experimental,basal
400,1,1,1,experimental,basal
400,1,1,1,experimental,basal
400,1,2,1,experimental,basal
400,1,1,1,experimental,basal
400,1,1,1,experimental,basal
400,1,2,1,experimental,basal
400,1,1,1,experimental,basal
400,1,2,1,experimental,basal
400,1,2,1,experimental,basal
400,1,2,1,experimental,basal
400,1,2,1,experimental,basal
400,1,2,1,experimental,basal
400,1,1,1,experimental,basal
400,1,2,1,experimental,basal
400,1,2,1,experimental,basal
400,1,1,1,experimental,basal
400,1,2,1,experimental,basal
400,1,1,1,experimental,basal
400,1,1,1,experimental,basal
400,1,2,1,experimental,basal
400,2,1,1,experimental,basal
400,2,2,1,experimental,basal
400,2,1,1,experimental,basal
400,2,2,1,experimental,basal
400,2,1,1,experimental,basal
400,2,2,1,experimental,basal
400,2,2,1,experimental,basal
400,2,1,1,experimental,basal
400,2,2,1,experimental,basal
400,2,2,1,experimental,basal
400,2,2,1,experimental,basal
400,2,1,1,experimental,basal
400,2,2,1,experimental,basal
400,2,2,1,experimental,basal
400,2,1,1,experimental,basal
400,2,2,1,experimental,basal
400,2,1,1,experimental,basal
400,2,1,1,experimental,basal
400,2,2,1,experimental,basal
400,2,1,1,experimental,basal
400,2,1,1,experimental,basal
400,2,2,1,experimental,basal
400,2,1,1,experimental,basal
400,2,1,1,experimental,basal
400,2,2,1,experimental,basal
400,2,2,1,experimental,basal
400,2,1,1,experimental,basal
400,2,1,1,experimental,basal
400,2,1,1,experimental,basal
400,2,2,1,experimental,basal
400,2,2,1,experimental,basal
400,2,2,1,experimental,basal
400,2,1,1,experimental,basal
400,2,1,1,experimental,basal
400,2,1,1,experimental,basal
400,2,1,1,experimental,basal
400,2,1,1,experimental,basal
400,2,1,1,experimental,basal
400,2,1,1,experimental,basal
400,2,1,1,experimental,basal
400,2,1,1,experimental,basal
400,2,1,1,experimental,basal
400,2,2,1,experimental,basal
400,3,1,1,experimental,basal
400,3,2,1,experimental,basal
400,3,2,1,experimental,basal
400,3,1,1,experimental,basal
400,3,1,1,experimental,basal
400,3,2,1,experimental,basal
400,3,1,1,experimental,basal
400,3,2,1,experimental,basal
400,3,1,1,experimental,basal
400,3,1,1,experimental,basal
400,3,2,1,experimental,basal
400,3,1,1,experimental,basal
400,3,2,1,experimental,basal
400,3,2,1,experimental,basal
400,3,1,1,experimental,basal
400,3,2,1,experimental,basal
400,3,1,1,experimental,basal
400,3,1,1,experimental,basal
400,3,2,1,experimental,basal
400,3,2,1,experimental,basal
400,3,1,1,experimental,basal
400,3,1,1,experimental,basal
400,3,1,1,experimental,basal
400,3,2,1,experimental,basal
400,3,1,1,experimental,basal
400,3,2,1,experimental,basal
400,3,1,1,experimental,basal
400,3,1,1,experimental,basal
400,3,1,1,experimental,basal
400,3,2,1,experimental,basal
400,3,2,1,experimental,basal
400,3,1,1,experimental,basal
400,3,1,1,experimental,basal
400,3,1,1,experimental,basal
400,3,2,1,experimental,basal
400,3,1,1,experimental,basal
400,3,1,1,experimental,basal
400,3,2,1,experimental,basal
400,3,1,1,experimental,basal
400,3,2,1,experimental,basal
400,3,1,1,experimental,basal
400,3,1,1,experimental,basal
400,3,1,1,experimental,basal
400,3,1,1,experimental,basal
400,3,1,1,experimental,basal
400,3,1,1,experimental,basal
400,3,1,1,experimental,basal
400,3,1,1,experimental,basal
400,3,2,1,experimental,basal
400,3,1,1,experimental,basal
400,3,1,1,experimental,basal
400,3,1,1,experimental,basal
400,3,1,1,experimental,basal
400,3,1,1,experimental,basal
400,3,1,1,experimental,basal
400,3,1,1,experimental,basal
400,4,2,1,experimental,basal
400,4,2,1,experimental,basal
400,4,2,1,experimental,basal
400,4,1,1,experimental,basal
400,4,1,1,experimental,basal
400,4,2,1,experimental,basal
400,4,1,1,experimental,basal
400,4,1,1,experimental,basal
400,4,2,1,experimental,basal
400,4,2,1,experimental,basal
400,4,1,1,experimental,basal
400,4,1,1,experimental,basal
400,4,1,1,experimental,basal
400,4,2,1,experimental,basal
400,4,1,1,experimental,basal
400,4,1,1,experimental,basal
400,4,2,1,experimental,basal
400,4,1,1,experimental,basal
400,4,1,1,experimental,basal
400,4,2,1,experimental,basal
400,4,1,1,experimental,basal
400,4,1,1,experimental,basal
400,4,2,1,experimental,basal
400,4,2,1,experimental,basal
400,4,1,1,experimental,basal
400,4,1,1,experimental,basal
400,4,1,1,experimental,basal
400,4,2,1,experimental,basal
400,4,1,1,experimental,basal
400,4,1,1,experimental,basal
400,4,1,1,experimental,basal
400,4,1,1,experimental,basal
400,4,1,1,experimental,basal
400,4,2,1,experimental,basal
400,4,1,1,experimental,basal
400,4,1,1,experimental,basal
400,4,1,1,experimental,basal
400,4,1,1,experimental,basal
400,4,1,1,experimental,basal
400,4,1,1,experimental,basal
400,4,1,1,experimental,basal
400,4,2,1,experimental,basal
400,4,1,1,experimental,basal
400,4,1,1,experimental,basal
400,5,1,1,experimental,basal
400,5,2,1,experimental,basal
400,5,2,1,experimental,basal
400,5,1,1,experimental,basal
400,5,2,1,experimental,basal
400,5,1,1,experimental,basal
400,5,2,1,experimental,basal
400,5,1,1,experimental,basal
400,5,2,1,experimental,basal
400,5,1,1,experimental,basal
400,5,1,1,experimental,basal
400,5,1,1,experimental,basal
400,5,2,1,experimental,basal
400,5,2,1,experimental,basal
400,5,1,1,experimental,basal
400,5,2,1,experimental,basal
400,5,1,1,experimental,basal
400,5,1,1,experimental,basal
400,5,1,1,experimental,basal
400,5,1,1,experimental,basal
400,5,2,1,experimental,basal
400,5,1,1,experimental,basal
400,5,2,1,experimental,basal
400,5,1,1,experimental,basal
400,5,2,1,experimental,basal
400,5,2,1,experimental,basal
400,5,2,1,experimental,basal
400,5,1,1,experimental,basal
400,5,2,1,experimental,basal
400,5,1,1,experimental,basal
400,5,1,1,experimental,basal
400,5,2,1,experimental,basal
400,5,1,1,experimental,basal
400,5,1,1,experimental,basal
400,5,1,1,experimental,basal
400,5,1,1,experimental,basal
400,5,2,1,experimental,basal
400,5,2,1,experimental,basal
400,5,1,1,experimental,basal
400,6,2,1,experimental,basal
400,6,1,1,experimental,basal
400,6,2,1,experimental,basal
400,6,1,1,experimental,basal
400,6,2,1,experimental,basal
400,6,2,1,experimental,basal
400,6,1,1,experimental,basal
400,6,1,1,experimental,basal
400,6,1,1,experimental,basal
400,6,2,1,experimental,basal
400,6,2,1,experimental,basal
400,6,1,1,experimental,basal
400,6,1,1,experimental,basal
400,6,2,1,experimental,basal
400,6,1,1,experimental,basal
400,6,2,1,experimental,basal
400,6,1,1,experimental,basal
400,6,1,1,experimental,basal
400,6,1,1,experimental,basal
400,6,2,1,experimental,basal
400,6,1,1,experimental,basal
400,6,1,1,experimental,basal
400,6,2,1,experimental,basal
400,6,1,1,experimental,basal
400,6,2,1,experimental,basal
400,6,1,1,experimental,basal
400,6,1,1,experimental,basal
400,6,2,1,experimental,basal
400,6,1,1,experimental,basal
400,6,2,1,experimental,basal
400,6,1,1,experimental,basal
400,6,2,1,experimental,basal
400,6,1,1,experimental,basal
400,6,1,1,experimental,basal
400,6,1,1,experimental,basal
400,6,2,1,experimental,basal
400,6,1,1,experimental,basal
400,6,1,1,experimental,basal
400,6,2,1,experimental,basal
400,6,1,1,experimental,basal
400,6,1,1,experimental,basal
400,7,1,1,experimental,basal
400,7,2,1,experimental,basal
400,7,1,1,experimental,basal
400,7,1,1,experimental,basal
400,7,2,1,experimental,basal
400,7,1,1,experimental,basal
400,7,2,1,experimental,basal
400,7,2,1,experimental,basal
400,7,1,1,experimental,basal
400,7,1,1,experimental,basal
400,7,2,1,experimental,basal
400,7,1,1,experimental,basal
400,7,2,1,experimental,basal
400,7,1,1,experimental,basal
400,7,1,1,experimental,basal
400,7,2,1,experimental,basal
400,7,1,1,experimental,basal
400,7,1,1,experimental,basal
400,7,2,1,experimental,basal
400,7,1,1,experimental,basal
400,7,1,1,experimental,basal
400,7,2,1,experimental,basal
400,7,1,1,experimental,basal
400,7,2,1,experimental,basal
400,7,1,1,experimental,basal
400,7,2,1,experimental,basal
400,7,1,1,experimental,basal
400,7,2,1,experimental,basal
400,7,2,1,experimental,basal
400,7,2,1,experimental,basal
400,7,1,1,experimental,basal
400,7,2,1,experimental,basal
400,7,1,1,experimental,basal
400,7,1,1,experimental,basal
400,7,1,1,experimental,basal
400,7,1,1,experimental,basal
400,8,1,1,experimental,basal
400,8,2,1,experimental,basal
400,8,1,1,experimental,basal
400,8,1,1,experimental,basal
400,8,1,1,experimental,basal
400,8,2,1,experimental,basal
400,8,1,1,experimental,basal
400,8,1,1,experimental,basal
400,8,1,1,experimental,basal
400,8,1,1,experimental,basal
400,8,1,1,experimental,basal
400,8,2,1,experimental,basal
400,8,2,1,experimental,basal
400,8,1,1,experimental,basal
400,8,1,1,experimental,basal
400,8,1,1,experimental,basal
400,8,2,1,experimental,basal
400,8,1,1,experimental,basal
400,8,1,1,experimental,basal
400,8,1,1,experimental,basal
400,8,1,1,experimental,basal
400,8,2,1,experimental,basal
400,8,2,1,experimental,basal
400,8,1,1,experimental,basal
400,8,1,1,experimental,basal
400,8,2,1,experimental,basal
400,8,1,1,experimental,basal
400,8,1,1,experimental,basal
400,8,1,1,experimental,basal
400,8,2,1,experimental,basal
400,8,1,1,experimental,basal
400,8,1,1,experimental,basal
400,8,1,1,experimental,basal
400,8,1,1,experimental,basal
400,8,1,1,experimental,basal
400,8,1,1,experimental,basal
400,8,1,1,experimental,basal
400,9,2,1,experimental,basal
400,9,1,1,experimental,basal
400,9,2,1,experimental,basal
400,9,1,1,experimental,basal
400,9,2,1,experimental,basal
400,9,2,1,experimental,basal
400,9,1,1,experimental,basal
400,9,1,1,experimental,basal
400,9,2,1,experimental,basal
400,9,1,1,experimental,basal
400,9,1,1,experimental,basal
400,9,1,1,experimental,basal
400,9,2,1,experimental,basal
400,9,1,1,experimental,basal
400,9,2,1,experimental,basal
400,9,2,1,experimental,basal
400,9,1,1,experimental,basal
400,9,2,1,experimental,basal
400,9,2,1,experimental,basal
400,9,2,1,experimental,basal
400,9,1,1,experimental,basal
400,9,1,1,experimental,basal
400,9,2,1,experimental,basal
400,9,2,1,experimental,basal
400,9,1,1,experimental,basal
400,9,2,1,experimental,basal
400,9,1,1,experimental,basal
400,9,2,1,experimental,basal
400,9,1,1,experimental,basal
400,9,1,1,experimental,basal
400,9,1,1,experimental,basal
400,9,1,1,experimental,basal
400,10,1,1,experimental,basal
400,10,1,1,experimental,basal
400,10,2,1,experimental,basal
400,10,1,1,experimental,basal
400,10,1,1,experimental,basal
400,10,2,1,experimental,basal
400,10,2,1,experimental,basal
400,10,1,1,experimental,basal
400,10,1,1,experimental,basal
400,10,2,1,experimental,basal
400,10,1,1,experimental,basal
400,10,1,1,experimental,basal
400,10,2,1,experimental,basal
400,10,2,1,experimental,basal
400,10,1,1,experimental,basal
400,10,1,1,experimental,basal
400,10,2,1,experimental,basal
400,10,2,1,experimental,basal
400,10,1,1,experimental,basal
400,10,2,1,experimental,basal
400,10,2,1,experimental,basal
400,10,1,1,experimental,basal
400,10,2,1,experimental,basal
400,10,1,1,experimental,basal
400,10,2,1,experimental,basal
400,10,1,1,experimental,basal
400,10,1,1,experimental,basal
400,10,2,1,experimental,basal
400,10,1,1,experimental,basal
400,10,1,1,experimental,basal
400,10,1,1,experimental,basal
400,11,2,1,experimental,basal
400,11,1,1,experimental,basal
400,11,1,1,experimental,basal
400,11,2,1,experimental,basal
400,11,2,1,experimental,basal
400,11,1,1,experimental,basal
400,11,1,1,experimental,basal
400,11,2,1,experimental,basal
400,11,2,1,experimental,basal
400,11,2,1,experimental,basal
400,11,2,1,experimental,basal
400,11,2,1,experimental,basal
400,11,2,1,experimental,basal
400,11,1,1,experimental,basal
400,11,1,1,experimental,basal
400,11,1,1,experimental,basal
400,11,2,1,experimental,basal
400,11,2,1,experimental,basal
400,11,2,1,experimental,basal
400,11,1,1,experimental,basal
400,11,1,1,experimental,basal
400,11,1,1,experimental,basal
400,11,1,1,experimental,basal
400,11,2,1,experimental,basal
400,11,1,1,experimental,basal
400,11,1,1,experimental,basal
400,11,2,1,experimental,basal
400,11,1,1,experimental,basal
400,11,1,1,experimental,basal
400,11,2,1,experimental,basal
400,11,1,1,experimental,basal
400,11,1,1,experimental,basal
400,11,1,1,experimental,basal
400,12,2,1,experimental,experimental
400,12,2,1,experimental,experimental
400,12,1,0,experimental,experimental
400,12,2,1,experimental,experimental
400,12,1,1,experimental,experimental
400,12,2,1,experimental,experimental
400,12,1,1,experimental,experimental
400,12,1,1,experimental,experimental
400,12,2,1,experimental,experimental
400,12,1,0,experimental,experimental
400,12,1,1,experimental,experimental
400,12,1,0,experimental,experimental
400,12,2,1,experimental,experimental
400,12,2,1,experimental,experimental
400,12,2,1,experimental,experimental
400,12,2,1,experimental,experimental
400,12,1,0,experimental,experimental
400,12,1,0,experimental,experimental
400,12,1,1,experimental,experimental
400,12,1,1,experimental,experimental
400,12,1,0,experimental,experimental
400,12,2,1,experimental,experimental
400,12,2,1,experimental,experimental
400,12,2,1,experimental,experimental
400,12,1,1,experimental,experimental
400,12,1,0,experimental,experimental
400,12,2,1,experimental,experimental
400,12,1,1,experimental,experimental
400,12,1,1,experimental,experimental
400,12,2,1,experimental,experimental
400,12,1,0,experimental,experimental
400,12,2,1,experimental,experimental
400,12,1,1,experimental,experimental
400,12,2,1,experimental,experimental
400,12,1,1,experimental,experimental
400,12,2,1,experimental,experimental
400,12,1,0,experimental,experimental
400,12,2,1,experimental,experimental
400,12,2,1,experimental,experimental
400,12,1,0,experimental,experimental
400,12,1,0,experimental,experimental
400,12,1,1,experimental,experimental
400,12,2,1,experimental,experimental
400,12,1,1,experimental,experimental
400,12,1,0,experimental,experimental
400,12,2,1,experimental,experimental
400,12,1,1,experimental,experimental
400,12,2,1,experimental,experimental
400,12,1,1,experimental,experimental
400,12,2,1,experimental,experimental
400,12,2,1,experimental,experimental
400,12,1,0,experimental,experimental
400,12,1,1,experimental,experimental
400,12,1,1,experimental,experimental
400,12,1,1,experimental,experimental
400,12,1,1,experimental,experimental
400,12,1,1,experimental,experimental
400,12,1,1,experimental,experimental
400,12,1,1,experimental,experimental
400,12,1,0,experimental,experimental
400,12,1,1,experimental,experimental
400,12,1,1,experimental,experimental
400,12,1,0,experimental,experimental
400,13,2,0,experimental,experimental
400,13,2,0,experimental,experimental
400,13,1,1,experimental,experimental
400,13,2,1,experimental,experimental
400,13,2,1,experimental,experimental
400,13,1,1,experimental,experimental
400,13,2,1,experimental,experimental
400,13,1,1,experimental,experimental
400,13,1,1,experimental,experimental
400,13,2,0,experimental,experimental
400,13,1,1,experimental,experimental
400,13,1,1,experimental,experimental
400,13,2,1,experimental,experimental
400,13,2,1,experimental,experimental
400,13,1,1,experimental,experimental
400,13,1,1,experimental,experimental
400,13,1,1,experimental,experimental
400,13,2,0,experimental,experimental
400,13,2,1,experimental,experimental
400,13,1,1,experimental,experimental
400,13,2,0,experimental,experimental
400,13,2,0,experimental,experimental
400,13,1,1,experimental,experimental
400,13,1,1,experimental,experimental
400,13,2,1,experimental,experimental
400,13,1,1,experimental,experimental
400,13,2,0,experimental,experimental
400,13,1,1,experimental,experimental
400,13,2,1,experimental,experimental
400,13,1,1,experimental,experimental
400,13,2,0,experimental,experimental
400,13,2,1,experimental,experimental
400,13,2,1,experimental,experimental
400,13,1,1,experimental,experimental
400,13,2,1,experimental,experimental
400,13,1,1,experimental,experimental
400,13,2,0,experimental,experimental
400,13,1,1,experimental,experimental
400,13,1,1,experimental,experimental
400,13,1,1,experimental,experimental
400,13,1,1,experimental,experimental
400,13,2,1,experimental,experimental
400,13,1,1,experimental,experimental
400,13,1,1,experimental,experimental
400,13,1,1,experimental,experimental
400,13,1,1,experimental,experimental
400,13,1,1,experimental,experimental
400,13,1,1,experimental,experimental
400,13,1,1,experimental,experimental
400,13,1,1,experimental,experimental
400,13,1,1,experimental,experimental
400,13,1,1,experimental,experimental
400,13,2,1,experimental,experimental
400,13,1,1,experimental,experimental
400,13,1,1,experimental,experimental
400,13,1,1,experimental,experimental
400,14,2,1,experimental,experimental
400,14,2,1,experimental,experimental
400,14,1,0,experimental,experimental
400,14,1,1,experimental,experimental
400,14,2,1,experimental,experimental
400,14,1,1,experimental,experimental
400,14,2,1,experimental,experimental
400,14,1,1,experimental,experimental
400,14,2,1,experimental,experimental
400,14,1,0,experimental,experimental
400,14,1,1,experimental,experimental
400,14,1,0,experimental,experimental
400,14,2,1,experimental,experimental
400,14,2,1,experimental,experimental
400,14,1,0,experimental,experimental
400,14,1,0,experimental,experimental
400,14,2,1,experimental,experimental
400,14,2,1,experimental,experimental
400,14,2,1,experimental,experimental
400,14,1,1,experimental,experimental
400,14,2,1,experimental,experimental
400,14,2,1,experimental,experimental
400,14,2,1,experimental,experimental
400,14,1,0,experimental,experimental
400,14,2,1,experimental,experimental
400,14,2,1,experimental,experimental
400,14,1,0,experimental,experimental
400,14,2,1,experimental,experimental
400,14,1,1,experimental,experimental
400,14,2,1,experimental,experimental
400,14,2,1,experimental,experimental
400,14,1,1,experimental,experimental
400,14,1,1,experimental,experimental
400,14,2,1,experimental,experimental
400,14,1,1,experimental,experimental
400,14,1,0,experimental,experimental
400,14,1,0,experimental,experimental
400,14,2,1,experimental,experimental
400,14,1,0,experimental,experimental
400,14,1,0,experimental,experimental
400,14,1,0,experimental,experimental
400,14,1,1,experimental,experimental
400,14,1,0,experimental,experimental
400,14,1,1,experimental,experimental
400,14,1,0,experimental,experimental
400,14,1,0,experimental,experimental
400,14,1,1,experimental,experimental
400,14,2,1,experimental,experimental
400,14,1,1,experimental,experimental
400,14,1,0,experimental,experimental
400,14,1,0,experimental,experimental
400,14,1,0,experimental,experimental
400,14,1,1,experimental,experimental
400,15,1,1,experimental,experimental
400,15,2,0,experimental,experimental
400,15,1,1,experimental,experimental
400,15,2,1,experimental,experimental
400,15,2,1,experimental,experimental
400,15,1,1,experimental,experimental
400,15,2,1,experimental,experimental
400,15,1,1,experimental,experimental
400,15,2,0,experimental,experimental
400,15,1,1,experimental,experimental
400,15,2,1,experimental,experimental
400,15,1,1,experimental,experimental
400,15,2,1,experimental,experimental
400,15,1,1,experimental,experimental
400,15,1,1,experimental,experimental
400,15,1,1,experimental,experimental
400,15,2,0,experimental,experimental
400,15,1,1,experimental,experimental
400,15,2,1,experimental,experimental
400,15,2,1,experimental,experimental
400,15,1,1,experimental,experimental
400,15,1,1,experimental,experimental
400,15,2,0,experimental,experimental
400,15,2,0,experimental,experimental
400,15,2,1,experimental,experimental
400,15,2,0,experimental,experimental
400,15,2,0,experimental,experimental
400,15,1,1,experimental,experimental
400,15,2,1,experimental,experimental
400,15,1,1,experimental,experimental
400,15,1,1,experimental,experimental
400,15,2,1,experimental,experimental
400,15,1,1,experimental,experimental
400,15,1,1,experimental,experimental
400,15,1,1,experimental,experimental
400,15,1,1,experimental,experimental
400,15,2,0,experimental,experimental
400,15,1,1,experimental,experimental
400,15,1,1,experimental,experimental
400,15,2,0,experimental,experimental
400,15,1,1,experimental,experimental
400,16,2,1,experimental,experimental
400,16,2,1,experimental,experimental
400,16,1,0,experimental,experimental
400,16,2,1,experimental,experimental
400,16,2,1,experimental,experimental
400,16,2,1,experimental,experimental
400,16,1,1,experimental,experimental
400,16,2,1,experimental,experimental
400,16,2,1,experimental,experimental
400,16,1,0,experimental,experimental
400,16,1,1,experimental,experimental
400,16,2,1,experimental,experimental
400,16,1,1,experimental,experimental
400,16,1,1,experimental,experimental
400,16,1,0,experimental,experimental
400,16,2,1,experimental,experimental
400,16,1,0,experimental,experimental
400,16,1,0,experimental,experimental
400,16,1,1,experimental,experimental
400,16,1,1,experimental,experimental
400,16,1,0,experimental,experimental
400,16,2,1,experimental,experimental
400,16,1,0,experimental,experimental
400,16,1,0,experimental,experimental
400,16,2,1,experimental,experimental
400,16,2,1,experimental,experimental
400,16,2,1,experimental,experimental
400,16,1,1,experimental,experimental
400,16,1,1,experimental,experimental
400,16,1,0,experimental,experimental
400,16,1,0,experimental,experimental
400,16,2,1,experimental,experimental
400,16,1,1,experimental,experimental
400,16,2,1,experimental,experimental
400,16,1,1,experimental,experimental
400,16,1,0,experimental,experimental
400,16,1,0,experimental,experimental
400,16,1,0,experimental,experimental
400,16,2,1,experimental,experimental
400,16,2,1,experimental,experimental
400,16,1,0,experimental,experimental
400,16,2,1,experimental,experimental
400,16,2,1,experimental,experimental
400,16,1,1,experimental,experimental
400,16,1,0,experimental,experimental
400,16,2,1,experimental,experimental
400,16,1,1,experimental,experimental
400,16,2,1,experimental,experimental
400,16,1,1,experimental,experimental
400,16,1,0,experimental,experimental
400,16,1,0,experimental,experimental
400,16,2,1,experimental,experimental
400,16,2,1,experimental,experimental
400,16,1,1,experimental,experimental
400,16,1,1,experimental,experimental
400,17,2,0,experimental,experimental
400,17,2,0,experimental,experimental
400,17,1,1,experimental,experimental
400,17,2,1,experimental,experimental
400,17,1,1,experimental,experimental
400,17,2,1,experimental,experimental
400,17,1,1,experimental,experimental
400,17,2,1,experimental,experimental
400,17,1,1,experimental,experimental
400,17,2,0,experimental,experimental
400,17,1,1,experimental,experimental
400,17,2,0,experimental,experimental
400,17,1,1,experimental,experimental
400,17,2,1,experimental,experimental
400,17,1,1,experimental,experimental
400,17,1,1,experimental,experimental
400,17,2,0,experimental,experimental
400,17,1,1,experimental,experimental
400,17,1,1,experimental,experimental
400,17,1,1,experimental,experimental
400,17,2,0,experimental,experimental
400,17,1,1,experimental,experimental
400,17,1,1,experimental,experimental
400,17,2,0,experimental,experimental
400,17,1,1,experimental,experimental
400,17,2,0,experimental,experimental
400,17,1,1,experimental,experimental
400,17,2,1,experimental,experimental
400,17,1,1,experimental,experimental
400,17,1,1,experimental,experimental
400,17,1,1,experimental,experimental
400,17,2,1,experimental,experimental
400,17,1,1,experimental,experimental
400,17,1,1,experimental,experimental
400,17,1,1,experimental,experimental
400,17,2,0,experimental,experimental
400,17,1,1,experimental,experimental
400,17,1,1,experimental,experimental
400,17,1,1,experimental,experimental
400,17,1,1,experimental,experimental
400,17,1,1,experimental,experimental
400,17,1,1,experimental,experimental
400,17,2,0,experimental,experimental
400,17,1,1,experimental,experimental
400,17,1,1,experimental,experimental
400,17,1,1,experimental,experimental
400,17,1,1,experimental,experimental
400,17,1,1,experimental,experimental
400,17,1,1,experimental,experimental
400,17,1,1,experimental,experimental
400,17,1,1,experimental,experimental
400,17,1,1,experimental,experimental
400,17,2,1,experimental,experimental
400,17,1,1,experimental,experimental
400,17,1,1,experimental,experimental
400,17,1,1,experimental,experimental
400,17,2,1,experimental,experimental
400,17,1,1,experimental,experimental
400,17,2,1,experimental,experimental
400,17,1,1,experimental,experimental
400,17,1,1,experimental,experimental
400,17,1,1,experimental,experimental
400,17,2,0,experimental,experimental
400,17,1,1,experimental,experimental
400,18,2,1,experimental,experimental
400,18,2,1,experimental,experimental
400,18,1,0,experimental,experimental
400,18,1,1,experimental,experimental
400,18,2,1,experimental,experimental
400,18,1,1,experimental,experimental
400,18,1,1,experimental,experimental
400,18,2,1,experimental,experimental
400,18,1,0,experimental,experimental
400,18,1,0,experimental,experimental
400,18,2,1,experimental,experimental
400,18,1,0,experimental,experimental
400,18,1,1,experimental,experimental
400,18,2,1,experimental,experimental
400,18,1,0,experimental,experimental
400,18,1,0,experimental,experimental
400,18,1,0,experimental,experimental
400,18,1,0,experimental,experimental
400,18,2,1,experimental,experimental
400,18,2,1,experimental,experimental
400,18,1,0,experimental,experimental
400,18,2,1,experimental,experimental
400,18,2,1,experimental,experimental
400,18,1,0,experimental,experimental
400,18,1,1,experimental,experimental
400,18,1,0,experimental,experimental
400,18,2,1,experimental,experimental
400,18,1,1,experimental,experimental
400,18,1,1,experimental,experimental
400,18,2,1,experimental,experimental
400,18,2,1,experimental,experimental
400,18,1,1,experimental,experimental
400,18,1,1,experimental,experimental
400,18,1,0,experimental,experimental
400,18,2,1,experimental,experimental
400,18,2,1,experimental,experimental
400,18,1,0,experimental,experimental
400,18,2,1,experimental,experimental
400,18,1,0,experimental,experimental
400,18,1,0,experimental,experimental
400,18,2,1,experimental,experimental
400,18,2,1,experimental,experimental
400,18,1,0,experimental,experimental
400,18,1,1,experimental,experimental
400,18,2,1,experimental,experimental
400,18,2,1,experimental,experimental
400,18,2,1,experimental,experimental
400,18,1,0,experimental,experimental
400,18,1,1,experimental,experimental
400,18,2,1,experimental,experimental
400,18,1,0,experimental,experimental
400,18,1,0,experimental,experimental
400,18,1,1,experimental,experimental
400,18,1,1,experimental,experimental
400,18,2,1,experimental,experimental
400,18,1,1,experimental,experimental
400,18,1,1,experimental,experimental
400,18,2,1,experimental,experimental
400,18,1,1,experimental,experimental
400,18,1,0,experimental,experimental
400,18,1,1,experimental,experimental
400,18,1,1,experimental,experimental
400,18,1,0,experimental,experimental
400,18,2,1,experimental,experimental
400,18,1,0,experimental,experimental
400,18,2,1,experimental,experimental
400,18,1,0,experimental,experimental
400,18,1,1,experimental,experimental
400,18,1,1,experimental,experimental
400,18,1,0,experimental,experimental
400,18,2,1,experimental,experimental
400,19,2,0,experimental,experimental
400,19,1,1,experimental,experimental
400,19,2,0,experimental,experimental
400,19,2,1,experimental,experimental
400,19,1,1,experimental,experimental
400,19,2,1,experimental,experimental
400,19,1,1,experimental,experimental
400,19,1,1,experimental,experimental
400,19,2,0,experimental,experimental
400,19,1,1,experimental,experimental
400,19,1,1,experimental,experimental
400,19,1,1,experimental,experimental
400,19,1,1,experimental,experimental
400,19,2,1,experimental,experimental
400,19,1,1,experimental,experimental
400,19,1,1,experimental,experimental
400,19,1,1,experimental,experimental
400,19,2,0,experimental,experimental
400,19,1,1,experimental,experimental
400,19,2,1,experimental,experimental
400,19,1,1,experimental,experimental
400,19,1,1,experimental,experimental
400,19,1,1,experimental,experimental
400,19,2,0,experimental,experimental
400,19,2,1,experimental,experimental
400,19,1,1,experimental,experimental
400,19,1,1,experimental,experimental
400,19,2,1,experimental,experimental
400,19,2,1,experimental,experimental
400,19,1,1,experimental,experimental
400,19,1,1,experimental,experimental
400,19,1,1,experimental,experimental
400,19,1,1,experimental,experimental
400,19,2,0,experimental,experimental
400,19,1,1,experimental,experimental
400,19,2,0,experimental,experimental
400,19,1,1,experimental,experimental
400,19,2,0,experimental,experimental
400,19,1,1,experimental,experimental
400,19,1,1,experimental,experimental
400,19,2,0,experimental,experimental
400,19,1,1,experimental,experimental
400,19,1,1,experimental,experimental
400,19,2,1,experimental,experimental
400,19,2,0,experimental,experimental
400,19,1,1,experimental,experimental
400,19,1,1,experimental,experimental
400,19,1,1,experimental,experimental
400,19,2,1,experimental,experimental
400,19,2,0,experimental,experimental
400,19,1,1,experimental,experimental
400,19,1,1,experimental,experimental
400,19,2,1,experimental,experimental
400,19,1,1,experimental,experimental
400,19,1,1,experimental,experimental
400,19,1,1,experimental,experimental
400,19,2,1,experimental,experimental
400,19,2,1,experimental,experimental
400,19,1,1,experimental,experimental
400,19,1,1,experimental,experimental
400,19,2,1,experimental,experimental
400,19,2,1,experimental,experimental
400,19,2,0,experimental,experimental
400,19,2,1,experimental,experimental
400,19,1,1,experimental,experimental
400,19,2,0,experimental,experimental
400,19,2,0,experimental,experimental
400,19,2,1,experimental,experimental
400,19,2,1,experimental,experimental
400,19,1,1,experimental,experimental
400,19,2,1,experimental,experimental
400,19,2,0,experimental,experimental
400,19,1,1,experimental,experimental
400,19,2,0,experimental,experimental
400,19,2,0,experimental,experimental
400,19,2,1,experimental,experimental
400,19,1,1,experimental,experimental
400,19,1,1,experimental,experimental
400,19,1,1,experimental,experimental
400,19,2,0,experimental,experimental
400,19,2,0,experimental,experimental
400,19,2,1,experimental,experimental
400,19,2,0,experimental,experimental
400,20,2,1,experimental,experimental
400,20,1,0,experimental,experimental
400,20,2,1,experimental,experimental
400,20,2,1,experimental,experimental
400,20,2,1,experimental,experimental
400,20,1,1,experimental,experimental
400,20,2,1,experimental,experimental
400,20,1,1,experimental,experimental
400,20,1,0,experimental,experimental
400,20,2,1,experimental,experimental
400,20,1,1,experimental,experimental
400,20,2,1,experimental,experimental
400,20,2,1,experimental,experimental
400,20,1,1,experimental,experimental
400,20,1,0,experimental,experimental
400,20,2,1,experimental,experimental
400,20,2,1,experimental,experimental
400,20,1,0,experimental,experimental
400,20,1,1,experimental,experimental
400,20,2,1,experimental,experimental
400,20,1,0,experimental,experimental
400,20,1,0,experimental,experimental
400,20,2,1,experimental,experimental
400,20,1,0,experimental,experimental
400,20,2,1,experimental,experimental
400,20,1,0,experimental,experimental
400,20,2,1,experimental,experimental
400,20,2,1,experimental,experimental
400,20,2,1,experimental,experimental
400,20,1,0,experimental,experimental
400,20,2,1,experimental,experimental
400,20,1,1,experimental,experimental
400,20,1,1,experimental,experimental
400,20,2,1,experimental,experimental
400,20,2,1,experimental,experimental
400,20,2,1,experimental,experimental
400,20,1,0,experimental,experimental
400,20,2,1,experimental,experimental
400,20,1,0,experimental,experimental
400,20,2,1,experimental,experimental
400,20,1,0,experimental,experimental
400,20,1,1,experimental,experimental
400,20,2,1,experimental,experimental
400,20,2,1,experimental,experimental
400,20,2,1,experimental,experimental
400,20,2,1,experimental,experimental
400,20,1,1,experimental,experimental
400,20,2,1,experimental,experimental
400,20,1,1,experimental,experimental
400,20,2,1,experimental,experimental
400,20,1,0,experimental,experimental
400,20,1,0,experimental,experimental
400,20,2,1,experimental,experimental
400,20,1,1,experimental,experimental
400,20,2,1,experimental,experimental
400,20,1,1,experimental,experimental
400,20,1,1,experimental,experimental
400,20,2,1,experimental,experimental
400,20,2,1,experimental,experimental
400,20,1,0,experimental,experimental
400,20,2,1,experimental,experimental
400,20,2,1,experimental,experimental
400,20,1,0,experimental,experimental
400,20,2,1,experimental,experimental
400,20,1,0,experimental,experimental
400,20,2,1,experimental,experimental
400,20,1,0,experimental,experimental
400,20,2,1,experimental,experimental
400,21,2,0,experimental,experimental
400,21,2,0,experimental,experimental
400,21,2,0,experimental,experimental
400,21,1,1,experimental,experimental
400,21,2,1,experimental,experimental
400,21,2,1,experimental,experimental
400,21,1,1,experimental,experimental
400,21,1,1,experimental,experimental
400,21,2,0,experimental,experimental
400,21,2,0,experimental,experimental
400,21,1,1,experimental,experimental
400,21,1,1,experimental,experimental
400,21,2,1,experimental,experimental
400,21,1,1,experimental,experimental
400,21,2,0,experimental,experimental
400,21,1,1,experimental,experimental
400,21,2,0,experimental,experimental
400,21,1,1,experimental,experimental
400,21,1,1,experimental,experimental
400,21,2,1,experimental,experimental
400,21,1,1,experimental,experimental
400,21,2,0,experimental,experimental
400,21,1,1,experimental,experimental
400,21,2,0,experimental,experimental
400,21,2,1,experimental,experimental
400,21,1,1,experimental,experimental
400,21,1,1,experimental,experimental
400,21,1,1,experimental,experimental
400,21,2,1,experimental,experimental
400,21,1,1,experimental,experimental
400,21,2,0,experimental,experimental
400,21,2,1,experimental,experimental
400,21,2,1,experimental,experimental
400,21,2,0,experimental,experimental
400,21,2,1,experimental,experimental
400,21,1,1,experimental,experimental
400,21,1,1,experimental,experimental
400,21,2,0,experimental,experimental
400,21,1,1,experimental,experimental
400,21,2,0,experimental,experimental
400,21,1,1,experimental,experimental
400,21,2,1,experimental,experimental
400,21,2,0,experimental,experimental
400,21,2,1,experimental,experimental
400,21,2,0,experimental,experimental
400,21,1,1,experimental,experimental
400,21,2,1,experimental,experimental
400,21,1,1,experimental,experimental
400,21,2,1,experimental,experimental
400,21,2,0,experimental,experimental
400,21,1,1,experimental,experimental
400,21,2,0,experimental,experimental
400,21,2,1,experimental,experimental
400,21,1,1,experimental,experimental
400,21,2,1,experimental,experimental
400,21,1,1,experimental,experimental
400,21,1,1,experimental,experimental
400,21,2,1,experimental,experimental
400,21,2,1,experimental,experimental
400,21,1,1,experimental,experimental
400,21,2,1,experimental,experimental
400,21,1,1,experimental,experimental
400,21,1,1,experimental,experimental
400,21,2,1,experimental,experimental
400,21,2,0,experimental,experimental
400,21,2,0,experimental,experimental
400,21,1,1,experimental,experimental
400,21,2,1,experimental,experimental
400,21,1,1,experimental,experimental
400,21,2,0,experimental,experimental
400,21,2,1,experimental,experimental
400,21,2,0,experimental,experimental
400,21,1,1,experimental,experimental
400,21,2,0,experimental,experimental
400,21,1,1,experimental,experimental
400,21,2,1,experimental,experimental
400,21,2,0,experimental,experimental
400,21,1,1,experimental,experimental
400,21,1,1,experimental,experimental
400,21,2,0,experimental,experimental
400,21,2,0,experimental,experimental
400,21,1,1,experimental,experimental
400,21,2,0,experimental,experimental
400,21,1,1,experimental,experimental
400,22,1,0,experimental,experimental
400,22,2,1,experimental,experimental
400,22,1,0,experimental,experimental
400,22,1,1,experimental,experimental
400,22,2,1,experimental,experimental
400,22,2,1,experimental,experimental
400,22,1,1,experimental,experimental
400,22,2,1,experimental,experimental
400,22,2,1,experimental,experimental
400,22,1,0,experimental,experimental
400,22,1,1,experimental,experimental
400,22,2,1,experimental,experimental
400,22,1,1,experimental,experimental
400,22,1,1,experimental,experimental
400,22,2,1,experimental,experimental
400,22,1,0,experimental,experimental
400,22,1,0,experimental,experimental
400,22,2,1,experimental,experimental
400,22,1,1,experimental,experimental
400,22,2,1,experimental,experimental
400,22,1,0,experimental,experimental
400,22,1,0,experimental,experimental
400,22,1,0,experimental,experimental
400,22,2,1,experimental,experimental
400,22,2,1,experimental,experimental
400,22,2,1,experimental,experimental
400,22,2,1,experimental,experimental
400,22,1,1,experimental,experimental
400,22,1,1,experimental,experimental
400,22,2,1,experimental,experimental
400,22,2,1,experimental,experimental
400,22,1,1,experimental,experimental
400,22,1,1,experimental,experimental
400,22,2,1,experimental,experimental
400,22,2,1,experimental,experimental
400,22,2,1,experimental,experimental
400,22,1,0,experimental,experimental
400,22,2,1,experimental,experimental
400,22,2,1,experimental,experimental
400,22,1,0,experimental,experimental
400,22,1,0,experimental,experimental
400,22,1,1,experimental,experimental
400,22,2,1,experimental,experimental
400,22,2,1,experimental,experimental
400,22,1,0,experimental,experimental
400,22,2,1,experimental,experimental
400,22,2,1,experimental,experimental
400,22,1,0,experimental,experimental
400,22,1,1,experimental,experimental
400,22,2,1,experimental,experimental
400,22,2,1,experimental,experimental
400,22,2,1,experimental,experimental
400,22,1,1,experimental,experimental
400,22,1,1,experimental,experimental
400,22,1,1,experimental,experimental
400,22,2,1,experimental,experimental
400,22,1,1,experimental,experimental
400,22,2,1,experimental,experimental
400,22,1,1,experimental,experimental
400,22,1,0,experimental,experimental
400,22,2,1,experimental,experimental
400,22,1,1,experimental,experimental
400,22,1,0,experimental,experimental
400,22,2,1,experimental,experimental
400,22,1,0,experimental,experimental
400,22,2,1,experimental,experimental
400,22,2,1,experimental,experimental
400,22,1,1,experimental,experimental
400,22,1,1,experimental,experimental
400,22,2,1,experimental,experimental
400,22,1,1,experimental,experimental
400,22,1,0,experimental,experimental
400,22,2,1,experimental,experimental
400,22,1,0,experimental,experimental
400,22,1,0,experimental,experimental
400,22,1,1,experimental,experimental
400,22,2,1,experimental,experimental
400,22,2,1,experimental,experimental
400,22,1,0,experimental,experimental
400,22,1,0,experimental,experimental
400,23,2,0,experimental,experimental
400,23,1,1,experimental,experimental
400,23,1,1,experimental,experimental
400,23,2,1,experimental,experimental
400,23,1,1,experimental,experimental
400,23,2,1,experimental,experimental
400,23,1,1,experimental,experimental
400,23,2,1,experimental,experimental
400,23,1,1,experimental,experimental
400,23,2,0,experimental,experimental
400,23,2,1,experimental,experimental
400,23,1,1,experimental,experimental
400,23,2,1,experimental,experimental
400,23,1,1,experimental,experimental
400,23,1,1,experimental,experimental
400,23,1,1,experimental,experimental
400,23,1,1,experimental,experimental
400,23,2,0,experimental,experimental
400,23,2,1,experimental,experimental
400,23,2,1,experimental,experimental
400,23,1,1,experimental,experimental
400,23,1,1,experimental,experimental
400,23,1,1,experimental,experimental
400,23,1,1,experimental,experimental
400,23,1,1,experimental,experimental
400,23,1,1,experimental,experimental
400,23,2,0,experimental,experimental
400,23,1,1,experimental,experimental
400,23,1,1,experimental,experimental
400,23,2,0,experimental,experimental
400,23,2,0,experimental,experimental
400,23,1,1,experimental,experimental
400,23,1,1,experimental,experimental
400,23,1,1,experimental,experimental
400,23,2,1,experimental,experimental
400,23,1,1,experimental,experimental
400,23,1,1,experimental,experimental
400,23,2,0,experimental,experimental
400,23,1,1,experimental,experimental
400,23,2,0,experimental,experimental
400,23,1,1,experimental,experimental
400,23,2,1,experimental,experimental
400,23,1,1,experimental,experimental
400,23,2,1,experimental,experimental
400,23,1,1,experimental,experimental
400,23,2,0,experimental,experimental
400,23,2,1,experimental,experimental
400,23,1,1,experimental,experimental
400,23,1,1,experimental,experimental
400,23,1,1,experimental,experimental
400,23,1,1,experimental,experimental
400,23,2,0,experimental,experimental
400,23,1,1,experimental,experimental
400,23,1,1,experimental,experimental
400,23,1,1,experimental,experimental
400,23,1,1,experimental,experimental
400,23,1,1,experimental,experimental
400,23,2,1,experimental,experimental
400,23,1,1,experimental,experimental
400,23,1,1,experimental,experimental
400,23,2,1,experimental,experimental
400,23,1,1,experimental,experimental
400,23,2,0,experimental,experimental
400,23,1,1,experimental,experimental
400,23,1,1,experimental,experimental
400,24,2,1,experimental,experimental
400,24,1,0,experimental,experimental
400,24,1,0,experimental,experimental
400,24,2,1,experimental,experimental
400,24,1,1,experimental,experimental
400,24,2,1,experimental,experimental
400,24,1,1,experimental,experimental
400,24,1,1,experimental,experimental
400,24,2,1,experimental,experimental
400,24,2,1,experimental,experimental
400,24,1,1,experimental,experimental
400,24,1,0,experimental,experimental
400,24,1,1,experimental,experimental
400,24,1,1,experimental,experimental
400,24,1,0,experimental,experimental
400,24,2,1,experimental,experimental
400,24,2,1,experimental,experimental
400,24,2,1,experimental,experimental
400,24,2,1,experimental,experimental
400,24,1,1,experimental,experimental
400,24,1,0,experimental,experimental
400,24,2,1,experimental,experimental
400,24,1,0,experimental,experimental
400,24,1,0,experimental,experimental
400,24,1,1,experimental,experimental
400,24,2,1,experimental,experimental
400,24,2,1,experimental,experimental
400,24,2,1,experimental,experimental
400,24,2,1,experimental,experimental
400,24,1,0,experimental,experimental
400,24,2,1,experimental,experimental
400,24,2,1,experimental,experimental
400,24,2,1,experimental,experimental
400,24,1,0,experimental,experimental
400,24,2,1,experimental,experimental
400,24,1,0,experimental,experimental
400,24,2,1,experimental,experimental
400,24,2,1,experimental,experimental
400,24,2,1,experimental,experimental
400,24,1,0,experimental,experimental
400,24,2,1,experimental,experimental
400,24,1,1,experimental,experimental
400,24,2,1,experimental,experimental
400,24,2,1,experimental,experimental
400,24,1,0,experimental,experimental
400,24,2,1,experimental,experimental
400,24,1,1,experimental,experimental
400,24,1,0,experimental,experimental
400,24,1,1,experimental,experimental
400,24,2,1,experimental,experimental
400,24,1,0,experimental,experimental
400,24,1,0,experimental,experimental
400,24,2,1,experimental,experimental
400,24,2,1,experimental,experimental
400,24,1,1,experimental,experimental
400,24,2,1,experimental,experimental
400,24,1,1,experimental,experimental
400,24,1,1,experimental,experimental
400,24,1,1,experimental,experimental
400,24,2,1,experimental,experimental
400,24,1,1,experimental,experimental
400,24,2,1,experimental,experimental
400,24,2,1,experimental,experimental
400,24,2,1,experimental,experimental
400,24,2,1,experimental,experimental
400,24,1,0,experimental,experimental
400,24,2,1,experimental,experimental
400,24,1,1,experimental,experimental
400,24,1,1,experimental,experimental
400,24,2,1,experimental,experimental
400,24,2,1,experimental,experimental
400,26,2,1,experimental,experimental
400,26,1,0,experimental,experimental
400,26,2,1,experimental,experimental
400,26,1,1,experimental,experimental
400,26,1,1,experimental,experimental
400,26,2,1,experimental,experimental
400,26,1,1,experimental,experimental
400,26,2,1,experimental,experimental
400,26,1,0,experimental,experimental
400,26,2,1,experimental,experimental
400,26,2,1,experimental,experimental
400,26,1,0,experimental,experimental
400,26,1,1,experimental,experimental
400,26,2,1,experimental,experimental
400,26,2,1,experimental,experimental
400,26,2,1,experimental,experimental
400,26,1,0,experimental,experimental
400,26,2,1,experimental,experimental
400,26,1,1,experimental,experimental
400,26,1,1,experimental,experimental
400,26,1,0,experimental,experimental
400,26,1,0,experimental,experimental
400,26,1,0,experimental,experimental
400,26,2,1,experimental,experimental
400,26,2,1,experimental,experimental
400,26,2,1,experimental,experimental
400,26,1,0,experimental,experimental
400,26,1,1,experimental,experimental
400,26,1,1,experimental,experimental
400,26,2,1,experimental,experimental
400,26,1,0,experimental,experimental
400,26,2,1,experimental,experimental
400,26,1,1,experimental,experimental
400,26,1,0,experimental,experimental
400,26,2,1,experimental,experimental
400,26,1,0,experimental,experimental
400,26,1,0,experimental,experimental
400,26,2,1,experimental,experimental
400,26,1,0,experimental,experimental
400,26,1,0,experimental,experimental
400,26,1,0,experimental,experimental
400,26,2,1,experimental,experimental
400,26,2,1,experimental,experimental
400,26,1,1,experimental,experimental
400,26,2,1,experimental,experimental
400,26,1,0,experimental,experimental
400,26,1,1,experimental,experimental
400,26,2,1,experimental,experimental
400,26,1,1,experimental,experimental
400,26,2,1,experimental,experimental
400,26,1,0,experimental,experimental
400,26,2,1,experimental,experimental
400,26,2,1,experimental,experimental
400,26,2,1,experimental,experimental
400,26,2,1,experimental,experimental
400,26,2,1,experimental,experimental
400,26,2,1,experimental,experimental
400,26,1,1,experimental,experimental
400,26,2,1,experimental,experimental
400,26,1,0,experimental,experimental
400,26,2,1,experimental,experimental
400,26,2,1,experimental,experimental
400,26,2,1,experimental,experimental
400,26,2,1,experimental,experimental
400,26,1,0,experimental,experimental
400,26,1,0,experimental,experimental
400,26,1,0,experimental,experimental
400,26,2,1,experimental,experimental
400,26,1,1,experimental,experimental
400,26,2,1,experimental,experimental
400,26,2,1,experimental,experimental
400,26,2,1,experimental,experimental
400,26,2,1,experimental,experimental
400,26,2,1,experimental,experimental
400,26,2,1,experimental,experimental
400,26,2,1,experimental,experimental
400,27,2,0,experimental,experimental
400,27,1,1,experimental,experimental
400,27,2,0,experimental,experimental
400,27,2,1,experimental,experimental
400,27,1,1,experimental,experimental
400,27,2,1,experimental,experimental
400,27,2,1,experimental,experimental
400,27,1,1,experimental,experimental
400,27,2,0,experimental,experimental
400,27,1,1,experimental,experimental
400,27,2,1,experimental,experimental
400,27,1,1,experimental,experimental
400,27,2,1,experimental,experimental
400,27,2,1,experimental,experimental
400,27,1,1,experimental,experimental
400,27,2,0,experimental,experimental
400,27,1,1,experimental,experimental
400,27,1,1,experimental,experimental
400,27,2,1,experimental,experimental
400,27,1,1,experimental,experimental
400,27,2,0,experimental,experimental
400,27,2,0,experimental,experimental
400,27,1,1,experimental,experimental
400,27,1,1,experimental,experimental
400,27,1,1,experimental,experimental
400,27,2,0,experimental,experimental
400,27,2,0,experimental,experimental
400,27,1,1,experimental,experimental
400,27,2,1,experimental,experimental
400,27,1,1,experimental,experimental
400,27,2,0,experimental,experimental
400,27,2,1,experimental,experimental
400,27,1,1,experimental,experimental
400,27,1,1,experimental,experimental
400,27,1,1,experimental,experimental
400,27,2,0,experimental,experimental
400,27,1,1,experimental,experimental
400,27,2,0,experimental,experimental
400,27,1,1,experimental,experimental
400,27,1,1,experimental,experimental
400,27,1,1,experimental,experimental
400,27,2,1,experimental,experimental
400,27,2,0,experimental,experimental
400,27,2,1,experimental,experimental
400,27,2,0,experimental,experimental
400,27,1,1,experimental,experimental
400,27,2,1,experimental,experimental
400,27,1,1,experimental,experimental
400,27,2,1,experimental,experimental
400,27,1,1,experimental,experimental
400,27,1,1,experimental,experimental
400,27,1,1,experimental,experimental
400,27,1,1,experimental,experimental
400,27,2,1,experimental,experimental
400,27,2,1,experimental,experimental
400,27,1,1,experimental,experimental
400,27,1,1,experimental,experimental
400,27,1,1,experimental,experimental
400,27,1,1,experimental,experimental
400,27,2,0,experimental,experimental
400,27,1,1,experimental,experimental
400,27,1,1,experimental,experimental
400,27,1,1,experimental,experimental
400,27,1,1,experimental,experimental
400,27,2,0,experimental,experimental
